<?xml version="1.0"?>
<COLLADA xmlns="http://www.collada.org/2005/11/COLLADASchema" version="1.4.1">
  <asset>
    <contributor>
      <author>Assimp</author>
      <authoring_tool>Assimp Exporter</authoring_tool>
    </contributor>
    <created>2017-10-26T10:38:58</created>
    <modified>2017-10-26T10:38:58</modified>
    <unit name="meter" meter="1" />
    <up_axis>Y_UP</up_axis>
  </asset>
  <library_effects>
    <effect id="Default-fx" name="Default">
      <profile_COMMON>
        <technique sid="standard">
          <phong>
            <diffuse>
              <color sid="diffuse">0.8   0.8   0.8   1</color>
            </diffuse>
          </phong>
        </technique>
      </profile_COMMON>
    </effect>
  </library_effects>
  <library_materials>
    <material id="Default" name="Default">
      <instance_effect url="#Default-fx"/>
    </material>
  </library_materials>
  <library_geometries>
    <geometry id="meshId0" name="meshId0_name" >
      <mesh>
        <source id="meshId0-positions" name="meshId0-positions">
          <float_array id="meshId0-positions-array" count="9087"> 0.0944408 -0.112253 -0.747473 -0.0324495 0.448741 -0.0278429 -0.282374 -0.112253 -0.714506 -0.282374 -0.112253 -0.714506 -0.0324495 0.448741 -0.0278429 -0.592222 -0.112253 -0.497548 -0.592222 -0.112253 -0.497548 -0.0324495 0.448741 -0.0278429 -0.752079 -0.112253 -0.154733 -0.752079 -0.112253 -0.154733 -0.0324495 0.448741 -0.0278429 -0.719112 -0.112253 0.222082 0.527323 -0.112253 0.441862 -0.0324495 0.448741 -0.0278429 0.68718 -0.112253 0.0990473 0.68718 -0.112253 0.0990473 -0.0324495 0.448741 -0.0278429 0.654213 -0.112253 -0.277768 0.654213 -0.112253 -0.277768 -0.0324495 0.448741 -0.0278429 0.437255 -0.112253 -0.587616 0.437255 -0.112253 -0.587616 -0.0324495 0.448741 -0.0278429 0.0944408 -0.112253 -0.747473 -0.290752 -0.739816 -0.738455 -0.293205 -0.739816 -0.745195 0.100106 -0.739816 -0.779605 0.098861 -0.739816 -0.772541 -0.611123 -0.739816 -0.514128 -0.616618 -0.739816 -0.518739 -0.77641 -0.739816 -0.15967 -0.783473 -0.739816 -0.160916 -0.721291 -0.742483 0.218156 -0.749063 -0.739816 0.232396 -0.519988 -0.742483 0.677655 -0.546896 -0.739816 0.693556 0.546445 -0.739816 0.457187 0.55194 -0.739816 0.461798 0.204239 -0.739816 0.826001 0.200125 -0.739816 0.820125 0.711732 -0.739816 0.102729 0.718796 -0.739816 0.103975 0.677645 -0.739816 -0.286884 0.684386 -0.739816 -0.289337 0.453319 -0.739816 -0.607255 0.457929 -0.739816 -0.61275 0.0962132 -0.122421 -0.757525 0.443817 -0.122421 -0.595435 0.463876 -0.225707 -0.619341 0.101632 -0.225707 -0.788258 0.663805 -0.122421 -0.281259 0.69313 -0.225707 -0.291932 0.697232 -0.122421 0.10082 0.727965 -0.225707 0.106239 0.535142 -0.122421 0.448423 0.559048 -0.225707 0.468482 0.219135 -0.122757 0.667257 0.215922 -0.217629 0.685476 -0.506599 -0.122757 0.539291 -0.728704 -0.122421 0.225573 -0.758029 -0.225707 0.236246 -0.509812 -0.217629 0.55751 -0.762131 -0.122421 -0.156505 -0.792864 -0.225707 -0.161925 -0.600041 -0.122421 -0.504109 -0.623947 -0.225707 -0.524169 -0.285865 -0.122421 -0.724098 -0.296539 -0.225707 -0.753422 0.0936068 -0.100721 -0.742743 -0.280732 -0.100721 -0.709993 -0.0324495 0.455671 -0.0278429 -0.280732 -0.100721 -0.709993 -0.588543 -0.100721 -0.494461 -0.0324495 0.455671 -0.0278429 0.459502 -0.228211 -0.614128 0.437255 -0.112253 -0.587616 0.0944408 -0.112253 -0.747473 0.100451 -0.228211 -0.781556 0.686735 -0.228211 -0.289605 0.654213 -0.112253 -0.277768 0.437255 -0.112253 -0.587616 0.721264 -0.228211 0.105057 0.68718 -0.112253 0.0990473 0.654213 -0.112253 -0.277768 0.553836 -0.228211 0.464108 0.527323 -0.112253 0.441862 0.68718 -0.112253 0.0990473 -0.786163 -0.228211 -0.160743 -0.752079 -0.112253 -0.154733 -0.719112 -0.112253 0.222082 -0.734778 -0.229524 0.221901 -0.618734 -0.228211 -0.519794 -0.592222 -0.112253 -0.497548 -0.752079 -0.112253 -0.154733 -0.786163 -0.228211 -0.160743 -0.294211 -0.228211 -0.747028 -0.282374 -0.112253 -0.714506 -0.592222 -0.112253 -0.497548 -0.618734 -0.228211 -0.519794 0.0944408 -0.112253 -0.747473 -0.282374 -0.112253 -0.714506 -0.588543 -0.100721 -0.494461 -0.74735 -0.100721 -0.153899 -0.0324495 0.455671 -0.0278429 -0.74735 -0.100721 -0.153899 -0.714599 -0.100721 0.220439 -0.0324495 0.455671 -0.0278429 -0.714599 -0.100721 0.220439 -0.499067 -0.100721 0.528251 -0.0324495 0.455671 -0.0278429 -0.493577 -0.109153 0.542536 -0.160416 -0.109153 0.697891 -0.0324495 0.455671 -0.0278429 -0.499067 -0.100721 0.528251 0.205787 -0.109153 0.665853 0.215833 -0.100721 0.654307 -0.0324495 0.455671 -0.0278429 -0.160416 -0.109153 0.697891 0.215833 -0.100721 0.654307 0.523644 -0.100721 0.438775 -0.0324495 0.455671 -0.0278429 0.523644 -0.100721 0.438775 0.682451 -0.100721 0.0982133 -0.0324495 0.455671 -0.0278429 0.682451 -0.100721 0.0982133 0.6497 -0.100721 -0.276125 -0.0324495 0.455671 -0.0278429 0.6497 -0.100721 -0.276125 0.434168 -0.100721 -0.583937 -0.0324495 0.455671 -0.0278429 0.434168 -0.100721 -0.583937 0.0936068 -0.100721 -0.742743 -0.0324495 0.455671 -0.0278429 0.429241 -0.499016 -0.578643 0.09237 -0.499016 -0.735729 0.098861 -0.739816 -0.772541 0.453319 -0.739816 -0.607255 0.642438 -0.499016 -0.274167 0.677645 -0.739816 -0.286884 0.674833 -0.499016 0.0961152 0.711732 -0.739816 0.102729 0.517748 -0.499016 0.432987 0.546445 -0.739816 0.457187 0.192816 -0.465513 0.707912 0.213158 -0.221039 0.68035 0.200125 -0.739816 0.820125 -0.689332 -0.50083 0.207032 -0.734778 -0.229524 0.221901 -0.488605 -0.222352 0.54162 -0.478026 -0.467327 0.57651 -0.519988 -0.742483 0.677655 -0.721291 -0.742483 0.218156 -0.739474 -0.499016 -0.153265 -0.786163 -0.228211 -0.160743 -0.77641 -0.739816 -0.15967 -0.582388 -0.499016 -0.490137 -0.786163 -0.228211 -0.160743 -0.611123 -0.739816 -0.514128 -0.277912 -0.499016 -0.703333 -0.290752 -0.739816 -0.738455 -0.28078 -0.497992 -0.711213 0.0938259 -0.497992 -0.743986 0.100106 -0.739816 -0.779605 -0.293205 -0.739816 -0.745195 -0.588811 -0.497992 -0.495527 -0.616618 -0.739816 -0.518739 -0.747731 -0.497992 -0.154721 -0.783473 -0.739816 -0.160916 -0.722158 -0.497303 0.223988 -0.749063 -0.739816 0.232396 -0.478026 -0.467327 0.57651 -0.488605 -0.222352 0.54162 -0.509812 -0.217629 0.55751 -0.507822 -0.463215 0.594368 -0.546896 -0.739816 0.693556 -0.519988 -0.742483 0.677655 -0.507822 -0.463215 0.594368 -0.546896 -0.739816 0.693556 0.196083 -0.463904 0.713112 0.215922 -0.217629 0.685476 0.213158 -0.221039 0.68035 0.192816 -0.465513 0.707912 0.200125 -0.739816 0.820125 0.204239 -0.739816 0.826001 0.524171 -0.497992 0.438376 0.196083 -0.463904 0.713112 0.204239 -0.739816 0.826001 0.55194 -0.739816 0.461798 0.683091 -0.497992 0.097571 0.718796 -0.739816 0.103975 0.650317 -0.497992 -0.277035 0.684386 -0.739816 -0.289337 0.434631 -0.497992 -0.585066 0.457929 -0.739816 -0.61275 0.276445 -0.17584 0.697546 0.28293 -0.154278 0.660766 0.281511 -0.149561 0.668813 0.276445 -0.166405 0.697546 0.28293 -0.154278 0.660766 0.28293 -0.111154 0.660766 0.281511 -0.115871 0.668813 0.281511 -0.149561 0.668813 0.276445 -0.089592 0.697546 0.276445 -0.0990269 0.697546 0.26996 -0.111154 0.734325 0.271379 -0.115871 0.726278 0.26996 -0.154278 0.734325 0.271379 -0.149561 0.726278 -0.5674 -0.17584 0.548753 -0.573885 -0.154278 0.585532 -0.572466 -0.149561 0.577485 -0.5674 -0.166405 0.548753 -0.573885 -0.111154 0.585532 -0.572466 -0.115871 0.577485 -0.5674 -0.089592 0.548753 -0.5674 -0.0990269 0.548753 -0.560915 -0.111154 0.511974 -0.562334 -0.115871 0.52002 -0.560915 -0.154278 0.511974 -0.562334 -0.149561 0.52002 -0.560915 -0.154278 0.511974 -0.562334 -0.149561 0.52002 -0.5674 -0.0990269 0.548753 -0.562334 -0.115871 0.52002 -0.548946 -0.116291 0.523118 -0.553886 -0.0998656 0.551136 -0.562334 -0.115871 0.52002 -0.562334 -0.149561 0.52002 -0.548946 -0.149141 0.523118 -0.548946 -0.116291 0.523118 -0.562334 -0.149561 0.52002 -0.5674 -0.166405 0.548753 -0.553886 -0.165567 0.551136 -0.548946 -0.149141 0.523118 -0.5674 -0.166405 0.548753 -0.572466 -0.149561 0.577485 -0.558827 -0.149141 0.579153 -0.553886 -0.165567 0.551136 -0.572466 -0.149561 0.577485 -0.572466 -0.115871 0.577485 -0.558827 -0.116291 0.579153 -0.558827 -0.149141 0.579153 -0.572466 -0.115871 0.577485 -0.5674 -0.0990269 0.548753 -0.553886 -0.0998656 0.551136 -0.558827 -0.116291 0.579153 0.276445 -0.0990269 0.697546 0.271379 -0.115871 0.726278 0.257991 -0.116291 0.72318 0.262931 -0.0998656 0.695163 0.271379 -0.115871 0.726278 0.271379 -0.149561 0.726278 0.257991 -0.149141 0.72318 0.257991 -0.116291 0.72318 0.271379 -0.149561 0.726278 0.276445 -0.166405 0.697546 0.262931 -0.165567 0.695163 0.257991 -0.149141 0.72318 0.276445 -0.166405 0.697546 0.281511 -0.149561 0.668813 0.267871 -0.149141 0.667145 0.262931 -0.165567 0.695163 0.281511 -0.149561 0.668813 0.281511 -0.115871 0.668813 0.267871 -0.116291 0.667145 0.267871 -0.149141 0.667145 0.281511 -0.115871 0.668813 0.276445 -0.0990269 0.697546 0.262931 -0.0998656 0.695163 0.267871 -0.116291 0.667145 0.262931 -0.0998656 0.695163 0.257991 -0.116291 0.72318 0.258779 -0.118912 0.71871 0.262931 -0.105107 0.695163 0.257991 -0.149141 0.72318 0.258779 -0.146521 0.71871 0.262931 -0.165567 0.695163 0.262931 -0.160325 0.695163 0.267871 -0.149141 0.667145 0.267083 -0.146521 0.671616 0.267871 -0.149141 0.667145 0.267871 -0.116291 0.667145 0.267083 -0.118912 0.671616 0.267083 -0.146521 0.671616 -0.553886 -0.0998656 0.551136 -0.548946 -0.116291 0.523118 -0.549734 -0.118912 0.527589 -0.553886 -0.105107 0.551136 -0.548946 -0.149141 0.523118 -0.549734 -0.146521 0.527589 -0.548946 -0.149141 0.523118 -0.553886 -0.165567 0.551136 -0.553886 -0.160325 0.551136 -0.549734 -0.146521 0.527589 -0.558827 -0.149141 0.579153 -0.558038 -0.146521 0.574683 -0.558827 -0.116291 0.579153 -0.558038 -0.118912 0.574683 -0.553886 -0.105107 0.551136 -0.549734 -0.118912 0.527589 -0.560245 -0.118912 0.525736 -0.564397 -0.105107 0.549282 -0.549734 -0.118912 0.527589 -0.549734 -0.146521 0.527589 -0.560245 -0.146521 0.525736 -0.560245 -0.118912 0.525736 -0.549734 -0.146521 0.527589 -0.553886 -0.160325 0.551136 -0.564397 -0.160325 0.549282 -0.560245 -0.146521 0.525736 -0.553886 -0.160325 0.551136 -0.558038 -0.146521 0.574683 -0.568549 -0.146521 0.572829 -0.564397 -0.160325 0.549282 -0.558038 -0.146521 0.574683 -0.558038 -0.118912 0.574683 -0.568549 -0.118912 0.572829 -0.568549 -0.146521 0.572829 -0.558038 -0.118912 0.574683 -0.553886 -0.105107 0.551136 -0.564397 -0.105107 0.549282 -0.568549 -0.118912 0.572829 0.262931 -0.105107 0.695163 0.258779 -0.118912 0.71871 0.26929 -0.118912 0.720563 0.273442 -0.105107 0.697016 0.258779 -0.118912 0.71871 0.258779 -0.146521 0.71871 0.26929 -0.146521 0.720563 0.26929 -0.118912 0.720563 0.258779 -0.146521 0.71871 0.262931 -0.160325 0.695163 0.273442 -0.160325 0.697016 0.26929 -0.146521 0.720563 0.262931 -0.160325 0.695163 0.267083 -0.146521 0.671616 0.277593 -0.146521 0.673469 0.273442 -0.160325 0.697016 0.267083 -0.146521 0.671616 0.267083 -0.118912 0.671616 0.277593 -0.118912 0.673469 0.277593 -0.146521 0.673469 0.267083 -0.118912 0.671616 0.262931 -0.105107 0.695163 0.273442 -0.105107 0.697016 0.277593 -0.118912 0.673469 0.273442 -0.105107 0.697016 0.26929 -0.118912 0.720563 0.270488 -0.122895 0.713768 0.273442 -0.113074 0.697016 0.26929 -0.146521 0.720563 0.270488 -0.142537 0.713768 0.273442 -0.160325 0.697016 0.273442 -0.152358 0.697016 0.277593 -0.146521 0.673469 0.276395 -0.142537 0.680264 0.277593 -0.146521 0.673469 0.277593 -0.118912 0.673469 0.276395 -0.122895 0.680264 0.276395 -0.142537 0.680264 -0.564397 -0.105107 0.549282 -0.560245 -0.118912 0.525736 -0.561443 -0.122895 0.532531 -0.564397 -0.113074 0.549282 -0.560245 -0.146521 0.525736 -0.561443 -0.142537 0.532531 -0.560245 -0.146521 0.525736 -0.564397 -0.160325 0.549282 -0.564397 -0.152358 0.549282 -0.561443 -0.142537 0.532531 -0.568549 -0.146521 0.572829 -0.567351 -0.142537 0.566034 -0.568549 -0.118912 0.572829 -0.567351 -0.122895 0.566034 -0.564397 -0.113074 0.549282 -0.561443 -0.122895 0.532531 -0.550182 -0.122895 0.534516 -0.553136 -0.113074 0.551268 -0.561443 -0.122895 0.532531 -0.561443 -0.142537 0.532531 -0.550182 -0.142537 0.534516 -0.550182 -0.122895 0.534516 -0.561443 -0.142537 0.532531 -0.564397 -0.152358 0.549282 -0.553136 -0.152358 0.551268 -0.550182 -0.142537 0.534516 -0.564397 -0.152358 0.549282 -0.567351 -0.142537 0.566034 -0.556089 -0.142537 0.56802 -0.553136 -0.152358 0.551268 -0.567351 -0.142537 0.566034 -0.567351 -0.122895 0.566034 -0.556089 -0.122895 0.56802 -0.556089 -0.142537 0.56802 -0.567351 -0.122895 0.566034 -0.564397 -0.113074 0.549282 -0.553136 -0.113074 0.551268 -0.556089 -0.122895 0.56802 0.273442 -0.113074 0.697016 0.270488 -0.122895 0.713768 0.259227 -0.122895 0.711782 0.26218 -0.113074 0.69503 0.270488 -0.122895 0.713768 0.270488 -0.142537 0.713768 0.259227 -0.142537 0.711782 0.259227 -0.122895 0.711782 0.270488 -0.142537 0.713768 0.273442 -0.152358 0.697016 0.26218 -0.152358 0.69503 0.259227 -0.142537 0.711782 0.273442 -0.152358 0.697016 0.276395 -0.142537 0.680264 0.265134 -0.142537 0.678279 0.26218 -0.152358 0.69503 0.276395 -0.142537 0.680264 0.276395 -0.122895 0.680264 0.265134 -0.122895 0.678279 0.265134 -0.142537 0.678279 0.276395 -0.122895 0.680264 0.273442 -0.113074 0.697016 0.26218 -0.113074 0.69503 0.265134 -0.122895 0.678279 0.26218 -0.113074 0.69503 0.259227 -0.122895 0.711782 0.25992 -0.125202 0.707848 0.26218 -0.117687 0.69503 0.259227 -0.142537 0.711782 0.25992 -0.140231 0.707848 0.26218 -0.152358 0.69503 0.26218 -0.147745 0.69503 0.265134 -0.142537 0.678279 0.264441 -0.140231 0.682213 0.265134 -0.142537 0.678279 0.265134 -0.122895 0.678279 0.264441 -0.125202 0.682213 0.264441 -0.140231 0.682213 -0.553136 -0.113074 0.551268 -0.550182 -0.122895 0.534516 -0.550875 -0.125202 0.53845 -0.553136 -0.117687 0.551268 -0.550182 -0.142537 0.534516 -0.550875 -0.140231 0.53845 -0.550182 -0.142537 0.534516 -0.553136 -0.152358 0.551268 -0.553136 -0.147745 0.551268 -0.550875 -0.140231 0.53845 -0.556089 -0.142537 0.56802 -0.555396 -0.140231 0.564086 -0.556089 -0.122895 0.56802 -0.555396 -0.125202 0.564086 -0.553136 -0.117687 0.551268 -0.550875 -0.125202 0.53845 -0.564764 -0.125202 0.536001 -0.567025 -0.117687 0.548819 -0.550875 -0.125202 0.53845 -0.550875 -0.140231 0.53845 -0.564764 -0.140231 0.536001 -0.564764 -0.125202 0.536001 -0.550875 -0.140231 0.53845 -0.553136 -0.147745 0.551268 -0.567025 -0.147745 0.548819 -0.564764 -0.140231 0.536001 -0.553136 -0.147745 0.551268 -0.555396 -0.140231 0.564086 -0.569285 -0.140231 0.561637 -0.567025 -0.147745 0.548819 -0.555396 -0.140231 0.564086 -0.555396 -0.125202 0.564086 -0.569285 -0.125202 0.561637 -0.569285 -0.140231 0.561637 -0.555396 -0.125202 0.564086 -0.553136 -0.117687 0.551268 -0.567025 -0.117687 0.548819 -0.569285 -0.125202 0.561637 0.26218 -0.117687 0.69503 0.25992 -0.125202 0.707848 0.273809 -0.125202 0.710297 0.276069 -0.117687 0.697479 0.25992 -0.125202 0.707848 0.25992 -0.140231 0.707848 0.273809 -0.140231 0.710297 0.273809 -0.125202 0.710297 0.25992 -0.140231 0.707848 0.26218 -0.147745 0.69503 0.276069 -0.147745 0.697479 0.273809 -0.140231 0.710297 0.26218 -0.147745 0.69503 0.264441 -0.140231 0.682213 0.278329 -0.140231 0.684662 0.276069 -0.147745 0.697479 0.264441 -0.140231 0.682213 0.264441 -0.125202 0.682213 0.278329 -0.125202 0.684662 0.278329 -0.140231 0.684662 0.264441 -0.125202 0.682213 0.26218 -0.117687 0.69503 0.276069 -0.117687 0.697479 0.278329 -0.125202 0.684662 0.276069 -0.117687 0.697479 0.273809 -0.125202 0.710297 0.274708 -0.128189 0.705201 0.276069 -0.123663 0.697479 0.273809 -0.140231 0.710297 0.274708 -0.137243 0.705201 0.276069 -0.147745 0.697479 0.276069 -0.14177 0.697479 0.278329 -0.140231 0.684662 0.277431 -0.137243 0.689758 0.278329 -0.140231 0.684662 0.278329 -0.125202 0.684662 0.277431 -0.128189 0.689758 0.277431 -0.137243 0.689758 -0.567025 -0.117687 0.548819 -0.564764 -0.125202 0.536001 -0.565663 -0.128189 0.541098 -0.567025 -0.123663 0.548819 -0.564764 -0.140231 0.536001 -0.565663 -0.137243 0.541098 -0.564764 -0.140231 0.536001 -0.567025 -0.147745 0.548819 -0.567025 -0.14177 0.548819 -0.565663 -0.137243 0.541098 -0.569285 -0.140231 0.561637 -0.568386 -0.137243 0.556541 -0.569285 -0.125202 0.561637 -0.568386 -0.128189 0.556541 -0.567025 -0.123663 0.548819 -0.565663 -0.128189 0.541098 -0.549522 -0.128189 0.543944 -0.550883 -0.123663 0.551665 -0.565663 -0.128189 0.541098 -0.565663 -0.137243 0.541098 -0.549522 -0.137243 0.543944 -0.549522 -0.128189 0.543944 -0.565663 -0.137243 0.541098 -0.567025 -0.14177 0.548819 -0.550883 -0.14177 0.551665 -0.549522 -0.137243 0.543944 -0.567025 -0.14177 0.548819 -0.568386 -0.137243 0.556541 -0.552245 -0.137243 0.559387 -0.550883 -0.14177 0.551665 -0.568386 -0.137243 0.556541 -0.568386 -0.128189 0.556541 -0.552245 -0.128189 0.559387 -0.552245 -0.137243 0.559387 -0.568386 -0.128189 0.556541 -0.567025 -0.123663 0.548819 -0.550883 -0.123663 0.551665 -0.552245 -0.128189 0.559387 0.276069 -0.123663 0.697479 0.274708 -0.128189 0.705201 0.258567 -0.128189 0.702355 0.259928 -0.123663 0.694633 0.274708 -0.128189 0.705201 0.274708 -0.137243 0.705201 0.258567 -0.137243 0.702355 0.258567 -0.128189 0.702355 0.274708 -0.137243 0.705201 0.276069 -0.14177 0.697479 0.259928 -0.14177 0.694633 0.258567 -0.137243 0.702355 0.276069 -0.14177 0.697479 0.277431 -0.137243 0.689758 0.26129 -0.137243 0.686912 0.259928 -0.14177 0.694633 0.277431 -0.137243 0.689758 0.277431 -0.128189 0.689758 0.26129 -0.128189 0.686912 0.26129 -0.137243 0.686912 0.277431 -0.128189 0.689758 0.276069 -0.123663 0.697479 0.259928 -0.123663 0.694633 0.26129 -0.128189 0.686912 -0.318811 -0.587521 -0.278019 0.322208 -0.587521 -0.16499 0.253913 -0.587521 0.222333 -0.387107 -0.587521 0.109304 -0.318811 -0.547672 -0.278019 0.322208 -0.547672 -0.16499 0.322208 -0.587521 -0.16499 -0.318811 -0.587521 -0.278019 0.322208 -0.547672 -0.16499 0.253913 -0.547672 0.222333 0.253913 -0.587521 0.222333 0.322208 -0.587521 -0.16499 0.253913 -0.547672 0.222333 -0.387107 -0.547672 0.109304 -0.387107 -0.587521 0.109304 0.253913 -0.587521 0.222333 -0.387107 -0.547672 0.109304 -0.318811 -0.547672 -0.278019 -0.318811 -0.587521 -0.278019 -0.387107 -0.587521 0.109304 -0.318811 -0.547672 -0.278019 -0.387107 -0.547672 0.109304 0.253913 -0.547672 0.222333 0.322208 -0.547672 -0.16499 -0.373078 -0.581457 0.0730727 -0.344072 -0.581457 0.0781872 -0.344072 -0.741202 0.0781872 -0.373078 -0.741202 0.0730727 -0.344072 -0.581457 0.0781872 -0.349187 -0.581457 0.107194 -0.349187 -0.741202 0.107194 -0.344072 -0.741202 0.0781872 -0.349187 -0.581457 0.107194 -0.378193 -0.581457 0.102079 -0.378193 -0.741202 0.102079 -0.349187 -0.741202 0.107194 -0.378193 -0.581457 0.102079 -0.373078 -0.581457 0.0730727 -0.373078 -0.741202 0.0730727 -0.378193 -0.741202 0.102079 0.253122 -0.581457 0.183488 0.253122 -0.741202 0.183488 0.224116 -0.741202 0.178374 0.224116 -0.581457 0.178374 0.224116 -0.581457 0.178374 0.224116 -0.741202 0.178374 0.219001 -0.741202 0.207381 0.219001 -0.581457 0.207381 0.219001 -0.581457 0.207381 0.219001 -0.741202 0.207381 0.248008 -0.741202 0.212495 0.248008 -0.581457 0.212495 0.248008 -0.581457 0.212495 0.248008 -0.741202 0.212495 0.253122 -0.741202 0.183488 0.253122 -0.581457 0.183488 -0.318021 -0.581457 -0.239174 -0.318021 -0.741202 -0.239174 -0.289014 -0.741202 -0.23406 -0.289014 -0.581457 -0.23406 -0.289014 -0.581457 -0.23406 -0.289014 -0.741202 -0.23406 -0.2839 -0.741202 -0.263067 -0.2839 -0.581457 -0.263067 -0.2839 -0.581457 -0.263067 -0.2839 -0.741202 -0.263067 -0.312906 -0.741202 -0.268181 -0.312906 -0.581457 -0.268181 -0.312906 -0.581457 -0.268181 -0.312906 -0.741202 -0.268181 -0.318021 -0.741202 -0.239174 -0.318021 -0.581457 -0.239174 0.30818 -0.581457 -0.128758 0.279173 -0.581457 -0.133873 0.279173 -0.741202 -0.133873 0.30818 -0.741202 -0.128758 0.279173 -0.581457 -0.133873 0.284288 -0.581457 -0.16288 0.284288 -0.741202 -0.16288 0.279173 -0.741202 -0.133873 0.284288 -0.581457 -0.16288 0.313294 -0.581457 -0.157765 0.313294 -0.741202 -0.157765 0.284288 -0.741202 -0.16288 0.313294 -0.581457 -0.157765 0.30818 -0.581457 -0.128758 0.30818 -0.741202 -0.128758 0.313294 -0.741202 -0.157765 0.285659 -0.627371 0.0536166 0.45597 -0.627371 -0.0656363 0.575222 -0.627371 0.104674 0.404912 -0.627371 0.223927 0.285659 -0.604847 0.0536166 0.45597 -0.604847 -0.0656363 0.45597 -0.627371 -0.0656363 0.285659 -0.627371 0.0536166 0.45597 -0.604847 -0.0656363 0.575222 -0.604847 0.104674 0.575222 -0.627371 0.104674 0.45597 -0.627371 -0.0656363 0.575222 -0.604847 0.104674 0.404912 -0.604847 0.223927 0.404912 -0.627371 0.223927 0.575222 -0.627371 0.104674 0.404912 -0.604847 0.223927 0.285659 -0.604847 0.0536166 0.285659 -0.627371 0.0536166 0.404912 -0.627371 0.223927 0.285659 -0.604847 0.0536166 0.404912 -0.604847 0.223927 0.575222 -0.604847 0.104674 0.45597 -0.604847 -0.0656363 0.390501 -0.623039 0.192773 0.414628 -0.623039 0.175879 0.414628 -0.741202 0.175879 0.390501 -0.741202 0.192773 0.414628 -0.623039 0.175879 0.431522 -0.623039 0.200006 0.431522 -0.741202 0.200006 0.414628 -0.741202 0.175879 0.431522 -0.623039 0.200006 0.407395 -0.623039 0.216901 0.407395 -0.741202 0.216901 0.431522 -0.741202 0.200006 0.407395 -0.623039 0.216901 0.390501 -0.623039 0.192773 0.390501 -0.741202 0.192773 0.407395 -0.741202 0.216901 0.529588 -0.623039 0.0953838 0.553715 -0.623039 0.0784894 0.553715 -0.741202 0.0784894 0.529588 -0.741202 0.0953838 0.553715 -0.623039 0.0784894 0.570609 -0.623039 0.102617 0.570609 -0.741202 0.102617 0.553715 -0.741202 0.0784894 0.570609 -0.623039 0.102617 0.546482 -0.623039 0.119511 0.546482 -0.741202 0.119511 0.570609 -0.741202 0.102617 0.546482 -0.623039 0.119511 0.529588 -0.623039 0.0953838 0.529588 -0.741202 0.0953838 0.546482 -0.741202 0.119511 0.293111 -0.623039 0.0536864 0.317238 -0.623039 0.0367922 0.317238 -0.741202 0.0367922 0.293111 -0.741202 0.0536864 0.317238 -0.623039 0.0367922 0.334132 -0.623039 0.0609196 0.334132 -0.741202 0.0609196 0.317238 -0.741202 0.0367922 0.334132 -0.623039 0.0609196 0.310005 -0.623039 0.0778139 0.310005 -0.741202 0.0778139 0.334132 -0.741202 0.0609196 0.310005 -0.623039 0.0778139 0.293111 -0.623039 0.0536864 0.293111 -0.741202 0.0536864 0.310005 -0.741202 0.0778139 0.432198 -0.623039 -0.0437034 0.456325 -0.623039 -0.0605974 0.456325 -0.741202 -0.0605974 0.432198 -0.741202 -0.0437034 0.456325 -0.623039 -0.0605974 0.473219 -0.623039 -0.0364702 0.473219 -0.741202 -0.0364702 0.456325 -0.741202 -0.0605974 0.473219 -0.623039 -0.0364702 0.449092 -0.623039 -0.019576 0.449092 -0.741202 -0.019576 0.473219 -0.741202 -0.0364702 0.449092 -0.623039 -0.019576 0.432198 -0.623039 -0.0437034 0.432198 -0.741202 -0.0437034 0.449092 -0.741202 -0.019576 0.549457 -0.392605 0.0814707 0.573585 -0.392605 0.0645767 0.553715 -0.611258 0.0784894 0.529588 -0.611258 0.0953838 0.573585 -0.392605 0.0645767 0.590479 -0.392605 0.088704 0.570609 -0.611258 0.102617 0.553715 -0.611258 0.0784894 0.590479 -0.392605 0.088704 0.566351 -0.392605 0.105598 0.546482 -0.611258 0.119511 0.570609 -0.611258 0.102617 0.566351 -0.392605 0.105598 0.549457 -0.392605 0.0814707 0.529588 -0.611258 0.0953838 0.546482 -0.611258 0.119511 0.452067 -0.392605 -0.0576162 0.476195 -0.392605 -0.0745105 0.456325 -0.611258 -0.0605974 0.432198 -0.611258 -0.0437034 0.476195 -0.392605 -0.0745105 0.493089 -0.392605 -0.050383 0.473219 -0.611258 -0.0364702 0.456325 -0.611258 -0.0605974 0.493089 -0.392605 -0.050383 0.468962 -0.392605 -0.0334889 0.449092 -0.611258 -0.019576 0.473219 -0.611258 -0.0364702 0.468962 -0.392605 -0.0334889 0.452067 -0.392605 -0.0576162 0.432198 -0.611258 -0.0437034 0.449092 -0.611258 -0.019576 0.468962 -0.392605 -0.0334889 0.493089 -0.392605 -0.050383 0.476195 -0.392605 -0.0745105 0.452067 -0.392605 -0.0576162 0.573585 -0.392605 0.0645767 0.549457 -0.392605 0.0814707 0.566351 -0.392605 0.105598 0.590479 -0.392605 0.088704 0.457529 -0.511828 -0.03169 0.474904 -0.515028 -0.0465689 0.563931 -0.514931 0.0817724 0.546556 -0.511731 0.0966512 0.474904 -0.515028 -0.0465689 0.47754 -0.492131 -0.0484146 0.566567 -0.492035 0.0799268 0.563931 -0.514931 0.0817724 0.47754 -0.492131 -0.0484146 0.460165 -0.488932 -0.0335357 0.549192 -0.488835 0.0948056 0.566567 -0.492035 0.0799268 0.460165 -0.488932 -0.0335357 0.457529 -0.511828 -0.03169 0.546556 -0.511731 0.0966512 0.549192 -0.488835 0.0948056 0.466181 -0.421634 -0.0377647 0.483556 -0.424833 -0.0526437 0.572582 -0.424737 0.0756979 0.555207 -0.421537 0.0905765 0.483556 -0.424833 -0.0526437 0.486192 -0.401937 -0.0544891 0.575218 -0.40184 0.0738521 0.572582 -0.424737 0.0756979 0.486192 -0.401937 -0.0544891 0.468817 -0.398737 -0.0396104 0.557843 -0.398641 0.0887307 0.575218 -0.40184 0.0738521 0.468817 -0.398737 -0.0396104 0.466181 -0.421634 -0.0377647 0.555207 -0.421537 0.0905765 0.557843 -0.398641 0.0887307 -0.165224 -0.627371 -0.230357 -0.183345 -0.627371 -0.437476 0.023775 -0.627371 -0.455597 0.0418956 -0.627371 -0.248477 -0.165224 -0.604847 -0.230357 -0.183345 -0.604847 -0.437476 -0.183345 -0.627371 -0.437476 -0.165224 -0.627371 -0.230357 -0.183345 -0.604847 -0.437476 0.023775 -0.604847 -0.455597 0.023775 -0.627371 -0.455597 -0.183345 -0.627371 -0.437476 0.023775 -0.604847 -0.455597 0.0418956 -0.604847 -0.248477 0.0418956 -0.627371 -0.248477 0.023775 -0.627371 -0.455597 0.0418956 -0.604847 -0.248477 -0.165224 -0.604847 -0.230357 -0.165224 -0.627371 -0.230357 0.0418956 -0.627371 -0.248477 -0.165224 -0.604847 -0.230357 0.0418956 -0.604847 -0.248477 0.023775 -0.604847 -0.455597 -0.183345 -0.604847 -0.437476 0.00771022 -0.623039 -0.251574 0.00514305 -0.623039 -0.280915 0.00514305 -0.741202 -0.280915 0.00771022 -0.741202 -0.251574 0.00514305 -0.623039 -0.280915 0.0344851 -0.623039 -0.283482 0.0344851 -0.741202 -0.283482 0.00514305 -0.741202 -0.280915 0.0344851 -0.623039 -0.283482 0.0370522 -0.623039 -0.254141 0.0370522 -0.741202 -0.254141 0.0344851 -0.741202 -0.283482 0.0370522 -0.623039 -0.254141 0.00771022 -0.623039 -0.251574 0.00771022 -0.741202 -0.251574 0.0370522 -0.741202 -0.254141 -0.00708842 -0.623039 -0.420722 -0.00965548 -0.623039 -0.450063 -0.00965548 -0.741202 -0.450063 -0.00708842 -0.741202 -0.420722 -0.00965548 -0.623039 -0.450063 0.0196865 -0.623039 -0.452631 0.0196865 -0.741202 -0.452631 -0.00965548 -0.741202 -0.450063 0.0196865 -0.623039 -0.452631 0.0222536 -0.623039 -0.423288 0.0222536 -0.741202 -0.423288 0.0196865 -0.741202 -0.452631 0.0222536 -0.623039 -0.423288 -0.00708842 -0.623039 -0.420722 -0.00708842 -0.741202 -0.420722 0.0222536 -0.741202 -0.423288 -0.161438 -0.623039 -0.236775 -0.164005 -0.623039 -0.266117 -0.164005 -0.741202 -0.266117 -0.161438 -0.741202 -0.236775 -0.164005 -0.623039 -0.266117 -0.134663 -0.623039 -0.268684 -0.134663 -0.741202 -0.268684 -0.164005 -0.741202 -0.266117 -0.134663 -0.623039 -0.268684 -0.132096 -0.623039 -0.239342 -0.132096 -0.741202 -0.239342 -0.134663 -0.741202 -0.268684 -0.132096 -0.623039 -0.239342 -0.161438 -0.623039 -0.236775 -0.161438 -0.741202 -0.236775 -0.132096 -0.741202 -0.239342 -0.176236 -0.623039 -0.405923 -0.178803 -0.623039 -0.435265 -0.178803 -0.741202 -0.435265 -0.176236 -0.741202 -0.405923 -0.178803 -0.623039 -0.435265 -0.149461 -0.623039 -0.437832 -0.149461 -0.741202 -0.437832 -0.178803 -0.741202 -0.435265 -0.149461 -0.623039 -0.437832 -0.146894 -0.623039 -0.40849 -0.146894 -0.741202 -0.40849 -0.149461 -0.741202 -0.437832 -0.146894 -0.623039 -0.40849 -0.176236 -0.623039 -0.405923 -0.176236 -0.741202 -0.405923 -0.146894 -0.741202 -0.40849 -0.00920236 -0.392605 -0.444885 -0.0117695 -0.392605 -0.474227 -0.00965548 -0.611258 -0.450063 -0.00708842 -0.611258 -0.420722 -0.0117695 -0.392605 -0.474227 0.0175724 -0.392605 -0.476794 0.0196865 -0.611258 -0.452631 -0.00965548 -0.611258 -0.450063 0.0175724 -0.392605 -0.476794 0.0201395 -0.392605 -0.447453 0.0222536 -0.611258 -0.423288 0.0196865 -0.611258 -0.452631 0.0201395 -0.392605 -0.447453 -0.00920236 -0.392605 -0.444885 -0.00708842 -0.611258 -0.420722 0.0222536 -0.611258 -0.423288 -0.17835 -0.392605 -0.430087 -0.180917 -0.392605 -0.459429 -0.178803 -0.611258 -0.435265 -0.176236 -0.611258 -0.405923 -0.180917 -0.392605 -0.459429 -0.151575 -0.392605 -0.461996 -0.149461 -0.611258 -0.437832 -0.178803 -0.611258 -0.435265 -0.151575 -0.392605 -0.461996 -0.149008 -0.392605 -0.432654 -0.146894 -0.611258 -0.40849 -0.149461 -0.611258 -0.437832 -0.149008 -0.392605 -0.432654 -0.17835 -0.392605 -0.430087 -0.176236 -0.611258 -0.405923 -0.146894 -0.611258 -0.40849 -0.149008 -0.392605 -0.432654 -0.151575 -0.392605 -0.461996 -0.180917 -0.392605 -0.459429 -0.17835 -0.392605 -0.430087 -0.0117695 -0.392605 -0.474227 -0.00920236 -0.392605 -0.444885 0.0201395 -0.392605 -0.447453 0.0175724 -0.392605 -0.476794 -0.153166 -0.511828 -0.421854 -0.157364 -0.515028 -0.444341 -0.00170434 -0.514931 -0.45727 0.00249362 -0.511731 -0.434783 -0.157364 -0.515028 -0.444341 -0.157645 -0.492131 -0.447546 -0.00198472 -0.492035 -0.460475 -0.00170434 -0.514931 -0.45727 -0.157645 -0.492131 -0.447546 -0.153447 -0.488932 -0.42506 0.00221312 -0.488835 -0.437988 -0.00198472 -0.492035 -0.460475 -0.153447 -0.488932 -0.42506 -0.153166 -0.511828 -0.421854 0.00249362 -0.511731 -0.434783 0.00221312 -0.488835 -0.437988 -0.154102 -0.421634 -0.432384 -0.1583 -0.424833 -0.45487 -0.00263953 -0.424737 -0.467799 0.00155842 -0.421537 -0.445312 -0.1583 -0.424833 -0.45487 -0.15858 -0.401937 -0.458076 -0.00292003 -0.40184 -0.471005 -0.00263953 -0.424737 -0.467799 -0.15858 -0.401937 -0.458076 -0.154382 -0.398737 -0.435589 0.00127804 -0.398641 -0.448518 -0.00292003 -0.40184 -0.471005 -0.154382 -0.398737 -0.435589 -0.154102 -0.421634 -0.432384 0.00155842 -0.421537 -0.445312 0.00127804 -0.398641 -0.448518 -0.489442 -0.103262 0.513496 -0.460436 -0.103262 0.518611 -0.460436 -0.741202 0.518611 -0.489442 -0.741202 0.513496 -0.460436 -0.103262 0.518611 -0.46555 -0.103262 0.547617 -0.46555 -0.741202 0.547617 -0.460436 -0.741202 0.518611 -0.46555 -0.103262 0.547617 -0.494557 -0.103262 0.542503 -0.494557 -0.741202 0.542503 -0.46555 -0.741202 0.547617 -0.494557 -0.103262 0.542503 -0.489442 -0.103262 0.513496 -0.489442 -0.741202 0.513496 -0.494557 -0.741202 0.542503 -0.729211 -0.103262 -0.162136 -0.700204 -0.103262 -0.157022 -0.700204 -0.741202 -0.157022 -0.729211 -0.741202 -0.162136 -0.700204 -0.103262 -0.157022 -0.705319 -0.103262 -0.128015 -0.705319 -0.741202 -0.128015 -0.700204 -0.741202 -0.157022 -0.705319 -0.103262 -0.128015 -0.734326 -0.103262 -0.13313 -0.734326 -0.741202 -0.13313 -0.705319 -0.741202 -0.128015 -0.734326 -0.103262 -0.13313 -0.729211 -0.103262 -0.162136 -0.729211 -0.741202 -0.162136 -0.734326 -0.741202 -0.13313 -0.280043 -0.103262 -0.674067 -0.251036 -0.103262 -0.668952 -0.251036 -0.741202 -0.668952 -0.280043 -0.741202 -0.674067 -0.251036 -0.103262 -0.668952 -0.256151 -0.103262 -0.639946 -0.256151 -0.741202 -0.639946 -0.251036 -0.741202 -0.668952 -0.256151 -0.103262 -0.639946 -0.285157 -0.103262 -0.64506 -0.285157 -0.741202 -0.64506 -0.256151 -0.741202 -0.639946 -0.285157 -0.103262 -0.64506 -0.280043 -0.103262 -0.674067 -0.280043 -0.741202 -0.674067 -0.285157 -0.741202 -0.64506 0.211835 -0.103262 0.63715 0.211835 -0.741202 0.63715 0.182828 -0.741202 0.632035 0.182828 -0.103262 0.632035 0.182828 -0.103262 0.632035 0.182828 -0.741202 0.632035 0.177713 -0.741202 0.661042 0.177713 -0.103262 0.661042 0.177713 -0.103262 0.661042 0.177713 -0.741202 0.661042 0.20672 -0.741202 0.666157 0.20672 -0.103262 0.666157 0.20672 -0.103262 0.666157 0.20672 -0.741202 0.666157 0.211835 -0.741202 0.63715 0.211835 -0.103262 0.63715 0.668223 -0.103262 0.0842692 0.668223 -0.741202 0.0842692 0.639217 -0.741202 0.0791544 0.639217 -0.103262 0.0791544 0.639217 -0.103262 0.0791544 0.639217 -0.741202 0.0791544 0.634102 -0.741202 0.108161 0.634102 -0.103262 0.108161 0.634102 -0.103262 0.108161 0.634102 -0.741202 0.108161 0.663109 -0.741202 0.113276 0.663109 -0.103262 0.113276 0.663109 -0.103262 0.113276 0.663109 -0.741202 0.113276 0.668223 -0.741202 0.0842692 0.668223 -0.103262 0.0842692 0.421234 -0.103262 -0.550413 0.421234 -0.741202 -0.550413 0.392227 -0.741202 -0.555528 0.392227 -0.103262 -0.555528 0.392227 -0.103262 -0.555528 0.392227 -0.741202 -0.555528 0.387112 -0.741202 -0.526521 0.387112 -0.103262 -0.526521 0.387112 -0.103262 -0.526521 0.387112 -0.741202 -0.526521 0.416119 -0.741202 -0.521407 0.416119 -0.103262 -0.521407 0.416119 -0.103262 -0.521407 0.416119 -0.741202 -0.521407 0.421234 -0.741202 -0.550413 0.421234 -0.103262 -0.550413 0.0917487 -0.142943 -0.732205 0.42729 -0.142943 -0.57574 0.415271 -0.11579 -0.561416 0.0885017 -0.11579 -0.713791 0.428422 -0.101702 -0.577088 0.415271 -0.11579 -0.561416 0.604187 -0.11579 -0.291617 0.623411 -0.101702 -0.298614 0.644017 -0.101702 -0.241999 0.624793 -0.11579 -0.235002 0.653499 -0.11579 0.0931083 0.673646 -0.101702 0.0966609 0.514306 -0.115791 0.391608 0.529975 -0.101702 0.404764 0.491269 -0.101781 0.450945 0.475535 -0.115688 0.437696 0.200265 -0.114584 0.629409 0.212369 -0.102639 0.646706 0.216442 -0.130199 0.662888 0.204468 -0.142168 0.645518 0.489783 -0.142888 0.449486 0.505477 -0.128965 0.462798 0.544299 -0.128855 0.416782 0.528667 -0.142953 0.403561 0.671913 -0.142943 0.0963551 0.69206 -0.128855 0.0999078 0.642363 -0.142943 -0.241397 0.661588 -0.128855 -0.248395 0.640982 -0.128855 -0.305009 0.621757 -0.142943 -0.298012 0.42729 -0.142943 -0.57574 0.440441 -0.128855 -0.591411 -0.270677 -0.11579 -0.682367 -0.277072 -0.142943 -0.699938 0.0920544 -0.101702 -0.733939 -0.277674 -0.101702 -0.701592 -0.270677 -0.11579 -0.682367 0.0885017 -0.11579 -0.713791 -0.284069 -0.128855 -0.719162 -0.277072 -0.142943 -0.699938 -0.554799 -0.142943 -0.505471 -0.570471 -0.128855 -0.518621 -0.609198 -0.128855 -0.472468 -0.593526 -0.142943 -0.459318 -0.736812 -0.142943 -0.152041 -0.756959 -0.128855 -0.155594 -0.707275 -0.142953 0.185631 -0.726487 -0.128855 0.192709 -0.705745 -0.128965 0.249227 -0.686444 -0.142888 0.242086 -0.485381 -0.142168 0.523879 -0.502574 -0.130199 0.536107 -0.493213 -0.102639 0.522293 -0.502574 -0.130199 0.536107 -0.485381 -0.142168 0.523879 -0.475923 -0.114584 0.510179 -0.493213 -0.102639 0.522293 -0.475923 -0.114584 0.510179 -0.669022 -0.115688 0.23588 -0.688339 -0.101781 0.242948 -0.708916 -0.101702 0.186314 -0.689693 -0.115791 0.179311 -0.718397 -0.11579 -0.148794 -0.738545 -0.101702 -0.152347 -0.579202 -0.11579 -0.447299 -0.594874 -0.101702 -0.46045 -0.556148 -0.101702 -0.506602 -0.540476 -0.11579 -0.493452 0.0953013 -0.128855 -0.752353 0.0917487 -0.142943 -0.732205 -0.540476 -0.11579 -0.493452 -0.554799 -0.142943 -0.505471 -0.593526 -0.142943 -0.459318 -0.579202 -0.11579 -0.447299 -0.718397 -0.11579 -0.148794 -0.736812 -0.142943 -0.152041 -0.689693 -0.115791 0.179311 -0.707275 -0.142953 0.185631 -0.686444 -0.142888 0.242086 -0.669022 -0.115688 0.23588 -0.475923 -0.114584 0.510179 -0.485381 -0.142168 0.523879 0.216442 -0.130199 0.662888 0.212369 -0.102639 0.646706 0.200265 -0.114584 0.629409 0.204468 -0.142168 0.645518 0.200265 -0.114584 0.629409 0.475535 -0.115688 0.437696 0.489783 -0.142888 0.449486 0.204468 -0.142168 0.645518 0.528667 -0.142953 0.403561 0.514306 -0.115791 0.391608 0.653499 -0.11579 0.0931083 0.671913 -0.142943 0.0963551 0.624793 -0.11579 -0.235002 0.642363 -0.142943 -0.241397 0.621757 -0.142943 -0.298012 0.604187 -0.11579 -0.291617 0.623411 -0.101702 -0.298614 0.604187 -0.11579 -0.291617 -0.0505499 0.406474 -0.0543097 -0.0313253 0.420562 -0.0613068 0.604187 -0.11579 -0.291617 0.624793 -0.11579 -0.235002 -0.0299439 0.406474 0.00230503 -0.0505499 0.406474 -0.0543097 0.624793 -0.11579 -0.235002 0.644017 -0.101702 -0.241999 -0.0107192 0.420562 -0.00469232 -0.0299439 0.406474 0.00230503 0.644017 -0.101702 -0.241999 0.623411 -0.101702 -0.298614 -0.0313253 0.420562 -0.0613068 -0.0107192 0.420562 -0.00469232 0.529975 -0.101702 0.404764 0.514306 -0.115791 0.391608 -0.0218871 0.406474 -0.0601709 -0.0073843 0.420563 -0.0456265 0.514306 -0.115791 0.391608 0.475535 -0.115688 0.437696 -0.0578732 0.409057 -0.0117455 -0.0218871 0.406474 -0.0601709 0.475535 -0.115688 0.437696 0.491269 -0.101781 0.450945 -0.0433072 0.422964 0.00289226 -0.0578732 0.409057 -0.0117455 0.491269 -0.101781 0.450945 0.529975 -0.101702 0.404764 -0.0073843 0.420563 -0.0456265 -0.0433072 0.422964 0.00289226 -0.688339 -0.101781 0.242948 -0.669022 -0.115688 0.23588 -0.0140644 0.409057 -0.00402057 -0.0327584 0.422964 0.00475216 -0.669022 -0.115688 0.23588 -0.689693 -0.115791 0.179311 -0.0313179 0.406474 -0.0618337 -0.0140644 0.409057 -0.00402057 -0.689693 -0.115791 0.179311 -0.708916 -0.101702 0.186314 -0.0499206 0.420563 -0.0531268 -0.0313179 0.406474 -0.0618337 -0.708916 -0.101702 0.186314 -0.688339 -0.101781 0.242948 -0.0327584 0.422964 0.00475216 -0.0499206 0.420563 -0.0531268 -0.594874 -0.101702 -0.46045 -0.579202 -0.11579 -0.447299 -0.0587651 0.406474 -0.00277686 -0.074437 0.420562 -0.0159276 -0.579202 -0.11579 -0.447299 -0.540476 -0.11579 -0.493452 -0.0200385 0.406474 -0.0489297 -0.0587651 0.406474 -0.00277686 -0.540476 -0.11579 -0.493452 -0.556148 -0.101702 -0.506602 -0.0357106 0.420562 -0.0620799 -0.0200385 0.406474 -0.0489297 -0.556148 -0.101702 -0.506602 -0.594874 -0.101702 -0.46045 -0.074437 0.420562 -0.0159276 -0.0357106 0.420562 -0.0620799 0.129438 -0.543318 0.150464 0.155049 -0.532123 0.00521803 -0.0324495 -0.536993 -0.0278429 -0.0580602 -0.545881 0.117403 0.18066 -0.521289 -0.140028 -0.00683856 -0.529766 -0.173089 -0.194337 -0.548329 -0.20615 -0.219948 -0.542418 -0.060904 -0.245558 -0.533443 0.0843421 -0.510864 -0.34929 -0.307397 -0.49056 -0.34929 -0.303817 -0.49056 -0.741202 -0.303817 -0.510864 -0.741202 -0.307397 -0.49056 -0.34929 -0.303817 -0.49414 -0.34929 -0.283512 -0.49414 -0.741202 -0.283512 -0.49056 -0.741202 -0.303817 -0.49414 -0.34929 -0.283512 -0.514444 -0.34929 -0.287092 -0.514444 -0.741202 -0.287092 -0.49414 -0.741202 -0.283512 -0.514444 -0.34929 -0.287092 -0.510864 -0.34929 -0.307397 -0.510864 -0.741202 -0.307397 -0.514444 -0.741202 -0.287092 -0.492465 -0.342013 -0.352376 -0.494021 -0.354488 -0.343553 -0.539916 -0.354488 -0.326848 -0.546779 -0.342013 -0.332607 -0.546779 -0.342013 -0.332607 -0.539916 -0.354488 -0.326848 -0.548397 -0.354488 -0.27875 -0.556816 -0.342013 -0.275686 -0.556816 -0.342013 -0.275686 -0.548397 -0.354488 -0.27875 -0.510983 -0.354488 -0.247356 -0.512539 -0.342013 -0.238533 -0.512539 -0.342013 -0.238533 -0.510983 -0.354488 -0.247356 -0.465088 -0.354488 -0.26406 -0.458225 -0.342013 -0.258302 -0.458225 -0.342013 -0.258302 -0.465088 -0.354488 -0.26406 -0.456607 -0.354488 -0.312159 -0.448188 -0.342013 -0.315223 -0.448188 -0.342013 -0.315223 -0.456607 -0.354488 -0.312159 -0.494021 -0.354488 -0.343553 -0.492465 -0.342013 -0.352376 -0.489755 -0.317757 -0.367744 -0.492625 -0.317757 -0.351467 -0.449055 -0.317757 -0.314907 -0.433524 -0.317757 -0.32056 -0.446271 -0.317757 -0.24827 -0.458932 -0.317757 -0.258895 -0.512378 -0.317757 -0.239442 -0.515249 -0.317757 -0.223165 -0.57148 -0.317757 -0.270348 -0.555948 -0.317757 -0.276001 -0.558733 -0.317757 -0.342638 -0.546072 -0.317757 -0.332014 -0.558733 -0.317757 -0.342638 -0.489755 -0.317757 -0.367744 -0.57148 -0.317757 -0.270348 -0.558733 -0.317757 -0.342638 -0.515249 -0.317757 -0.223165 -0.57148 -0.317757 -0.270348 -0.446271 -0.317757 -0.24827 -0.515249 -0.317757 -0.223165 -0.433524 -0.317757 -0.32056 -0.446271 -0.317757 -0.24827 -0.489755 -0.317757 -0.367744 -0.433524 -0.317757 -0.32056 -0.536809 -0.342013 -0.324242 -0.494725 -0.342013 -0.339559 -0.492625 -0.317757 -0.351467 -0.546072 -0.317757 -0.332014 -0.494725 -0.342013 -0.339559 -0.460418 -0.342013 -0.310772 -0.449055 -0.317757 -0.314907 -0.492625 -0.317757 -0.351467 -0.460418 -0.342013 -0.310772 -0.468195 -0.342013 -0.266667 -0.458932 -0.317757 -0.258895 -0.449055 -0.317757 -0.314907 -0.468195 -0.342013 -0.266667 -0.510279 -0.342013 -0.25135 -0.512378 -0.317757 -0.239442 -0.458932 -0.317757 -0.258895 -0.510279 -0.342013 -0.25135 -0.544586 -0.342013 -0.280137 -0.555948 -0.317757 -0.276001 -0.512378 -0.317757 -0.239442 -0.544586 -0.342013 -0.280137 -0.536809 -0.342013 -0.324242 -0.546072 -0.317757 -0.332014 -0.555948 -0.317757 -0.276001 -0.494021 -0.354488 -0.343553 -0.456607 -0.354488 -0.312159 -0.548397 -0.354488 -0.27875 -0.539916 -0.354488 -0.326848 -0.465088 -0.354488 -0.26406 -0.510983 -0.354488 -0.247356 -0.494725 -0.342013 -0.339559 -0.536809 -0.342013 -0.324242 -0.468195 -0.342013 -0.266667 -0.460418 -0.342013 -0.310772 -0.544586 -0.342013 -0.280137 -0.510279 -0.342013 -0.25135 -0.497135 -0.27803 -0.313098 -0.513085 -0.266832 -0.320138 -0.486027 -0.213801 -0.304288 -0.513085 -0.266832 -0.320138 -0.524629 -0.270209 -0.297266 -0.486027 -0.213801 -0.304288 -0.524629 -0.270209 -0.297266 -0.506146 -0.285944 -0.284674 -0.486027 -0.213801 -0.304288 -0.506146 -0.285944 -0.284674 -0.490006 -0.285226 -0.286448 -0.486027 -0.213801 -0.304288 -0.490006 -0.285226 -0.286448 -0.489513 -0.284926 -0.3022 -0.486027 -0.213801 -0.304288 -0.489513 -0.284926 -0.3022 -0.497135 -0.27803 -0.313098 -0.486027 -0.213801 -0.304288 -0.515843 -0.319413 -0.31226 -0.513085 -0.266832 -0.320138 -0.497135 -0.27803 -0.313098 -0.497326 -0.31815 -0.317876 -0.497134 -0.351023 -0.318963 -0.518917 -0.351076 -0.310726 -0.520313 -0.315637 -0.286911 -0.515843 -0.319413 -0.31226 -0.515843 -0.319413 -0.31226 -0.518917 -0.351076 -0.310726 -0.523125 -0.351023 -0.286863 -0.520313 -0.315637 -0.286911 -0.50624 -0.304329 -0.267321 -0.506146 -0.285944 -0.284674 -0.524629 -0.270209 -0.297266 -0.520313 -0.315637 -0.286911 -0.520313 -0.315637 -0.286911 -0.523125 -0.351023 -0.286863 -0.505555 -0.350445 -0.271205 -0.50624 -0.304329 -0.267321 -0.486226 -0.315479 -0.281422 -0.490006 -0.285226 -0.286448 -0.506146 -0.285944 -0.284674 -0.50624 -0.304329 -0.267321 -0.505555 -0.350445 -0.271205 -0.483689 -0.351023 -0.27991 -0.480675 -0.317334 -0.312907 -0.489513 -0.284926 -0.3022 -0.490006 -0.285226 -0.286448 -0.486226 -0.315479 -0.281422 -0.483689 -0.351023 -0.27991 -0.479436 -0.350996 -0.304028 -0.497135 -0.27803 -0.313098 -0.489513 -0.284926 -0.3022 -0.480675 -0.317334 -0.312907 -0.479436 -0.350996 -0.304028 -0.512539 -0.743281 -0.238533 -0.510983 -0.730807 -0.247356 -0.548397 -0.730807 -0.27875 -0.556816 -0.743281 -0.275686 -0.556816 -0.743281 -0.275686 -0.548397 -0.730807 -0.27875 -0.539916 -0.730807 -0.326848 -0.546779 -0.743281 -0.332607 -0.546779 -0.743281 -0.332607 -0.539916 -0.730807 -0.326848 -0.494021 -0.730807 -0.343553 -0.492465 -0.743281 -0.352376 -0.492465 -0.743281 -0.352376 -0.494021 -0.730807 -0.343553 -0.456607 -0.730807 -0.312159 -0.448188 -0.743281 -0.315223 -0.448188 -0.743281 -0.315223 -0.456607 -0.730807 -0.312159 -0.465088 -0.730807 -0.26406 -0.458225 -0.743281 -0.258302 -0.458225 -0.743281 -0.258302 -0.465088 -0.730807 -0.26406 -0.510983 -0.730807 -0.247356 -0.512539 -0.743281 -0.238533 -0.510983 -0.730807 -0.247356 -0.465088 -0.730807 -0.26406 -0.539916 -0.730807 -0.326848 -0.548397 -0.730807 -0.27875 -0.456607 -0.730807 -0.312159 -0.494021 -0.730807 -0.343553 -0.306095 -0.549006 -0.0939864 -0.306095 -0.513765 -0.0939864 -0.27139 -0.513765 -0.0878668 -0.27139 -0.549006 -0.0878668 -0.312215 -0.549006 -0.0592809 -0.312215 -0.513765 -0.0592809 -0.306095 -0.513765 -0.0939864 -0.306095 -0.549006 -0.0939864 -0.301256 -0.50874 -0.0669544 -0.285183 -0.50874 -0.0641203 -0.282349 -0.50874 -0.0801933 -0.298422 -0.50874 -0.0830274 -0.277509 -0.513765 -0.0531613 -0.277509 -0.549006 -0.0531613 -0.27139 -0.549006 -0.0878668 -0.27139 -0.513765 -0.0878668 -0.312215 -0.549006 -0.0592809 -0.277509 -0.549006 -0.0531613 -0.277509 -0.513765 -0.0531613 -0.312215 -0.513765 -0.0592809 -0.27139 -0.513765 -0.0878668 -0.306095 -0.513765 -0.0939864 -0.300811 -0.513765 -0.0864395 -0.278937 -0.513765 -0.0825826 -0.306095 -0.513765 -0.0939864 -0.312215 -0.513765 -0.0592809 -0.304668 -0.513765 -0.0645651 -0.300811 -0.513765 -0.0864395 -0.312215 -0.513765 -0.0592809 -0.277509 -0.513765 -0.0531613 -0.282794 -0.513765 -0.0607079 -0.304668 -0.513765 -0.0645651 -0.277509 -0.513765 -0.0531613 -0.27139 -0.513765 -0.0878668 -0.278937 -0.513765 -0.0825826 -0.282794 -0.513765 -0.0607079 -0.304668 -0.513765 -0.0645651 -0.282794 -0.513765 -0.0607079 -0.278915 -0.504755 -0.0551684 -0.310208 -0.504755 -0.0606862 -0.282794 -0.513765 -0.0607079 -0.278937 -0.513765 -0.0825826 -0.273397 -0.504755 -0.0864613 -0.278915 -0.504755 -0.0551684 -0.278937 -0.513765 -0.0825826 -0.300811 -0.513765 -0.0864395 -0.30469 -0.504755 -0.091979 -0.273397 -0.504755 -0.0864613 -0.300811 -0.513765 -0.0864395 -0.304668 -0.513765 -0.0645651 -0.310208 -0.504755 -0.0606862 -0.30469 -0.504755 -0.091979 -0.143943 -0.538786 -0.121516 -0.155131 -0.539815 -0.154732 -0.141137 -0.538279 -0.122618 -0.144503 -0.535781 -0.121561 -0.155131 -0.539815 -0.154732 -0.143943 -0.538786 -0.121516 -0.141697 -0.535275 -0.122663 -0.155131 -0.539815 -0.154732 -0.144503 -0.535781 -0.121561 -0.141137 -0.538279 -0.122618 -0.155131 -0.539815 -0.154732 -0.141697 -0.535275 -0.122663 -0.0934092 -0.532662 -0.031404 -0.0959305 -0.533106 -0.0297338 -0.0953707 -0.536111 -0.0296887 -0.0928495 -0.535666 -0.0313588 -0.0977241 -0.534569 -0.0110121 -0.0689921 -0.53461 0.00539839 -0.0562346 -0.53236 -0.00305295 -0.0755368 -0.530657 -0.02571 -0.104659 -0.531813 -0.0699792 -0.130499 -0.534663 -0.126938 -0.155193 -0.539117 -0.117245 -0.126846 -0.535724 -0.0552814 -0.114518 -0.532136 -0.0631297 -0.0934092 -0.532662 -0.031404 -0.0928495 -0.535666 -0.0313588 -0.113958 -0.535141 -0.0630846 -0.11704 -0.53258 -0.0614593 -0.0959305 -0.533106 -0.0297338 -0.0934092 -0.532662 -0.031404 -0.114518 -0.532136 -0.0631297 -0.11648 -0.535585 -0.0614142 -0.0953707 -0.536111 -0.0296887 -0.0959305 -0.533106 -0.0297338 -0.11704 -0.53258 -0.0614593 -0.113958 -0.535141 -0.0630846 -0.0928495 -0.535666 -0.0313588 -0.0953707 -0.536111 -0.0296887 -0.11648 -0.535585 -0.0614142 0.100267 -0.106273 -0.780516 -0.29385 -0.106273 -0.746036 -0.288716 -0.0845729 -0.731931 0.0976608 -0.0845729 -0.765734 -0.617925 -0.106273 -0.519116 -0.606427 -0.0845729 -0.509467 -0.785123 -0.106273 -0.16056 -0.770341 -0.0845729 -0.157953 -0.75063 -0.106264 0.233627 -0.736537 -0.0845729 0.228424 -0.540259 -0.11248 0.53684 -0.518171 -0.0868803 0.542844 0.251603 -0.11248 0.676467 0.552992 -0.106264 0.46349 0.541528 -0.0845729 0.453781 0.228794 -0.0868803 0.674554 0.720224 -0.106273 0.104874 0.705442 -0.0845729 0.102267 0.685743 -0.106273 -0.289243 0.671638 -0.0845729 -0.28411 0.458823 -0.106273 -0.613319 0.449175 -0.0845729 -0.601821 0.443817 -0.122421 -0.595435 0.0962132 -0.122421 -0.757525 0.100267 -0.106273 -0.780516 0.458823 -0.106273 -0.613319 -0.285865 -0.122421 -0.724098 -0.29385 -0.106273 -0.746036 -0.600041 -0.122421 -0.504109 -0.617925 -0.106273 -0.519116 -0.762131 -0.122421 -0.156505 -0.785123 -0.106273 -0.16056 -0.728704 -0.122421 0.225573 -0.75063 -0.106264 0.233627 -0.506599 -0.122757 0.539291 -0.540259 -0.11248 0.53684 -0.499067 -0.100721 0.528251 -0.714599 -0.100721 0.220439 -0.736537 -0.0845729 0.228424 -0.518171 -0.0868803 0.542844 -0.74735 -0.100721 -0.153899 -0.770341 -0.0845729 -0.157953 -0.588543 -0.100721 -0.494461 -0.606427 -0.0845729 -0.509467 -0.280732 -0.100721 -0.709993 -0.288716 -0.0845729 -0.731931 0.0936068 -0.100721 -0.742743 0.0976608 -0.0845729 -0.765734 0.434168 -0.100721 -0.583937 0.449175 -0.0845729 -0.601821 0.6497 -0.100721 -0.276125 0.671638 -0.0845729 -0.28411 0.682451 -0.100721 0.0982133 0.705442 -0.0845729 0.102267 0.523644 -0.100721 0.438775 0.541528 -0.0845729 0.453781 0.215833 -0.100721 0.654307 0.228794 -0.0868803 0.674554 0.219135 -0.122757 0.667257 0.535142 -0.122421 0.448423 0.552992 -0.106264 0.46349 0.251603 -0.11248 0.676467 0.697232 -0.122421 0.10082 0.720224 -0.106273 0.104874 0.663805 -0.122421 -0.281259 0.685743 -0.106273 -0.289243 -0.696851 -0.705511 -0.989215 -0.682442 -0.705511 -0.977125 -0.688964 -0.723093 -0.97475 -0.698056 -0.723093 -0.982379 -0.69152 -0.747093 -0.97382 -0.698528 -0.747093 -0.9797 -0.698232 -0.732045 -0.98138 -0.689918 -0.732045 -0.974403 -0.682442 -0.705511 -0.977125 -0.685708 -0.705511 -0.958601 -0.691025 -0.723093 -0.963063 -0.688964 -0.723093 -0.97475 -0.693109 -0.747093 -0.964811 -0.69152 -0.747093 -0.97382 -0.689918 -0.732045 -0.974403 -0.691803 -0.732045 -0.963715 -0.685708 -0.705511 -0.958601 -0.703383 -0.705511 -0.952167 -0.702178 -0.723093 -0.959004 -0.691025 -0.723093 -0.963063 -0.701705 -0.747093 -0.961682 -0.693109 -0.747093 -0.964811 -0.691803 -0.732045 -0.963715 -0.702002 -0.732045 -0.960003 -0.703383 -0.705511 -0.952167 -0.717792 -0.705511 -0.964258 -0.711269 -0.723093 -0.966632 -0.702178 -0.723093 -0.959004 -0.708713 -0.747093 -0.967562 -0.701705 -0.747093 -0.961682 -0.702002 -0.732045 -0.960003 -0.710316 -0.732045 -0.966979 -0.717792 -0.705511 -0.964258 -0.714526 -0.705511 -0.982782 -0.709208 -0.723093 -0.97832 -0.711269 -0.723093 -0.966632 -0.707125 -0.747093 -0.976572 -0.708713 -0.747093 -0.967562 -0.710316 -0.732045 -0.966979 -0.708431 -0.732045 -0.977668 -0.714526 -0.705511 -0.982782 -0.696851 -0.705511 -0.989215 -0.698056 -0.723093 -0.982379 -0.709208 -0.723093 -0.97832 -0.698528 -0.747093 -0.9797 -0.707125 -0.747093 -0.976572 -0.708431 -0.732045 -0.977668 -0.698232 -0.732045 -0.98138 -0.697367 -0.723543 -0.986288 -0.685234 -0.723543 -0.976108 -0.686188 -0.732495 -0.975761 -0.697543 -0.732495 -0.985289 -0.685234 -0.723543 -0.976108 -0.687984 -0.723543 -0.960511 -0.688762 -0.732495 -0.961163 -0.686188 -0.732495 -0.975761 -0.702867 -0.723543 -0.955094 -0.702691 -0.732495 -0.956093 -0.688762 -0.732495 -0.961163 -0.687984 -0.723543 -0.960511 -0.702867 -0.723543 -0.955094 -0.714999 -0.723543 -0.965274 -0.714046 -0.732495 -0.965622 -0.702691 -0.732495 -0.956093 -0.714999 -0.723543 -0.965274 -0.712249 -0.723543 -0.980872 -0.711472 -0.732495 -0.980219 -0.714046 -0.732495 -0.965622 -0.697367 -0.723543 -0.986288 -0.697543 -0.732495 -0.985289 -0.711472 -0.732495 -0.980219 -0.712249 -0.723543 -0.980872 -0.698056 -0.723093 -0.982379 -0.688964 -0.723093 -0.97475 -0.685234 -0.723543 -0.976108 -0.697367 -0.723543 -0.986288 -0.688964 -0.723093 -0.97475 -0.691025 -0.723093 -0.963063 -0.687984 -0.723543 -0.960511 -0.685234 -0.723543 -0.976108 -0.702178 -0.723093 -0.959004 -0.702867 -0.723543 -0.955094 -0.711269 -0.723093 -0.966632 -0.714999 -0.723543 -0.965274 -0.709208 -0.723093 -0.97832 -0.712249 -0.723543 -0.980872 -0.689918 -0.732045 -0.974403 -0.698232 -0.732045 -0.98138 -0.697543 -0.732495 -0.985289 -0.686188 -0.732495 -0.975761 -0.708431 -0.732045 -0.977668 -0.711472 -0.732495 -0.980219 -0.710316 -0.732045 -0.966979 -0.714046 -0.732495 -0.965622 -0.702002 -0.732045 -0.960003 -0.702691 -0.732495 -0.956093 -0.691803 -0.732045 -0.963715 -0.688762 -0.732495 -0.961163 -0.689918 -0.732045 -0.974403 -0.686188 -0.732495 -0.975761 -0.442736 -0.0968516 -0.616848 -0.445953 -0.0968516 -0.610224 -0.535179 -0.391463 -0.705217 -0.531962 -0.391463 -0.711841 -0.696118 -0.731153 -0.958292 -0.692901 -0.731153 -0.964915 -0.642916 -0.649879 -0.875985 -0.646132 -0.649879 -0.869361 -0.445953 -0.0968516 -0.610224 -0.452576 -0.0968516 -0.61344 -0.541802 -0.391463 -0.708434 -0.535179 -0.391463 -0.705217 -0.702741 -0.731153 -0.961508 -0.696118 -0.731153 -0.958292 -0.646132 -0.649879 -0.869361 -0.652756 -0.649879 -0.872577 -0.452576 -0.0968516 -0.61344 -0.44936 -0.0968516 -0.620064 -0.538586 -0.391463 -0.715057 -0.541802 -0.391463 -0.708434 -0.699525 -0.731153 -0.968132 -0.702741 -0.731153 -0.961508 -0.652756 -0.649879 -0.872577 -0.64954 -0.649879 -0.879201 -0.44936 -0.0968516 -0.620064 -0.442736 -0.0968516 -0.616848 -0.531962 -0.391463 -0.711841 -0.538586 -0.391463 -0.715057 -0.692901 -0.731153 -0.964915 -0.699525 -0.731153 -0.968132 -0.64954 -0.649879 -0.879201 -0.642916 -0.649879 -0.875985 -0.589669 -0.53272 -0.781129 -0.583045 -0.53272 -0.777913 -0.592885 -0.53272 -0.774506 -0.589669 -0.53272 -0.781129 -0.586262 -0.53272 -0.77129 -0.592885 -0.53272 -0.774506 -0.583045 -0.53272 -0.777913 -0.586262 -0.53272 -0.77129 0.920692 -0.705511 -0.703999 0.919487 -0.723093 -0.697163 0.908334 -0.723093 -0.693103 0.903017 -0.705511 -0.697565 0.910418 -0.747093 -0.691355 0.909111 -0.732045 -0.692451 0.91931 -0.732045 -0.696164 0.919015 -0.747093 -0.694484 0.903017 -0.705511 -0.697565 0.908334 -0.723093 -0.693103 0.906273 -0.723093 -0.681416 0.89975 -0.705511 -0.679042 0.908829 -0.747093 -0.682346 0.907227 -0.732045 -0.681763 0.909111 -0.732045 -0.692451 0.910418 -0.747093 -0.691355 0.89975 -0.705511 -0.679042 0.906273 -0.723093 -0.681416 0.915365 -0.723093 -0.673787 0.914159 -0.705511 -0.666951 0.915837 -0.747093 -0.676466 0.915541 -0.732045 -0.674786 0.907227 -0.732045 -0.681763 0.908829 -0.747093 -0.682346 0.914159 -0.705511 -0.666951 0.915365 -0.723093 -0.673787 0.926517 -0.723093 -0.677846 0.931835 -0.705511 -0.673384 0.924433 -0.747093 -0.679595 0.92574 -0.732045 -0.678498 0.915541 -0.732045 -0.674786 0.915837 -0.747093 -0.676466 0.931835 -0.705511 -0.673384 0.926517 -0.723093 -0.677846 0.928578 -0.723093 -0.689534 0.935101 -0.705511 -0.691908 0.926022 -0.747093 -0.688604 0.927625 -0.732045 -0.689187 0.92574 -0.732045 -0.678498 0.924433 -0.747093 -0.679595 0.935101 -0.705511 -0.691908 0.928578 -0.723093 -0.689534 0.919487 -0.723093 -0.697163 0.920692 -0.705511 -0.703999 0.919015 -0.747093 -0.694484 0.91931 -0.732045 -0.696164 0.927625 -0.732045 -0.689187 0.926022 -0.747093 -0.688604 0.920176 -0.723543 -0.701072 0.92 -0.732495 -0.700073 0.906071 -0.732495 -0.695003 0.905294 -0.723543 -0.695655 0.905294 -0.723543 -0.695655 0.906071 -0.732495 -0.695003 0.903497 -0.732495 -0.680405 0.902543 -0.723543 -0.680058 0.914676 -0.723543 -0.669878 0.902543 -0.723543 -0.680058 0.903497 -0.732495 -0.680405 0.914852 -0.732495 -0.670877 0.914676 -0.723543 -0.669878 0.914852 -0.732495 -0.670877 0.928781 -0.732495 -0.675947 0.929558 -0.723543 -0.675295 0.929558 -0.723543 -0.675295 0.928781 -0.732495 -0.675947 0.931355 -0.732495 -0.690545 0.932308 -0.723543 -0.690891 0.920176 -0.723543 -0.701072 0.932308 -0.723543 -0.690891 0.931355 -0.732495 -0.690545 0.92 -0.732495 -0.700073 0.919487 -0.723093 -0.697163 0.920176 -0.723543 -0.701072 0.905294 -0.723543 -0.695655 0.908334 -0.723093 -0.693103 0.902543 -0.723543 -0.680058 0.906273 -0.723093 -0.681416 0.906273 -0.723093 -0.681416 0.902543 -0.723543 -0.680058 0.914676 -0.723543 -0.669878 0.915365 -0.723093 -0.673787 0.929558 -0.723543 -0.675295 0.926517 -0.723093 -0.677846 0.932308 -0.723543 -0.690891 0.928578 -0.723093 -0.689534 0.909111 -0.732045 -0.692451 0.906071 -0.732495 -0.695003 0.92 -0.732495 -0.700073 0.91931 -0.732045 -0.696164 0.931355 -0.732495 -0.690545 0.927625 -0.732045 -0.689187 0.928781 -0.732495 -0.675947 0.92574 -0.732045 -0.678498 0.914852 -0.732495 -0.670877 0.915541 -0.732045 -0.674786 0.903497 -0.732495 -0.680405 0.907227 -0.732045 -0.681763 0.907227 -0.732045 -0.681763 0.903497 -0.732495 -0.680405 0.554546 -0.0968516 -0.441 0.67088 -0.391463 -0.499748 0.671637 -0.391463 -0.492423 0.555303 -0.0968516 -0.433676 0.909427 -0.731153 -0.675191 0.832039 -0.649879 -0.608719 0.831283 -0.649879 -0.616043 0.90867 -0.731153 -0.682515 0.555303 -0.0968516 -0.433676 0.671637 -0.391463 -0.492423 0.678961 -0.391463 -0.49318 0.562627 -0.0968516 -0.434433 0.916751 -0.731153 -0.675948 0.839364 -0.649879 -0.609476 0.832039 -0.649879 -0.608719 0.909427 -0.731153 -0.675191 0.562627 -0.0968516 -0.434433 0.678961 -0.391463 -0.49318 0.678204 -0.391463 -0.500504 0.56187 -0.0968516 -0.441757 0.915994 -0.731153 -0.683272 0.838607 -0.649879 -0.6168 0.839364 -0.649879 -0.609476 0.916751 -0.731153 -0.675948 0.56187 -0.0968516 -0.441757 0.678204 -0.391463 -0.500504 0.67088 -0.391463 -0.499748 0.554546 -0.0968516 -0.441 0.90867 -0.731153 -0.682515 0.831283 -0.649879 -0.616043 0.838607 -0.649879 -0.6168 0.915994 -0.731153 -0.683272 0.741481 -0.53272 -0.544363 0.748805 -0.53272 -0.54512 0.748805 -0.53272 -0.54512 0.749562 -0.53272 -0.537796 0.749562 -0.53272 -0.537796 0.742238 -0.53272 -0.537039 0.742238 -0.53272 -0.537039 0.741481 -0.53272 -0.544363 -0.985591 -0.705511 0.648313 -0.984385 -0.723093 0.641477 -0.973233 -0.723093 0.637417 -0.967916 -0.705511 0.641879 -0.975317 -0.747093 0.635669 -0.97401 -0.732045 0.636765 -0.984209 -0.732045 0.640477 -0.983913 -0.747093 0.638798 -0.967916 -0.705511 0.641879 -0.973233 -0.723093 0.637417 -0.971172 -0.723093 0.62573 -0.964649 -0.705511 0.623356 -0.973728 -0.747093 0.62666 -0.972126 -0.732045 0.626077 -0.97401 -0.732045 0.636765 -0.975317 -0.747093 0.635669 -0.964649 -0.705511 0.623356 -0.971172 -0.723093 0.62573 -0.980264 -0.723093 0.618101 -0.979058 -0.705511 0.611265 -0.980736 -0.747093 0.62078 -0.98044 -0.732045 0.6191 -0.972126 -0.732045 0.626077 -0.973728 -0.747093 0.62666 -0.979058 -0.705511 0.611265 -0.980264 -0.723093 0.618101 -0.991416 -0.723093 0.62216 -0.996734 -0.705511 0.617698 -0.989332 -0.747093 0.623909 -0.990639 -0.732045 0.622812 -0.98044 -0.732045 0.6191 -0.980736 -0.747093 0.62078 -0.996734 -0.705511 0.617698 -0.991416 -0.723093 0.62216 -0.993477 -0.723093 0.633848 -1 -0.705511 0.636222 -0.990921 -0.747093 0.632918 -0.992524 -0.732045 0.633501 -0.990639 -0.732045 0.622812 -0.989332 -0.747093 0.623909 -1 -0.705511 0.636222 -0.993477 -0.723093 0.633848 -0.984385 -0.723093 0.641477 -0.985591 -0.705511 0.648313 -0.983913 -0.747093 0.638798 -0.984209 -0.732045 0.640477 -0.992524 -0.732045 0.633501 -0.990921 -0.747093 0.632918 -0.985075 -0.723543 0.645386 -0.984899 -0.732495 0.644387 -0.97097 -0.732495 0.639317 -0.970192 -0.723543 0.639969 -0.970192 -0.723543 0.639969 -0.97097 -0.732495 0.639317 -0.968396 -0.732495 0.624719 -0.967442 -0.723543 0.624372 -0.979575 -0.723543 0.614192 -0.967442 -0.723543 0.624372 -0.968396 -0.732495 0.624719 -0.979751 -0.732495 0.615191 -0.979575 -0.723543 0.614192 -0.979751 -0.732495 0.615191 -0.99368 -0.732495 0.620261 -0.994457 -0.723543 0.619609 -0.994457 -0.723543 0.619609 -0.99368 -0.732495 0.620261 -0.996254 -0.732495 0.634859 -0.997207 -0.723543 0.635206 -0.985075 -0.723543 0.645386 -0.997207 -0.723543 0.635206 -0.996254 -0.732495 0.634859 -0.984899 -0.732495 0.644387 -0.984385 -0.723093 0.641477 -0.985075 -0.723543 0.645386 -0.970192 -0.723543 0.639969 -0.973233 -0.723093 0.637417 -0.967442 -0.723543 0.624372 -0.971172 -0.723093 0.62573 -0.979575 -0.723543 0.614192 -0.980264 -0.723093 0.618101 -0.980264 -0.723093 0.618101 -0.979575 -0.723543 0.614192 -0.994457 -0.723543 0.619609 -0.991416 -0.723093 0.62216 -0.997207 -0.723543 0.635206 -0.993477 -0.723093 0.633848 -0.97401 -0.732045 0.636765 -0.97097 -0.732495 0.639317 -0.984899 -0.732495 0.644387 -0.984209 -0.732045 0.640477 -0.996254 -0.732495 0.634859 -0.992524 -0.732045 0.633501 -0.99368 -0.732495 0.620261 -0.990639 -0.732045 0.622812 -0.979751 -0.732495 0.615191 -0.98044 -0.732045 0.6191 -0.98044 -0.732045 0.6191 -0.979751 -0.732495 0.615191 -0.968396 -0.732495 0.624719 -0.972126 -0.732045 0.626077 -0.619444 -0.0968516 0.385314 -0.735779 -0.391463 0.444062 -0.736536 -0.391463 0.436737 -0.620201 -0.0968516 0.37799 -0.974326 -0.731153 0.619505 -0.896938 -0.649879 0.553033 -0.896182 -0.649879 0.560357 -0.973569 -0.731153 0.626829 -0.620201 -0.0968516 0.37799 -0.736536 -0.391463 0.436737 -0.74386 -0.391463 0.437494 -0.627526 -0.0968516 0.378747 -0.98165 -0.731153 0.620262 -0.904263 -0.649879 0.55379 -0.896938 -0.649879 0.553033 -0.974326 -0.731153 0.619505 -0.627526 -0.0968516 0.378747 -0.74386 -0.391463 0.437494 -0.743104 -0.391463 0.444818 -0.626769 -0.0968516 0.386071 -0.980893 -0.731153 0.627586 -0.903506 -0.649879 0.561114 -0.904263 -0.649879 0.55379 -0.98165 -0.731153 0.620262 -0.626769 -0.0968516 0.386071 -0.743104 -0.391463 0.444818 -0.735779 -0.391463 0.444062 -0.619444 -0.0968516 0.385314 -0.973569 -0.731153 0.626829 -0.896182 -0.649879 0.560357 -0.903506 -0.649879 0.561114 -0.980893 -0.731153 0.627586 -0.80638 -0.53272 0.488678 -0.813704 -0.53272 0.489434 -0.813704 -0.53272 0.489434 -0.814461 -0.53272 0.48211 -0.814461 -0.53272 0.48211 -0.807136 -0.53272 0.481353 -0.807136 -0.53272 0.481353 -0.80638 -0.53272 0.488678 0.631952 -0.705511 0.933529 0.617543 -0.705511 0.921439 0.624065 -0.723093 0.919064 0.633157 -0.723093 0.926693 0.626622 -0.747093 0.918134 0.633629 -0.747093 0.924014 0.633333 -0.732045 0.925694 0.625019 -0.732045 0.918717 0.617543 -0.705511 0.921439 0.620809 -0.705511 0.902915 0.626126 -0.723093 0.907377 0.624065 -0.723093 0.919064 0.62821 -0.747093 0.909125 0.626622 -0.747093 0.918134 0.625019 -0.732045 0.918717 0.626904 -0.732045 0.908029 0.620809 -0.705511 0.902915 0.638484 -0.705511 0.896481 0.637279 -0.723093 0.903318 0.626126 -0.723093 0.907377 0.636806 -0.747093 0.905996 0.62821 -0.747093 0.909125 0.626904 -0.732045 0.908029 0.637103 -0.732045 0.904317 0.638484 -0.705511 0.896481 0.652893 -0.705511 0.908572 0.64637 -0.723093 0.910946 0.637279 -0.723093 0.903318 0.643814 -0.747093 0.911876 0.636806 -0.747093 0.905996 0.637103 -0.732045 0.904317 0.645417 -0.732045 0.911293 0.652893 -0.705511 0.908572 0.649627 -0.705511 0.927096 0.64431 -0.723093 0.922634 0.64637 -0.723093 0.910946 0.642226 -0.747093 0.920886 0.643814 -0.747093 0.911876 0.645417 -0.732045 0.911293 0.643532 -0.732045 0.921982 0.649627 -0.705511 0.927096 0.631952 -0.705511 0.933529 0.633157 -0.723093 0.926693 0.64431 -0.723093 0.922634 0.633629 -0.747093 0.924014 0.642226 -0.747093 0.920886 0.643532 -0.732045 0.921982 0.633333 -0.732045 0.925694 0.632468 -0.723543 0.930602 0.620335 -0.723543 0.920422 0.621289 -0.732495 0.920075 0.632644 -0.732495 0.929603 0.620335 -0.723543 0.920422 0.623086 -0.723543 0.904825 0.623863 -0.732495 0.905477 0.621289 -0.732495 0.920075 0.637968 -0.723543 0.899408 0.637792 -0.732495 0.900407 0.623863 -0.732495 0.905477 0.623086 -0.723543 0.904825 0.637968 -0.723543 0.899408 0.6501 -0.723543 0.909588 0.649147 -0.732495 0.909936 0.637792 -0.732495 0.900407 0.6501 -0.723543 0.909588 0.64735 -0.723543 0.925186 0.646573 -0.732495 0.924533 0.649147 -0.732495 0.909936 0.632468 -0.723543 0.930602 0.632644 -0.732495 0.929603 0.646573 -0.732495 0.924533 0.64735 -0.723543 0.925186 0.633157 -0.723093 0.926693 0.624065 -0.723093 0.919064 0.620335 -0.723543 0.920422 0.632468 -0.723543 0.930602 0.626126 -0.723093 0.907377 0.623086 -0.723543 0.904825 0.626126 -0.723093 0.907377 0.637279 -0.723093 0.903318 0.637968 -0.723543 0.899408 0.623086 -0.723543 0.904825 0.64637 -0.723093 0.910946 0.6501 -0.723543 0.909588 0.64431 -0.723093 0.922634 0.64735 -0.723543 0.925186 0.625019 -0.732045 0.918717 0.633333 -0.732045 0.925694 0.632644 -0.732495 0.929603 0.621289 -0.732495 0.920075 0.643532 -0.732045 0.921982 0.646573 -0.732495 0.924533 0.645417 -0.732045 0.911293 0.649147 -0.732495 0.909936 0.637103 -0.732045 0.904317 0.637792 -0.732495 0.900407 0.626904 -0.732045 0.908029 0.623863 -0.732495 0.905477 0.626904 -0.732045 0.908029 0.623863 -0.732495 0.905477 0.377837 -0.0968516 0.561162 0.381054 -0.0968516 0.554538 0.47028 -0.391463 0.649532 0.467063 -0.391463 0.656155 0.631219 -0.731153 0.902606 0.628003 -0.731153 0.909229 0.578017 -0.649879 0.820298 0.581233 -0.649879 0.813675 0.381054 -0.0968516 0.554538 0.387678 -0.0968516 0.557754 0.476903 -0.391463 0.652748 0.47028 -0.391463 0.649532 0.637842 -0.731153 0.905822 0.631219 -0.731153 0.902606 0.581233 -0.649879 0.813675 0.587857 -0.649879 0.816891 0.387678 -0.0968516 0.557754 0.384461 -0.0968516 0.564378 0.473687 -0.391463 0.659371 0.476903 -0.391463 0.652748 0.634626 -0.731153 0.912446 0.637842 -0.731153 0.905822 0.587857 -0.649879 0.816891 0.584641 -0.649879 0.823515 0.384461 -0.0968516 0.564378 0.377837 -0.0968516 0.561162 0.467063 -0.391463 0.656155 0.473687 -0.391463 0.659371 0.628003 -0.731153 0.909229 0.634626 -0.731153 0.912446 0.584641 -0.649879 0.823515 0.578017 -0.649879 0.820298 0.52477 -0.53272 0.725443 0.518147 -0.53272 0.722227 0.527987 -0.53272 0.71882 0.52477 -0.53272 0.725443 0.521363 -0.53272 0.715604 0.527987 -0.53272 0.71882 0.518147 -0.53272 0.722227 0.521363 -0.53272 0.715604 -0.452821 -0.13844 0.639116 -0.573885 -0.154278 0.585532 -0.5674 -0.17584 0.548753 -0.445889 -0.16149 0.599799 -0.162362 -0.168433 0.718905 -0.170339 -0.141912 0.764143 -0.452821 -0.0923404 0.639116 -0.573885 -0.111154 0.585532 -0.573885 -0.154278 0.585532 -0.452821 -0.13844 0.639116 -0.170339 -0.141912 0.764143 -0.170339 -0.0888689 0.764143 -0.445889 -0.0692905 0.599799 -0.5674 -0.089592 0.548753 -0.573885 -0.111154 0.585532 -0.452821 -0.0923404 0.639116 -0.170339 -0.0888689 0.764143 -0.162362 -0.0623474 0.718905 -0.438956 -0.0923404 0.560482 -0.560915 -0.111154 0.511974 -0.5674 -0.089592 0.548753 -0.445889 -0.0692905 0.599799 -0.162362 -0.0623474 0.718905 -0.154385 -0.0888689 0.673666 -0.438956 -0.13844 0.560482 -0.560915 -0.154278 0.511974 -0.560915 -0.111154 0.511974 -0.438956 -0.0923404 0.560482 -0.154385 -0.0888689 0.673666 -0.154385 -0.141912 0.673666 -0.445889 -0.16149 0.599799 -0.5674 -0.17584 0.548753 -0.560915 -0.154278 0.511974 -0.438956 -0.13844 0.560482 -0.154385 -0.141912 0.673666 -0.162362 -0.168433 0.718905 0.13787 -0.13844 0.74327 0.144803 -0.16149 0.703953 0.276445 -0.17584 0.697546 0.26996 -0.154278 0.734325 0.13787 -0.0923404 0.74327 0.13787 -0.13844 0.74327 0.26996 -0.154278 0.734325 0.26996 -0.111154 0.734325 0.144803 -0.0692905 0.703953 0.13787 -0.0923404 0.74327 0.26996 -0.111154 0.734325 0.276445 -0.089592 0.697546 0.151735 -0.0923404 0.664636 0.144803 -0.0692905 0.703953 0.276445 -0.089592 0.697546 0.28293 -0.111154 0.660766 0.151735 -0.13844 0.664636 0.151735 -0.0923404 0.664636 0.28293 -0.111154 0.660766 0.28293 -0.154278 0.660766 0.144803 -0.16149 0.703953 0.151735 -0.13844 0.664636 0.28293 -0.154278 0.660766 0.276445 -0.17584 0.697546 -0.029406 0.437799 -0.0451028 -0.0324495 0.430539 -0.0278429 -0.0458751 0.437799 -0.0391083 -0.0458751 0.437799 -0.0391083 -0.0324495 0.430539 -0.0278429 -0.0489186 0.437799 -0.0218486 -0.0489186 0.437799 -0.0218486 -0.0324495 0.430539 -0.0278429 -0.0354927 0.437799 -0.0105832 -0.0354927 0.437799 -0.0105832 -0.0324495 0.430539 -0.0278429 -0.0190238 0.437799 -0.0165774 -0.0190238 0.437799 -0.0165774 -0.0324495 0.430539 -0.0278429 -0.0159804 0.437799 -0.0338371 -0.0159804 0.437799 -0.0338371 -0.0324495 0.430539 -0.0278429 -0.029406 0.437799 -0.0451028 -0.0281454 0.455325 -0.0522518 -0.029406 0.437799 -0.0451028 -0.0458751 0.437799 -0.0391083 -0.0514363 0.455325 -0.0437748 -0.0514363 0.455325 -0.0437748 -0.0458751 0.437799 -0.0391083 -0.0489186 0.437799 -0.0218486 -0.0557402 0.455325 -0.0193658 -0.0557402 0.455325 -0.0193658 -0.0489186 0.437799 -0.0218486 -0.0354927 0.437799 -0.0105832 -0.0367534 0.455325 -0.00343394 -0.0367534 0.455325 -0.00343394 -0.0354927 0.437799 -0.0105832 -0.0190238 0.437799 -0.0165774 -0.0134625 0.455325 -0.0119109 -0.0134625 0.455325 -0.0119109 -0.0190238 0.437799 -0.0165774 -0.0159804 0.437799 -0.0338371 -0.00915861 0.455325 -0.0363201 -0.00915861 0.455325 -0.0363201 -0.0159804 0.437799 -0.0338371 -0.029406 0.437799 -0.0451028 -0.0281454 0.455325 -0.0522518 -0.029406 0.472851 -0.0451028 -0.0458751 0.472851 -0.0391083 -0.0458751 0.472851 -0.0391083 -0.0489186 0.472851 -0.0218486 -0.0489186 0.472851 -0.0218486 -0.0354927 0.472851 -0.0105832 -0.0354927 0.472851 -0.0105832 -0.0190238 0.472851 -0.0165774 -0.0190238 0.472851 -0.0165774 -0.0159804 0.472851 -0.0338371 -0.0159804 0.472851 -0.0338371 -0.029406 0.472851 -0.0451028 -0.029406 0.472851 -0.0451028 -0.0458751 0.472851 -0.0391083 -0.0324495 0.480111 -0.0278429 -0.0458751 0.472851 -0.0391083 -0.0489186 0.472851 -0.0218486 -0.0324495 0.480111 -0.0278429 -0.0489186 0.472851 -0.0218486 -0.0354927 0.472851 -0.0105832 -0.0324495 0.480111 -0.0278429 -0.0354927 0.472851 -0.0105832 -0.0190238 0.472851 -0.0165774 -0.0324495 0.480111 -0.0278429 -0.0190238 0.472851 -0.0165774 -0.0159804 0.472851 -0.0338371 -0.0324495 0.480111 -0.0278429 -0.0159804 0.472851 -0.0338371 -0.029406 0.472851 -0.0451028 -0.0324495 0.480111 -0.0278429 -0.0365616 0.753323 -0.0337157 -0.0265765 0.753323 -0.031955 -0.0265765 0.473351 -0.031955 -0.0365616 0.473351 -0.0337157 -0.0265765 0.753323 -0.031955 -0.0283372 0.753323 -0.0219703 -0.0283372 0.473351 -0.0219703 -0.0265765 0.473351 -0.031955 -0.0283372 0.753323 -0.0219703 -0.0383222 0.753323 -0.0237308 -0.0383222 0.473351 -0.0237308 -0.0283372 0.473351 -0.0219703 -0.0383222 0.753323 -0.0237308 -0.0365616 0.753323 -0.0337157 -0.0365616 0.473351 -0.0337157 -0.0383222 0.473351 -0.0237308 -0.0365616 0.753323 -0.0337157 -0.0383222 0.753323 -0.0237308 -0.0283372 0.753323 -0.0219703 -0.0265765 0.753323 -0.031955 0.0304309 0.636733 -0.0359776 -0.0265765 0.636733 -0.031955 -0.0265765 0.752922 -0.031955 0.0304309 0.752922 -0.0359776 0.0304309 0.752922 -0.0359776 -0.0265765 0.752922 -0.031955 -0.0283372 0.752922 -0.0219703 0.0286703 0.752922 -0.0259926 0.0286703 0.752922 -0.0259926 -0.0283372 0.752922 -0.0219703 -0.0283372 0.636733 -0.0219703 0.0286703 0.636733 -0.0259926 0.0286703 0.636733 -0.0259926 -0.0283372 0.636733 -0.0219703 -0.0265765 0.636733 -0.031955 0.0304309 0.636733 -0.0359776 0.0763024 0.618058 -0.00677752 0.0763024 0.702294 -0.00677752 0.0763024 0.702294 -0.00677752 0.0304309 0.752922 -0.0359776 0.0286703 0.752922 -0.0259926 0.0745417 0.702294 0.00320745 0.0745417 0.702294 0.00320745 0.0745417 0.618058 0.00320745 0.0745417 0.618058 0.00320745 0.0763024 0.618058 -0.00677752 0.141038 0.618613 -0.0147156 0.141038 0.680948 -0.0147156 0.141038 0.680948 -0.0147156 0.139277 0.680948 -0.00473046 0.139277 0.680948 -0.00473046 0.139277 0.618613 -0.00473046 0.139277 0.618613 -0.00473046 0.141038 0.618613 -0.0147156 0.19777 0.616861 0.0127512 0.19777 0.616861 0.0127512 0.19777 0.616861 0.0127512 0.19777 0.616861 0.0127512 -0.767966 0.094939 0.65482 -0.743934 0.094939 0.668141 -0.743934 -0.753323 0.668141 -0.767966 -0.753323 0.65482 -0.743934 0.094939 0.668141 -0.757255 0.094939 0.692173 -0.757255 -0.753323 0.692173 -0.743934 -0.753323 0.668141 -0.757255 0.094939 0.692173 -0.781287 0.094939 0.678852 -0.781287 -0.753323 0.678852 -0.757255 -0.753323 0.692173 -0.781287 0.094939 0.678852 -0.767966 0.094939 0.65482 -0.767966 -0.753323 0.65482 -0.781287 -0.753323 0.678852 -0.767966 0.094939 0.65482 -0.781287 0.094939 0.678852 -0.757255 0.094939 0.692173 -0.743934 0.094939 0.668141 -0.594311 -0.021651 0.708131 -0.743934 -0.021651 0.668141 -0.743934 0.0945378 0.668141 -0.594311 0.0945378 0.708131 -0.594311 0.0945378 0.708131 -0.743934 0.0945378 0.668141 -0.757255 0.0945378 0.692173 -0.607632 0.0945378 0.732163 -0.607632 0.0945378 0.732163 -0.757255 0.0945378 0.692173 -0.757255 -0.021651 0.692173 -0.607632 -0.021651 0.732163 -0.607632 -0.021651 0.732163 -0.757255 -0.021651 0.692173 -0.743934 -0.021651 0.668141 -0.594311 -0.021651 0.708131 -0.502535 -0.0403268 0.823424 -0.502535 0.0439098 0.823424 -0.502535 0.0439098 0.823424 -0.515856 0.0439098 0.847456 -0.515856 0.0439098 0.847456 -0.515856 -0.0403268 0.847456 -0.515856 -0.0403268 0.847456 -0.502535 -0.0403268 0.823424 -0.329657 -0.0397715 0.8602 -0.329657 0.0225636 0.8602 -0.329657 0.0225636 0.8602 -0.342978 0.0225636 0.884231 -0.342978 0.0225636 0.884231 -0.342978 -0.0397715 0.884231 -0.342978 -0.0397715 0.884231 -0.329657 -0.0397715 0.8602 -0.20852 -0.0415232 0.980634 -0.20852 -0.0415232 0.980634 -0.20852 -0.0415232 0.980634 -0.20852 -0.0415232 0.980634 0.366083 0.094939 0.857753 0.3931 0.094939 0.86276 0.3931 -0.753323 0.86276 0.366083 -0.753323 0.857753 0.3931 0.094939 0.86276 0.388093 0.094939 0.889777 0.388093 -0.753323 0.889777 0.3931 -0.753323 0.86276 0.388093 0.094939 0.889777 0.361076 0.094939 0.88477 0.361076 -0.753323 0.88477 0.388093 -0.753323 0.889777 0.361076 0.094939 0.88477 0.366083 0.094939 0.857753 0.366083 -0.753323 0.857753 0.361076 -0.753323 0.88477 0.366083 0.094939 0.857753 0.361076 0.094939 0.88477 0.388093 0.094939 0.889777 0.3931 0.094939 0.86276 0.547679 -0.021651 0.853208 0.3931 -0.021651 0.86276 0.3931 0.0945378 0.86276 0.547679 0.0945378 0.853208 0.547679 0.0945378 0.853208 0.3931 0.0945378 0.86276 0.388093 0.0945378 0.889777 0.542672 0.0945378 0.880224 0.542672 0.0945378 0.880224 0.388093 0.0945378 0.889777 0.388093 -0.021651 0.889777 0.542672 -0.021651 0.880224 0.542672 -0.021651 0.880224 0.388093 -0.021651 0.889777 0.3931 -0.021651 0.86276 0.547679 -0.021651 0.853208 0.671296 -0.0403268 0.933422 0.671296 0.0439098 0.933422 0.671296 0.0439098 0.933422 0.666288 0.0439098 0.960439 0.666288 0.0439098 0.960439 0.666288 -0.0403268 0.960439 0.666288 -0.0403268 0.960439 0.671296 -0.0403268 0.933422 0.846909 -0.0397715 0.913442 0.846909 0.0225636 0.913442 0.846909 0.0225636 0.913442 0.841902 0.0225636 0.940459 0.841902 0.0225636 0.940459 0.841902 -0.0397715 0.940459 0.841902 -0.0397715 0.940459 0.846909 -0.0397715 0.913442 1 -0.0415232 0.989215 1 -0.0415232 0.989215 1 -0.0415232 0.989215 1 -0.0415232 0.989215 -0.533926 -0.122014 0.554197 -0.511838 -0.0964138 0.560201 -0.511838 -0.0964138 0.560201 -0.492734 -0.110255 0.545608 0.216874 -0.0968001 0.688403 0.239684 -0.1224 0.690316 0.203913 -0.110641 0.668156 0.216874 -0.0968001 0.688403 0.356297 -0.34929 -0.396825 0.34085 -0.34929 -0.410481 0.34085 -0.741202 -0.410481 0.356297 -0.741202 -0.396825 0.34085 -0.34929 -0.410481 0.354506 -0.34929 -0.425928 0.354506 -0.741202 -0.425928 0.34085 -0.741202 -0.410481 0.354506 -0.34929 -0.425928 0.369953 -0.34929 -0.412271 0.369953 -0.741202 -0.412271 0.354506 -0.741202 -0.425928 0.369953 -0.34929 -0.412271 0.356297 -0.34929 -0.396825 0.356297 -0.741202 -0.396825 0.369953 -0.741202 -0.412271 0.317118 -0.342013 -0.368073 0.323052 -0.354488 -0.374785 0.370915 -0.354488 -0.365065 0.373761 -0.342013 -0.35657 0.373761 -0.342013 -0.35657 0.370915 -0.354488 -0.365065 0.403265 -0.354488 -0.401655 0.412044 -0.342013 -0.399873 0.412044 -0.342013 -0.399873 0.403265 -0.354488 -0.401655 0.387751 -0.354488 -0.447966 0.393685 -0.342013 -0.454678 0.393685 -0.342013 -0.454678 0.387751 -0.354488 -0.447966 0.339888 -0.354488 -0.457687 0.337042 -0.342013 -0.466182 0.337042 -0.342013 -0.466182 0.339888 -0.354488 -0.457687 0.307538 -0.354488 -0.421096 0.298759 -0.342013 -0.422879 0.298759 -0.342013 -0.422879 0.307538 -0.354488 -0.421096 0.323052 -0.354488 -0.374785 0.317118 -0.342013 -0.368073 0.306781 -0.317757 -0.356382 0.317729 -0.317757 -0.368765 0.299663 -0.317757 -0.422696 0.283465 -0.317757 -0.425986 0.332085 -0.317757 -0.48098 0.337335 -0.317757 -0.465307 0.393074 -0.317757 -0.453987 0.404022 -0.317757 -0.46637 0.427338 -0.317757 -0.396767 0.41114 -0.317757 -0.400056 0.378717 -0.317757 -0.341772 0.373468 -0.317757 -0.357445 0.378717 -0.317757 -0.341772 0.306781 -0.317757 -0.356382 0.427338 -0.317757 -0.396767 0.378717 -0.317757 -0.341772 0.404022 -0.317757 -0.46637 0.427338 -0.317757 -0.396767 0.332085 -0.317757 -0.48098 0.404022 -0.317757 -0.46637 0.283465 -0.317757 -0.425986 0.332085 -0.317757 -0.48098 0.306781 -0.317757 -0.356382 0.283465 -0.317757 -0.425986 0.369627 -0.342013 -0.368911 0.325738 -0.342013 -0.377824 0.317729 -0.317757 -0.368765 0.373468 -0.317757 -0.357445 0.325738 -0.342013 -0.377824 0.311513 -0.342013 -0.420289 0.299663 -0.317757 -0.422696 0.317729 -0.317757 -0.368765 0.311513 -0.342013 -0.420289 0.341176 -0.342013 -0.453842 0.337335 -0.317757 -0.465307 0.299663 -0.317757 -0.422696 0.341176 -0.342013 -0.453842 0.385065 -0.342013 -0.444928 0.393074 -0.317757 -0.453987 0.337335 -0.317757 -0.465307 0.385065 -0.342013 -0.444928 0.39929 -0.342013 -0.402463 0.41114 -0.317757 -0.400056 0.393074 -0.317757 -0.453987 0.39929 -0.342013 -0.402463 0.369627 -0.342013 -0.368911 0.373468 -0.317757 -0.357445 0.41114 -0.317757 -0.400056 0.323052 -0.354488 -0.374785 0.307538 -0.354488 -0.421096 0.403265 -0.354488 -0.401655 0.370915 -0.354488 -0.365065 0.339888 -0.354488 -0.457687 0.387751 -0.354488 -0.447966 0.325738 -0.342013 -0.377824 0.369627 -0.342013 -0.368911 0.341176 -0.342013 -0.453842 0.311513 -0.342013 -0.420289 0.39929 -0.342013 -0.402463 0.385065 -0.342013 -0.444928 0.341611 -0.27803 -0.399132 0.351537 -0.266832 -0.384798 0.336739 -0.213801 -0.412446 0.351537 -0.266832 -0.384798 0.373325 -0.270209 -0.398276 0.336739 -0.213801 -0.412446 0.373325 -0.270209 -0.398276 0.364139 -0.285944 -0.418667 0.336739 -0.213801 -0.412446 0.364139 -0.285944 -0.418667 0.349448 -0.285226 -0.425582 0.336739 -0.213801 -0.412446 0.349448 -0.285226 -0.425582 0.340802 -0.284926 -0.412406 0.336739 -0.213801 -0.412446 0.340802 -0.284926 -0.412406 0.341611 -0.27803 -0.399132 0.336739 -0.213801 -0.412446 0.358003 -0.319413 -0.390077 0.351537 -0.266832 -0.384798 0.341611 -0.27803 -0.399132 0.339278 -0.31815 -0.394957 0.338548 -0.351023 -0.394131 0.361426 -0.351076 -0.389779 0.375052 -0.315637 -0.409361 0.358003 -0.319413 -0.390077 0.358003 -0.319413 -0.390077 0.361426 -0.351076 -0.389779 0.377476 -0.351023 -0.407933 0.375052 -0.315637 -0.409361 0.373281 -0.304329 -0.433417 0.364139 -0.285944 -0.418667 0.373325 -0.270209 -0.398276 0.375052 -0.315637 -0.409361 0.375052 -0.315637 -0.409361 0.377476 -0.351023 -0.407933 0.370668 -0.350445 -0.430462 0.373281 -0.304329 -0.433417 0.348848 -0.315479 -0.431842 0.349448 -0.285226 -0.425582 0.364139 -0.285944 -0.418667 0.373281 -0.304329 -0.433417 0.370668 -0.350445 -0.430462 0.347475 -0.351023 -0.434457 0.327673 -0.317334 -0.407891 0.340802 -0.284926 -0.412406 0.349448 -0.285226 -0.425582 0.348848 -0.315479 -0.431842 0.347475 -0.351023 -0.434457 0.331253 -0.350996 -0.416109 0.341611 -0.27803 -0.399132 0.340802 -0.284926 -0.412406 0.327673 -0.317334 -0.407891 0.331253 -0.350996 -0.416109 0.393685 -0.743281 -0.454678 0.387751 -0.730807 -0.447966 0.403265 -0.730807 -0.401655 0.412044 -0.743281 -0.399873 0.412044 -0.743281 -0.399873 0.403265 -0.730807 -0.401655 0.370915 -0.730807 -0.365065 0.373761 -0.743281 -0.35657 0.373761 -0.743281 -0.35657 0.370915 -0.730807 -0.365065 0.323052 -0.730807 -0.374785 0.317118 -0.743281 -0.368073 0.317118 -0.743281 -0.368073 0.323052 -0.730807 -0.374785 0.307538 -0.730807 -0.421096 0.298759 -0.743281 -0.422879 0.298759 -0.743281 -0.422879 0.307538 -0.730807 -0.421096 0.339888 -0.730807 -0.457687 0.337042 -0.743281 -0.466182 0.337042 -0.743281 -0.466182 0.339888 -0.730807 -0.457687 0.387751 -0.730807 -0.447966 0.393685 -0.743281 -0.454678 0.387751 -0.730807 -0.447966 0.339888 -0.730807 -0.457687 0.370915 -0.730807 -0.365065 0.403265 -0.730807 -0.401655 0.307538 -0.730807 -0.421096 0.323052 -0.730807 -0.374785 -0.310208 -0.504755 -0.0606862 -0.278915 -0.504755 -0.0551684 -0.285183 -0.50874 -0.0641203 -0.301256 -0.50874 -0.0669544 -0.278915 -0.504755 -0.0551684 -0.273397 -0.504755 -0.0864613 -0.273397 -0.504755 -0.0864613 -0.30469 -0.504755 -0.091979 -0.298422 -0.50874 -0.0830274 -0.282349 -0.50874 -0.0801933 -0.30469 -0.504755 -0.091979 -0.310208 -0.504755 -0.0606862 -0.301256 -0.50874 -0.0669544 -0.298422 -0.50874 -0.0830274 -0.719112 -0.112253 0.222082 -0.0324495 0.448741 -0.0278429 -0.502034 -0.113195 0.532825 -0.502034 -0.113195 0.532825 -0.0324495 0.448741 -0.0278429 -0.159684 -0.114654 0.693739 -0.502034 -0.113195 0.532825 -0.506599 -0.122757 0.539291 -0.719112 -0.112253 0.222082 -0.502034 -0.113195 0.532825 -0.160416 -0.109153 0.697891 -0.493577 -0.109153 0.542536 -0.502034 -0.113195 0.532825 -0.159684 -0.114654 0.693739 -0.159684 -0.114654 0.693739 -0.0324495 0.448741 -0.0278429 0.217056 -0.113195 0.65962 0.217056 -0.113195 0.65962 -0.0324495 0.448741 -0.0278429 0.527323 -0.112253 0.441862 0.219135 -0.122757 0.667257 0.217056 -0.113195 0.65962 0.217056 -0.113195 0.65962 0.527323 -0.112253 0.441862 0.205787 -0.109153 0.665853 0.217056 -0.113195 0.65962 0.26129 -0.128189 0.686912 0.259928 -0.123663 0.694633 0.259928 -0.14177 0.694633 0.26129 -0.137243 0.686912 0.258567 -0.128189 0.702355 0.258567 -0.137243 0.702355 -0.549522 -0.137243 0.543944 -0.550883 -0.14177 0.551665 -0.550883 -0.123663 0.551665 -0.549522 -0.128189 0.543944 -0.552245 -0.137243 0.559387 -0.552245 -0.128189 0.559387 -0.717792 -0.705511 -0.964258 -0.703383 -0.705511 -0.952167 -0.696851 -0.705511 -0.989215 -0.714526 -0.705511 -0.982782 -0.685708 -0.705511 -0.958601 -0.682442 -0.705511 -0.977125 0.89975 -0.705511 -0.679042 0.914159 -0.705511 -0.666951 0.920692 -0.705511 -0.703999 0.903017 -0.705511 -0.697565 0.931835 -0.705511 -0.673384 0.935101 -0.705511 -0.691908 -0.967916 -0.705511 0.641879 -0.964649 -0.705511 0.623356 -1 -0.705511 0.636222 -0.985591 -0.705511 0.648313 -0.979058 -0.705511 0.611265 -0.996734 -0.705511 0.617698 0.649627 -0.705511 0.927096 0.652893 -0.705511 0.908572 0.617543 -0.705511 0.921439 0.631952 -0.705511 0.933529 0.638484 -0.705511 0.896481 0.620809 -0.705511 0.902915 -0.245819 -0.487893 0.110869 -0.256786 -0.486934 0.110889 -0.256418 -0.482933 0.121139 -0.24545 -0.483892 0.121119 -0.248853 -0.554887 0.13415 -0.265345 -0.553445 0.13418 -0.257332 -0.493218 0.113362 -0.246364 -0.494177 0.113342 -0.265345 -0.553445 0.13418 -0.26479 -0.547428 0.149594 -0.256963 -0.489217 0.123611 -0.257332 -0.493218 0.113362 -0.26479 -0.547428 0.149594 -0.248298 -0.548871 0.149563 -0.245996 -0.490176 0.123591 -0.256963 -0.489217 0.123611 -0.248298 -0.548871 0.149563 -0.248853 -0.554887 0.13415 -0.246364 -0.494177 0.113342 -0.245996 -0.490176 0.123591 -0.265345 -0.553445 0.13418 -0.248853 -0.554887 0.13415 -0.249878 -0.566699 0.138798 -0.26637 -0.565256 0.138828 -0.248298 -0.548871 0.149563 -0.26479 -0.547428 0.149594 -0.265815 -0.55924 0.154241 -0.249323 -0.560683 0.154211 -0.26479 -0.547428 0.149594 -0.265345 -0.553445 0.13418 -0.297898 -0.548656 0.139173 -0.297698 -0.546491 0.144721 -0.298922 -0.560468 0.14382 -0.297898 -0.548656 0.139173 -0.26637 -0.565256 0.138828 -0.265815 -0.55924 0.154241 -0.298723 -0.558302 0.149369 -0.298922 -0.560468 0.14382 -0.297698 -0.546491 0.144721 -0.298723 -0.558302 0.149369 -0.248853 -0.554887 0.13415 -0.248298 -0.548871 0.149563 -0.215746 -0.553659 0.144571 -0.215946 -0.555825 0.139022 -0.216771 -0.565471 0.149219 -0.215746 -0.553659 0.144571 -0.249323 -0.560683 0.154211 -0.249878 -0.566699 0.138798 -0.21697 -0.567637 0.14367 -0.216771 -0.565471 0.149219 -0.215946 -0.555825 0.139022 -0.21697 -0.567637 0.14367 -0.249448 -0.557049 0.14411 -0.249343 -0.555906 0.147039 -0.263811 -0.722689 0.212661 -0.263916 -0.723832 0.209733 -0.249343 -0.555906 0.147039 -0.265835 -0.554463 0.147069 -0.280303 -0.721246 0.212692 -0.263811 -0.722689 0.212661 -0.265835 -0.554463 0.147069 -0.26594 -0.555606 0.144141 -0.280408 -0.722389 0.209763 -0.280303 -0.721246 0.212692 -0.26594 -0.555606 0.144141 -0.249448 -0.557049 0.14411 -0.263916 -0.723832 0.209733 -0.280408 -0.722389 0.209763 -0.273749 -0.741438 0.218648 -0.273749 -0.741438 0.218648 -0.273749 -0.741438 0.218648 -0.273749 -0.741438 0.218648 -0.209761 -0.561225 0.144108 -0.216771 -0.565471 0.149219 -0.21697 -0.567637 0.14367 -0.209761 -0.561225 0.144108 -0.209761 -0.561225 0.144108 -0.215946 -0.555825 0.139022 -0.215746 -0.553659 0.144571 -0.209761 -0.561225 0.144108 -0.304907 -0.552902 0.144283 -0.298922 -0.560468 0.14382 -0.298723 -0.558302 0.149369 -0.304907 -0.552902 0.144283 -0.304907 -0.552902 0.144283 -0.297698 -0.546491 0.144721 -0.297898 -0.548656 0.139173 -0.304907 -0.552902 0.144283 -0.256786 -0.486934 0.110889 -0.245819 -0.487893 0.110869 -0.256418 -0.482933 0.121139 -0.256786 -0.486934 0.110889 -0.24545 -0.483892 0.121119 -0.256418 -0.482933 0.121139 -0.245819 -0.487893 0.110869 -0.24545 -0.483892 0.121119 -0.240169 -0.728727 0.175383 -0.240169 -0.689917 0.175383 -0.2213 -0.689917 0.170853 -0.2213 -0.728727 0.170853 -0.2213 -0.728727 0.170853 -0.2213 -0.689917 0.170853 -0.207943 -0.689917 0.184929 -0.207943 -0.728727 0.184929 -0.207943 -0.728727 0.184929 -0.207943 -0.689917 0.184929 -0.213454 -0.689917 0.203535 -0.213454 -0.728727 0.203535 -0.213454 -0.728727 0.203535 -0.213454 -0.689917 0.203535 -0.232323 -0.689917 0.208065 -0.232323 -0.728727 0.208065 -0.232323 -0.728727 0.208065 -0.232323 -0.689917 0.208065 -0.24568 -0.689917 0.193989 -0.24568 -0.728727 0.193989 -0.24568 -0.728727 0.193989 -0.24568 -0.689917 0.193989 -0.240169 -0.689917 0.175383 -0.240169 -0.728727 0.175383 -0.2213 -0.741549 0.170853 -0.240169 -0.741549 0.175383 -0.207943 -0.741549 0.184929 -0.2213 -0.741549 0.170853 -0.213454 -0.741549 0.203535 -0.207943 -0.741549 0.184929 -0.240846 -0.728727 0.236838 -0.248674 -0.728727 0.216576 -0.248674 -0.741549 0.216576 -0.240846 -0.741549 0.236838 -0.223245 -0.728727 0.224108 -0.240846 -0.728727 0.236838 -0.240846 -0.741549 0.236838 -0.223245 -0.741549 0.224108 -0.240169 -0.741549 0.175383 -0.24568 -0.741549 0.193989 -0.213454 -0.728727 0.203535 -0.232323 -0.728727 0.208065 -0.240846 -0.728727 0.236838 -0.223245 -0.728727 0.224108 -0.24568 -0.728727 0.193989 -0.248674 -0.728727 0.216576 -0.24568 -0.728727 0.193989 -0.24568 -0.741549 0.193989 -0.213454 -0.741549 0.203535 -0.213454 -0.728727 0.203535 -0.249571 -0.681947 0.194923 -0.242923 -0.681947 0.172481 -0.233459 -0.681947 0.211901 -0.249571 -0.681947 0.194923 -0.2107 -0.681947 0.206437 -0.233459 -0.681947 0.211901 -0.204052 -0.681947 0.183995 -0.2107 -0.681947 0.206437 -0.220164 -0.681947 0.167017 -0.204052 -0.681947 0.183995 -0.242923 -0.681947 0.172481 -0.220164 -0.681947 0.167017 -0.242923 -0.681947 0.172481 -0.249571 -0.681947 0.194923 -0.241478 -0.681947 0.19298 -0.237194 -0.681947 0.178518 -0.233459 -0.681947 0.211901 -0.231095 -0.681947 0.203921 -0.2107 -0.681947 0.206437 -0.216428 -0.681947 0.2004 -0.204052 -0.681947 0.183995 -0.212144 -0.681947 0.185938 -0.220164 -0.681947 0.167017 -0.222527 -0.681947 0.174996 -0.220164 -0.681947 0.167017 -0.222527 -0.681947 0.174996 -0.237194 -0.681947 0.178518 -0.241478 -0.681947 0.19298 -0.241478 -0.709669 0.19298 -0.237194 -0.709669 0.178518 -0.241478 -0.681947 0.19298 -0.231095 -0.681947 0.203921 -0.231095 -0.709669 0.203921 -0.241478 -0.709669 0.19298 -0.231095 -0.681947 0.203921 -0.216428 -0.681947 0.2004 -0.216428 -0.709669 0.2004 -0.231095 -0.709669 0.203921 -0.216428 -0.681947 0.2004 -0.212144 -0.681947 0.185938 -0.212144 -0.709669 0.185938 -0.216428 -0.709669 0.2004 -0.212144 -0.681947 0.185938 -0.222527 -0.681947 0.174996 -0.222527 -0.709669 0.174996 -0.212144 -0.709669 0.185938 -0.222527 -0.681947 0.174996 -0.237194 -0.681947 0.178518 -0.237194 -0.709669 0.178518 -0.222527 -0.709669 0.174996 -0.231095 -0.709669 0.203921 -0.216428 -0.709669 0.2004 -0.237194 -0.709669 0.178518 -0.241478 -0.709669 0.19298 -0.212144 -0.709669 0.185938 -0.222527 -0.709669 0.174996 -0.198687 -0.728727 0.187503 -0.198687 -0.689917 0.187503 -0.188809 -0.689917 0.170801 -0.188809 -0.728727 0.170801 -0.188809 -0.728727 0.170801 -0.188809 -0.689917 0.170801 -0.169405 -0.689917 0.171004 -0.169405 -0.728727 0.171004 -0.169405 -0.728727 0.171004 -0.169405 -0.689917 0.171004 -0.159879 -0.689917 0.187909 -0.159879 -0.728727 0.187909 -0.159879 -0.728727 0.187909 -0.159879 -0.689917 0.187909 -0.169757 -0.689917 0.204612 -0.169757 -0.728727 0.204612 -0.169757 -0.728727 0.204612 -0.169757 -0.689917 0.204612 -0.189161 -0.689917 0.204409 -0.189161 -0.728727 0.204409 -0.189161 -0.728727 0.204409 -0.189161 -0.689917 0.204409 -0.198687 -0.689917 0.187503 -0.198687 -0.728727 0.187503 -0.188809 -0.741549 0.170801 -0.198687 -0.741549 0.187503 -0.169405 -0.741549 0.171004 -0.188809 -0.741549 0.170801 -0.159879 -0.741549 0.187909 -0.169405 -0.741549 0.171004 -0.155025 -0.728727 0.230757 -0.175024 -0.728727 0.222277 -0.175024 -0.741549 0.222277 -0.155025 -0.741549 0.230757 -0.151918 -0.728727 0.209258 -0.155025 -0.728727 0.230757 -0.155025 -0.741549 0.230757 -0.151918 -0.741549 0.209258 -0.198687 -0.741549 0.187503 -0.189161 -0.741549 0.204409 -0.159879 -0.728727 0.187909 -0.169757 -0.728727 0.204612 -0.155025 -0.728727 0.230757 -0.151918 -0.728727 0.209258 -0.189161 -0.728727 0.204409 -0.175024 -0.728727 0.222277 -0.189161 -0.728727 0.204409 -0.189161 -0.741549 0.204409 -0.159879 -0.741549 0.187909 -0.159879 -0.728727 0.187909 -0.191198 -0.681947 0.207853 -0.202688 -0.681947 0.187461 -0.167793 -0.681947 0.208098 -0.191198 -0.681947 0.207853 -0.155878 -0.681947 0.187951 -0.167793 -0.681947 0.208098 -0.167368 -0.681947 0.16756 -0.155878 -0.681947 0.187951 -0.190773 -0.681947 0.167314 -0.167368 -0.681947 0.16756 -0.202688 -0.681947 0.187461 -0.190773 -0.681947 0.167314 -0.202688 -0.681947 0.187461 -0.191198 -0.681947 0.207853 -0.186961 -0.681947 0.200689 -0.194366 -0.681947 0.187548 -0.167793 -0.681947 0.208098 -0.171878 -0.681947 0.200847 -0.155878 -0.681947 0.187951 -0.1642 -0.681947 0.187864 -0.167368 -0.681947 0.16756 -0.171605 -0.681947 0.174723 -0.190773 -0.681947 0.167314 -0.186687 -0.681947 0.174565 -0.190773 -0.681947 0.167314 -0.186687 -0.681947 0.174565 -0.194366 -0.681947 0.187548 -0.186961 -0.681947 0.200689 -0.186961 -0.709669 0.200689 -0.194366 -0.709669 0.187548 -0.186961 -0.681947 0.200689 -0.171878 -0.681947 0.200847 -0.171878 -0.709669 0.200847 -0.186961 -0.709669 0.200689 -0.171878 -0.681947 0.200847 -0.1642 -0.681947 0.187864 -0.1642 -0.709669 0.187864 -0.171878 -0.709669 0.200847 -0.1642 -0.681947 0.187864 -0.171605 -0.681947 0.174723 -0.171605 -0.709669 0.174723 -0.1642 -0.709669 0.187864 -0.171605 -0.681947 0.174723 -0.186687 -0.681947 0.174565 -0.186687 -0.709669 0.174565 -0.171605 -0.709669 0.174723 -0.186687 -0.681947 0.174565 -0.194366 -0.681947 0.187548 -0.194366 -0.709669 0.187548 -0.186687 -0.709669 0.174565 -0.171878 -0.709669 0.200847 -0.1642 -0.709669 0.187864 -0.194366 -0.709669 0.187548 -0.186961 -0.709669 0.200689 -0.171605 -0.709669 0.174723 -0.186687 -0.709669 0.174565 </float_array>
          <technique_common>
            <accessor count="3029" offset="0" source="#meshId0-positions-array" stride="3">
              <param name="X" type="float" />
              <param name="Y" type="float" />
              <param name="Z" type="float" />
            </accessor>
          </technique_common>
        </source>
        <source id="meshId0-normals" name="meshId0-normals">
          <float_array id="meshId0-normals-array" count="9087"> -0.0442021 -0.651704 0.757184 0.0444684 -0.860045 0.508276 0.175014 -0.651704 0.738005 0.340312 -0.651704 0.677842 0.292649 -0.860045 0.417946 0.52057 -0.651704 0.551624 0.63364 -0.651704 0.416872 0.462358 -0.860131 0.215404 0.726639 -0.651704 0.217436 0.757633 -0.652067 0.0282877 0.508087 -0.860134 -0.044918 0.735681 -0.649775 -0.191222 -0.633386 -0.651718 -0.417235 -0.462082 -0.860134 -0.215985 -0.726638 -0.651704 -0.217436 -0.757184 -0.651704 -0.0442021 -0.508147 -0.860131 0.0442782 -0.738005 -0.651704 0.175014 -0.677842 -0.651704 0.340312 -0.417946 -0.860045 0.292649 -0.551624 -0.651704 0.520569 -0.416872 -0.651704 0.63364 -0.215627 -0.860045 0.462414 -0.217436 -0.651704 0.726638 2.30824e-08 -1 6.34178e-08 2.30824e-08 -1 6.34178e-08 -1.17192e-08 -1 6.64623e-08 -1.17192e-08 -1 6.64623e-08 5.1699e-08 -1 4.33807e-08 5.1699e-08 -1 4.33807e-08 -0.0462139 -0.998926 0.0032234 -0.0462139 -0.998926 0.0032234 -0.0854017 -0.996137 0.0204075 -0.0854017 -0.996137 0.0204075 -0.0784541 -0.996325 0.0343701 -0.0784541 -0.996325 0.0343701 -5.61231e-08 -1 -3.8106e-08 -5.61231e-08 -1 -3.8106e-08 -4.89248e-08 -1 -4.66848e-08 -4.89248e-08 -1 -4.66848e-08 -6.64617e-08 -1 -1.17189e-08 -6.64617e-08 -1 -1.17189e-08 -6.34172e-08 -1 2.30819e-08 -6.34172e-08 -1 2.30819e-08 -4.33801e-08 -1 5.16986e-08 -4.33801e-08 -1 5.16986e-08 0.166227 0.289227 -0.942718 0.615315 0.289227 -0.733304 0.641427 0.0648968 -0.764434 0.17328 0.0650744 -0.98272 0.899531 0.289227 -0.327402 0.937737 0.0644106 -0.341322 0.942718 0.289227 0.166227 0.982807 0.0637467 0.17328 0.731616 0.289226 0.617322 0.775537 0.0620788 0.628243 0.546378 0.279777 0.789428 0.600274 0.0592335 0.797598 -0.808362 0.137304 0.572449 -0.915083 0.216479 0.340234 -0.943783 0.0915539 0.317635 -0.838791 0.102478 0.534721 -0.942718 0.289227 -0.166226 -0.981511 0.0707354 -0.177855 -0.733304 0.289228 -0.615315 -0.764445 0.0644109 -0.641463 -0.327402 0.289227 -0.899531 -0.341292 0.0648967 -0.937714 0.105635 0.793687 -0.599085 -0.20806 0.793687 -0.57164 -0.0444144 0.860413 -0.507659 -0.20806 0.793687 -0.57164 -0.466005 0.793687 -0.391025 -0.292294 0.860412 -0.417438 -0.641626 -0.0599303 0.764672 -0.519673 -0.477112 0.708734 -0.208882 -0.477112 0.853658 -0.173334 -0.060109 0.983027 -0.938026 -0.0594426 0.341428 -0.804417 -0.477112 0.353945 -0.607727 -0.477112 0.634848 -0.983108 -0.0587764 -0.173332 -0.873618 -0.477112 -0.0956832 -0.843731 -0.477112 0.245932 -0.770618 -0.0741038 -0.632974 -0.714891 -0.43641 -0.546331 -0.853658 -0.477112 -0.208882 0.989402 -0.136268 0.0501561 0.875045 -0.477415 0.0798143 0.859739 -0.422496 -0.28696 0.933479 -0.0114157 -0.358451 0.764681 -0.0594424 0.641661 0.708734 -0.477112 0.519673 0.856571 -0.478281 0.193735 0.959922 -0.135944 0.245089 0.341398 -0.0599304 0.938006 0.353945 -0.477112 0.804417 0.634849 -0.477112 0.607726 0.764681 -0.0594424 0.641661 -0.0956833 -0.477112 0.873618 0.245932 -0.477112 0.843731 -0.466005 0.793687 -0.391025 -0.599085 0.793687 -0.105635 -0.461853 0.860412 -0.215366 -0.599085 0.793687 -0.105635 -0.57164 0.793687 0.20806 -0.507659 0.860412 0.0444149 -0.57164 0.793687 0.20806 -0.391025 0.793686 0.466006 -0.417439 0.860412 0.292293 -0.262693 0.783347 0.563347 -0.105635 0.793687 0.599084 -0.215366 0.860413 0.461853 -0.391025 0.793686 0.466006 0.0541739 0.783351 0.619214 0.20806 0.793688 0.571638 0.0444142 0.860413 0.507659 -0.105635 0.793687 0.599084 0.20806 0.793688 0.571638 0.466005 0.793687 0.391025 0.292293 0.860413 0.417438 0.466005 0.793687 0.391025 0.599085 0.793687 0.105635 0.461853 0.860413 0.215365 0.599085 0.793687 0.105635 0.57164 0.793687 -0.20806 0.507659 0.860412 -0.0444144 0.57164 0.793687 -0.20806 0.391025 0.793687 -0.466005 0.417439 0.860412 -0.292294 0.391025 0.793687 -0.466005 0.105635 0.793687 -0.599085 0.215366 0.860412 -0.461853 -0.642759 0.00824946 0.766024 -0.173642 0.00809927 0.984775 -0.171593 -0.153396 0.973152 -0.635173 -0.153453 0.756973 -0.939652 0.00865915 0.342022 -0.928539 -0.153609 0.337964 -0.984769 0.00921876 -0.173623 -0.973088 -0.153822 -0.171577 -0.795649 -0.0428196 -0.604243 -0.788797 -0.153814 -0.595097 -0.648691 -0.092256 -0.75544 -0.592338 -0.0868869 -0.800991 -0.647492 -0.152212 -0.746717 0.947497 -0.0251549 -0.318774 0.933479 -0.0114157 -0.358451 0.828288 0.0329396 -0.559334 0.868766 -0.0645263 -0.491 0.840692 -0.295107 -0.454036 0.92794 -0.219619 -0.301156 0.988861 0.0120455 0.148356 0.99834 0.0200909 0.0539817 0.97807 -0.148301 0.146236 0.766006 0.008659 0.642775 0.969778 0.0188564 0.243258 0.75695 -0.15361 0.635162 0.342 0.00824906 0.939664 0.337967 -0.153454 0.928563 -0.342002 -0.00774153 -0.939667 0.173643 -0.00759191 -0.984779 0.171738 0.14792 -0.973974 -0.338253 0.147977 -0.929348 -0.76601 -0.00814976 -0.642777 -0.757591 0.148133 -0.635699 -0.983078 -0.00142066 -0.183179 -0.972134 0.148334 -0.181526 -0.956214 0.0492165 0.288501 -0.949363 0.131818 0.285189 0.523849 0.181816 0.832181 0.613912 0.143202 0.776277 0.613912 0.143202 0.776277 0.523849 0.181816 0.832181 0.523624 0.221071 0.822767 0.523624 0.221071 0.822767 -0.865574 0.0901117 0.492607 -0.864458 0.112889 0.489865 -0.857419 0.150253 0.492195 -0.890029 0.114926 0.441181 -0.890029 0.114926 0.441181 -0.857419 0.150253 0.492195 -0.857168 0.175279 0.484294 -0.857168 0.175279 0.484294 0.795776 0.0336364 0.604657 0.644779 0.0750965 0.760671 0.629083 0.310218 0.712755 0.781416 0.232336 0.579145 0.984773 -0.0087073 0.173625 0.973912 0.148346 0.171723 0.939656 -0.00814986 -0.342022 0.929324 0.148133 -0.33825 0.642762 -0.00774135 -0.766027 0.635709 0.147977 -0.757612 0.984808 -1.03144e-06 0.173647 0.984808 0 0.173647 0.984808 0 0.173647 0.984808 -1.03144e-06 0.173647 0.984808 0 0.173647 0.984808 1.28434e-06 0.173646 0.984808 1.28434e-06 0.173646 0.984808 0 0.173647 0.984808 1.28434e-06 0.173646 0.984808 1.28434e-06 0.173646 0.984808 0 0.173646 0.984808 0 0.173646 0.984808 -1.03144e-06 0.173647 0.984808 -1.03144e-06 0.173647 -0.984808 -1.46782e-06 -0.173649 -0.984808 0 -0.173649 -0.984808 0 -0.173649 -0.984808 -1.46782e-06 -0.173649 -0.984807 -1.1802e-06 -0.17365 -0.984807 -1.1802e-06 -0.17365 -0.984808 -1.1802e-06 -0.173649 -0.984808 -1.1802e-06 -0.173649 -0.984807 0 -0.173651 -0.984807 0 -0.173651 -0.984807 -1.46782e-06 -0.173652 -0.984807 -1.46782e-06 -0.173652 -0.984807 -1.46782e-06 -0.173652 -0.984807 -1.46782e-06 -0.173652 -0.138756 -0.864815 0.482537 -0.138756 -0.864815 0.482537 -0.138756 -0.864815 0.482537 -0.138756 -0.864815 0.482537 -0.22546 0 0.974252 -0.22546 0 0.974252 -0.22546 0 0.974252 -0.22546 0 0.974252 -0.138755 0.864816 0.482536 -0.138755 0.864816 0.482536 -0.138755 0.864816 0.482536 -0.138755 0.864816 0.482536 0.0346518 0.864815 -0.500893 0.0346518 0.864815 -0.500893 0.0346518 0.864815 -0.500893 0.0346518 0.864815 -0.500893 0.121358 0 -0.992609 0.121358 0 -0.992609 0.121358 0 -0.992609 0.121358 0 -0.992609 0.0346509 -0.864814 -0.500895 0.0346509 -0.864814 -0.500895 0.0346509 -0.864814 -0.500895 0.0346509 -0.864814 -0.500895 0.138759 -0.864814 -0.482538 0.138759 -0.864814 -0.482538 0.138759 -0.864814 -0.482538 0.138759 -0.864814 -0.482538 0.22546 0 -0.974252 0.22546 0 -0.974252 0.22546 0 -0.974252 0.22546 0 -0.974252 0.138756 0.864815 -0.482537 0.138756 0.864815 -0.482537 0.138756 0.864815 -0.482537 0.138756 0.864815 -0.482537 -0.0346522 0.864816 0.500892 -0.0346522 0.864816 0.500892 -0.0346522 0.864816 0.500892 -0.0346522 0.864816 0.500892 -0.121359 0 0.992609 -0.121359 0 0.992609 -0.121359 0 0.992609 -0.121359 0 0.992609 -0.0346509 -0.864815 0.500893 -0.0346509 -0.864815 0.500893 -0.0346509 -0.864815 0.500893 -0.0346509 -0.864815 0.500893 0.984808 6.85469e-06 0.173645 0.984806 0 0.173658 0.984806 0 0.173658 0.984808 6.85469e-06 0.173645 0.984805 -5.75325e-06 0.173662 0.984805 -5.75325e-06 0.173662 0.984807 -5.75325e-06 0.173652 0.984807 -5.75325e-06 0.173652 0.98481 0 0.173637 0.98481 0 0.173637 0.98481 0 0.173637 0.98481 6.85469e-06 0.173634 0.98481 6.85469e-06 0.173634 0.98481 0 0.173637 -0.984808 1.91578e-06 -0.173647 -0.984808 0 -0.173647 -0.984808 0 -0.173647 -0.984808 1.91578e-06 -0.173647 -0.984808 -7.03046e-08 -0.173647 -0.984808 -7.03046e-08 -0.173647 -0.984808 -7.03046e-08 -0.173647 -0.984808 -7.03046e-08 -0.173648 -0.984808 -7.03046e-08 -0.173648 -0.984808 -7.03046e-08 -0.173647 -0.984808 0 -0.173646 -0.984808 0 -0.173646 -0.984808 1.91578e-06 -0.173645 -0.984808 1.91578e-06 -0.173645 0.0868217 0.866026 -0.492403 0.0868217 0.866026 -0.492403 0.0868217 0.866026 -0.492403 0.0868217 0.866026 -0.492403 0.173651 0 -0.984807 0.173651 0 -0.984807 0.173651 0 -0.984807 0.173651 0 -0.984807 0.0868255 -0.866026 -0.492403 0.0868255 -0.866026 -0.492403 0.0868255 -0.866026 -0.492403 0.0868255 -0.866026 -0.492403 -0.0868219 -0.866025 0.492404 -0.0868219 -0.866025 0.492404 -0.0868219 -0.866025 0.492404 -0.0868219 -0.866025 0.492404 -0.173644 0 0.984809 -0.173644 0 0.984809 -0.173644 0 0.984809 -0.173644 0 0.984809 -0.0868219 0.866025 0.492404 -0.0868219 0.866025 0.492404 -0.0868219 0.866025 0.492404 -0.0868219 0.866025 0.492404 -0.0868229 0.866025 0.492404 -0.0868229 0.866025 0.492404 -0.0868229 0.866025 0.492404 -0.0868229 0.866025 0.492404 -0.173643 0 0.984809 -0.173643 0 0.984809 -0.173643 0 0.984809 -0.173643 0 0.984809 -0.0868216 -0.866025 0.492404 -0.0868216 -0.866025 0.492404 -0.0868216 -0.866025 0.492404 -0.0868216 -0.866025 0.492404 0.0868225 -0.866027 -0.492402 0.0868225 -0.866027 -0.492402 0.0868225 -0.866027 -0.492402 0.0868225 -0.866027 -0.492402 0.173656 0 -0.984806 0.173656 0 -0.984806 0.173656 0 -0.984806 0.173656 0 -0.984806 0.0868276 0.866027 -0.492401 0.0868276 0.866027 -0.492401 0.0868276 0.866027 -0.492401 0.0868276 0.866027 -0.492401 0.984809 9.63093e-07 0.173642 0.984809 0 0.173642 0.984809 0 0.173642 0.984809 9.63093e-07 0.173642 0.984809 3.21033e-07 0.173642 0.984809 3.21033e-07 0.173642 0.984809 3.21033e-07 0.173642 0.984809 3.21033e-07 0.173642 0.984809 0 0.173641 0.984809 0 0.173641 0.984809 0 0.173641 0.984809 9.63093e-07 0.17364 0.984809 9.63093e-07 0.17364 0.984809 0 0.173641 -0.984808 -1.83906e-06 -0.173649 -0.984808 0 -0.173645 -0.984808 0 -0.173645 -0.984808 -1.83906e-06 -0.173649 -0.984808 1.2566e-06 -0.173644 -0.984808 1.2566e-06 -0.173644 -0.984808 1.2566e-06 -0.173644 -0.984808 1.2566e-06 -0.173647 -0.984808 1.2566e-06 -0.173647 -0.984808 1.2566e-06 -0.173644 -0.984807 0 -0.173651 -0.984807 0 -0.173651 -0.984807 -1.83906e-06 -0.173652 -0.984807 -1.83906e-06 -0.173652 -0.0868243 -0.866025 0.492404 -0.0868243 -0.866025 0.492404 -0.0868243 -0.866025 0.492404 -0.0868243 -0.866025 0.492404 -0.173648 0 0.984808 -0.173648 0 0.984808 -0.173648 0 0.984808 -0.173648 0 0.984808 -0.0868243 0.866025 0.492404 -0.0868243 0.866025 0.492404 -0.0868243 0.866025 0.492404 -0.0868243 0.866025 0.492404 0.0868243 0.866025 -0.492404 0.0868243 0.866025 -0.492404 0.0868243 0.866025 -0.492404 0.0868243 0.866025 -0.492404 0.173648 0 -0.984808 0.173648 0 -0.984808 0.173648 0 -0.984808 0.173648 0 -0.984808 0.0868243 -0.866025 -0.492404 0.0868243 -0.866025 -0.492404 0.0868243 -0.866025 -0.492404 0.0868243 -0.866025 -0.492404 0.086825 -0.866025 -0.492404 0.086825 -0.866025 -0.492404 0.086825 -0.866025 -0.492404 0.086825 -0.866025 -0.492404 0.173647 0 -0.984808 0.173647 0 -0.984808 0.173647 0 -0.984808 0.173647 0 -0.984808 0.0868237 0.866025 -0.492404 0.0868237 0.866025 -0.492404 0.0868237 0.866025 -0.492404 0.0868237 0.866025 -0.492404 -0.086825 0.866025 0.492404 -0.086825 0.866025 0.492404 -0.086825 0.866025 0.492404 -0.086825 0.866025 0.492404 -0.17365 0 0.984807 -0.17365 0 0.984807 -0.17365 0 0.984807 -0.17365 0 0.984807 -0.086825 -0.866025 0.492404 -0.086825 -0.866025 0.492404 -0.086825 -0.866025 0.492404 -0.086825 -0.866025 0.492404 0.984808 6.73653e-07 0.173647 0.984808 0 0.173647 0.984808 0 0.173647 0.984808 6.73653e-07 0.173647 0.984808 4.81573e-06 0.173644 0.984808 4.81573e-06 0.173644 0.984808 4.81573e-06 0.173645 0.984808 4.81573e-06 0.173645 0.984809 0 0.173642 0.984809 0 0.173642 0.984809 0 0.173642 0.984809 6.73653e-07 0.173642 0.984809 6.73653e-07 0.173642 0.984809 0 0.173642 -0.984808 -1.11346e-07 -0.173648 -0.984808 0 -0.173646 -0.984808 0 -0.173646 -0.984808 -1.11346e-07 -0.173648 -0.984808 1.18585e-06 -0.173646 -0.984808 1.18585e-06 -0.173646 -0.984808 1.18585e-06 -0.173646 -0.984808 1.18585e-06 -0.173647 -0.984808 1.18585e-06 -0.173647 -0.984808 1.18585e-06 -0.173646 -0.984808 0 -0.173648 -0.984808 0 -0.173648 -0.984808 -1.11346e-07 -0.173648 -0.984808 -1.11346e-07 -0.173648 0.0868265 0.866026 -0.492403 0.0868265 0.866026 -0.492403 0.0868265 0.866026 -0.492403 0.0868265 0.866026 -0.492403 0.173647 0 -0.984808 0.173647 0 -0.984808 0.173647 0 -0.984808 0.173647 0 -0.984808 0.086824 -0.866025 -0.492405 0.086824 -0.866025 -0.492405 0.086824 -0.866025 -0.492405 0.086824 -0.866025 -0.492405 -0.0868277 -0.866022 0.49241 -0.0868277 -0.866022 0.49241 -0.0868277 -0.866022 0.49241 -0.0868277 -0.866022 0.49241 -0.173647 0 0.984808 -0.173647 0 0.984808 -0.173647 0 0.984808 -0.173647 0 0.984808 -0.0868245 0.866023 0.492408 -0.0868245 0.866023 0.492408 -0.0868245 0.866023 0.492408 -0.0868245 0.866023 0.492408 -0.0868252 0.866025 0.492405 -0.0868252 0.866025 0.492405 -0.0868252 0.866025 0.492405 -0.0868252 0.866025 0.492405 -0.173646 0 0.984808 -0.173646 0 0.984808 -0.173646 0 0.984808 -0.173646 0 0.984808 -0.0868236 -0.866023 0.492407 -0.0868236 -0.866023 0.492407 -0.0868236 -0.866023 0.492407 -0.0868236 -0.866023 0.492407 0.0868257 -0.866023 -0.492408 0.0868257 -0.866023 -0.492408 0.0868257 -0.866023 -0.492408 0.0868257 -0.866023 -0.492408 0.17365 0 -0.984807 0.17365 0 -0.984807 0.17365 0 -0.984807 0.17365 0 -0.984807 0.0868254 0.866024 -0.492406 0.0868254 0.866024 -0.492406 0.0868254 0.866024 -0.492406 0.0868254 0.866024 -0.492406 0.98481 2.85891e-06 0.173636 0.984813 0 0.173618 0.984813 0 0.173618 0.98481 2.85891e-06 0.173636 0.984814 1.1065e-05 0.173612 0.984814 1.1065e-05 0.173612 0.984811 1.1065e-05 0.173631 0.984811 1.1065e-05 0.173631 0.984809 0 0.17364 0.984809 0 0.17364 0.984809 0 0.17364 0.984809 2.85891e-06 0.173639 0.984809 2.85891e-06 0.173639 0.984809 0 0.17364 -0.984808 8.08807e-07 -0.173648 -0.984807 0 -0.173651 -0.984807 0 -0.173651 -0.984808 8.08807e-07 -0.173648 -0.984807 -1.2413e-06 -0.173652 -0.984807 -1.2413e-06 -0.173652 -0.984807 -1.2413e-06 -0.173652 -0.984808 -1.2413e-06 -0.173649 -0.984808 -1.2413e-06 -0.173649 -0.984807 -1.2413e-06 -0.173652 -0.984808 0 -0.173646 -0.984808 0 -0.173646 -0.984808 8.08807e-07 -0.173645 -0.984808 8.08807e-07 -0.173645 -0.0868266 -0.866025 0.492405 -0.0868266 -0.866025 0.492405 -0.0868266 -0.866025 0.492405 -0.0868266 -0.866025 0.492405 -0.173648 0 0.984808 -0.173648 0 0.984808 -0.173648 0 0.984808 -0.173648 0 0.984808 -0.0868236 0.866027 0.492402 -0.0868236 0.866027 0.492402 -0.0868236 0.866027 0.492402 -0.0868236 0.866027 0.492402 0.086826 0.866027 -0.492401 0.086826 0.866027 -0.492401 0.086826 0.866027 -0.492401 0.086826 0.866027 -0.492401 0.173648 0 -0.984808 0.173648 0 -0.984808 0.173648 0 -0.984808 0.173648 0 -0.984808 0.0868242 -0.866025 -0.492405 0.0868242 -0.866025 -0.492405 0.0868242 -0.866025 -0.492405 0.0868242 -0.866025 -0.492405 0.086825 -0.866025 -0.492405 0.086825 -0.866025 -0.492405 0.086825 -0.866025 -0.492405 0.086825 -0.866025 -0.492405 0.17365 0 -0.984807 0.17365 0 -0.984807 0.17365 0 -0.984807 0.17365 0 -0.984807 0.0868244 0.866027 -0.492402 0.0868244 0.866027 -0.492402 0.0868244 0.866027 -0.492402 0.0868244 0.866027 -0.492402 -0.0868244 0.866027 0.492402 -0.0868244 0.866027 0.492402 -0.0868244 0.866027 0.492402 -0.0868244 0.866027 0.492402 -0.17365 0 0.984807 -0.17365 0 0.984807 -0.17365 0 0.984807 -0.17365 0 0.984807 -0.086825 -0.866025 0.492405 -0.086825 -0.866025 0.492405 -0.086825 -0.866025 0.492405 -0.086825 -0.866025 0.492405 0 -1 0 0 -1 0 0 -1 0 0 -1 0 0.173648 0 -0.984808 0.173648 0 -0.984808 0.173648 0 -0.984808 0.173648 0 -0.984808 0.984808 0 0.173648 0.984808 0 0.173648 0.984808 0 0.173648 0.984808 0 0.173648 -0.173648 0 0.984808 -0.173648 0 0.984808 -0.173648 0 0.984808 -0.173648 0 0.984808 -0.984808 0 -0.173648 -0.984808 0 -0.173648 -0.984808 0 -0.173648 -0.984808 0 -0.173648 0 1 0 0 1 0 0 1 0 0 1 0 0.173648 0 -0.984808 0.173648 0 -0.984808 0.173648 0 -0.984808 0.173648 0 -0.984808 0.984808 0 0.173647 0.984808 0 0.173647 0.984808 0 0.173647 0.984808 0 0.173647 -0.173647 0 0.984808 -0.173647 0 0.984808 -0.173647 0 0.984808 -0.173647 0 0.984808 -0.984807 0 -0.17365 -0.984807 0 -0.17365 -0.984807 0 -0.17365 -0.984807 0 -0.17365 0.173647 0 -0.984808 0.173647 0 -0.984808 0.173647 0 -0.984808 0.173647 0 -0.984808 -0.984808 0 -0.173647 -0.984808 0 -0.173647 -0.984808 0 -0.173647 -0.984808 0 -0.173647 -0.173647 0 0.984808 -0.173647 0 0.984808 -0.173647 0 0.984808 -0.173647 0 0.984808 0.984808 0 0.173647 0.984808 0 0.173647 0.984808 0 0.173647 0.984808 0 0.173647 -0.173648 0 0.984808 -0.173648 0 0.984808 -0.173648 0 0.984808 -0.173648 0 0.984808 0.984807 0 0.17365 0.984807 0 0.17365 0.984807 0 0.17365 0.984807 0 0.17365 0.173647 0 -0.984808 0.173647 0 -0.984808 0.173647 0 -0.984808 0.173647 0 -0.984808 -0.984808 0 -0.173647 -0.984808 0 -0.173647 -0.984808 0 -0.173647 -0.984808 0 -0.173647 -0.173648 0 0.984808 -0.173648 0 0.984808 -0.173648 0 0.984808 -0.173648 0 0.984808 -0.984808 0 -0.173647 -0.984808 0 -0.173647 -0.984808 0 -0.173647 -0.984808 0 -0.173647 0.173647 0 -0.984808 0.173647 0 -0.984808 0.173647 0 -0.984808 0.173647 0 -0.984808 0.984807 0 0.173652 0.984807 0 0.173652 0.984807 0 0.173652 0.984807 0 0.173652 0 -1 0 0 -1 0 0 -1 0 0 -1 0 -0.573576 0 -0.819152 -0.573576 0 -0.819152 -0.573576 0 -0.819152 -0.573576 0 -0.819152 0.819152 0 -0.573577 0.819152 0 -0.573577 0.819152 0 -0.573577 0.819152 0 -0.573577 0.573576 0 0.819152 0.573576 0 0.819152 0.573576 0 0.819152 0.573576 0 0.819152 -0.819152 0 0.573577 -0.819152 0 0.573577 -0.819152 0 0.573577 -0.819152 0 0.573577 0 1 0 0 1 0 0 1 0 0 1 0 -0.573581 0 -0.819149 -0.573581 0 -0.819149 -0.573581 0 -0.819149 -0.573581 0 -0.819149 0.819155 0 -0.573573 0.819155 0 -0.573573 0.819155 0 -0.573573 0.819155 0 -0.573573 0.573575 0 0.819153 0.573575 0 0.819153 0.573575 0 0.819153 0.573575 0 0.819153 -0.819152 0 0.573577 -0.819152 0 0.573577 -0.819152 0 0.573577 -0.819152 0 0.573577 -0.573579 0 -0.81915 -0.573579 0 -0.81915 -0.573579 0 -0.81915 -0.573579 0 -0.81915 0.819152 0 -0.573576 0.819152 0 -0.573576 0.819152 0 -0.573576 0.819152 0 -0.573576 0.573573 0 0.819155 0.573573 0 0.819155 0.573573 0 0.819155 0.573573 0 0.819155 -0.819153 0 0.573575 -0.819153 0 0.573575 -0.819153 0 0.573575 -0.819153 0 0.573575 -0.573576 0 -0.819152 -0.573576 0 -0.819152 -0.573576 0 -0.819152 -0.573576 0 -0.819152 0.819155 0 -0.573573 0.819155 0 -0.573573 0.819155 0 -0.573573 0.819155 0 -0.573573 0.573579 0 0.81915 0.573579 0 0.81915 0.573579 0 0.81915 0.573579 0 0.81915 -0.819152 0 0.573576 -0.819152 0 0.573576 -0.819152 0 0.573576 -0.819152 0 0.573576 -0.573575 0 -0.819153 -0.573575 0 -0.819153 -0.573575 0 -0.819153 -0.573575 0 -0.819153 0.819153 0 -0.573575 0.819153 0 -0.573575 0.819153 0 -0.573575 0.819153 0 -0.573575 0.573579 0 0.81915 0.573579 0 0.81915 0.573579 0 0.81915 0.573579 0 0.81915 -0.819155 0 0.573573 -0.819155 0 0.573573 -0.819155 0 0.573573 -0.819155 0 0.573573 -0.573573 -1.34137e-06 -0.819155 -0.573573 -1.34137e-06 -0.819155 -0.573573 -1.34137e-06 -0.819155 -0.573573 -1.34137e-06 -0.819155 0.814158 -0.110258 -0.570078 0.814158 -0.110258 -0.570078 0.814158 -0.110258 -0.570078 0.814158 -0.110258 -0.570078 0.573575 9.85415e-07 0.819153 0.573575 9.85415e-07 0.819153 0.573575 9.85415e-07 0.819153 0.573575 9.85415e-07 0.819153 -0.814156 0.110259 0.570082 -0.814156 0.110259 0.570082 -0.814156 0.110259 0.570082 -0.814156 0.110259 0.570082 -0.573576 -2.12709e-07 -0.819152 -0.573576 -2.12709e-07 -0.819152 -0.573576 -2.12709e-07 -0.819152 -0.573576 -2.12709e-07 -0.819152 0.814158 -0.110259 -0.570079 0.814158 -0.110259 -0.570079 0.814158 -0.110259 -0.570079 0.814158 -0.110259 -0.570079 0.573575 -4.99219e-07 0.819153 0.573575 -4.99219e-07 0.819153 0.573575 -4.99219e-07 0.819153 0.573575 -4.99219e-07 0.819153 -0.814153 0.110259 0.570086 -0.814153 0.110259 0.570086 -0.814153 0.110259 0.570086 -0.814153 0.110259 0.570086 0 1 0 0 1 0 0 1 0 0 1 0 0 1 0 0 1 0 0 1 0 0 1 0 -0.114004 -0.990268 0.0798264 -0.114004 -0.990268 0.0798264 -0.114004 -0.990268 0.0798264 -0.114004 -0.990268 0.0798264 0.81372 -0.139171 -0.56435 0.81372 -0.139171 -0.56435 0.81372 -0.139171 -0.56435 0.81372 -0.139171 -0.56435 0.114004 0.990268 -0.0798263 0.114004 0.990268 -0.0798263 0.114004 0.990268 -0.0798263 0.114004 0.990268 -0.0798263 -0.81372 0.139171 0.56435 -0.81372 0.139171 0.56435 -0.81372 0.139171 0.56435 -0.81372 0.139171 0.56435 -0.114004 -0.990268 0.0798259 -0.114004 -0.990268 0.0798259 -0.114004 -0.990268 0.0798259 -0.114004 -0.990268 0.0798259 0.813722 -0.139167 -0.564349 0.813722 -0.139167 -0.564349 0.813722 -0.139167 -0.564349 0.813722 -0.139167 -0.564349 0.114004 0.990268 -0.0798266 0.114004 0.990268 -0.0798266 0.114004 0.990268 -0.0798266 0.114004 0.990268 -0.0798266 -0.81372 0.139175 0.564349 -0.81372 0.139175 0.564349 -0.81372 0.139175 0.564349 -0.81372 0.139175 0.564349 0 -1 0 0 -1 0 0 -1 0 0 -1 0 -0.996195 0 0.0871555 -0.996195 0 0.0871555 -0.996195 0 0.0871555 -0.996195 0 0.0871555 -0.0871563 0 -0.996195 -0.0871563 0 -0.996195 -0.0871563 0 -0.996195 -0.0871563 0 -0.996195 0.996195 0 -0.0871558 0.996195 0 -0.0871558 0.996195 0 -0.0871558 0.996195 0 -0.0871558 0.0871555 0 0.996195 0.0871555 0 0.996195 0.0871555 0 0.996195 0.0871555 0 0.996195 0 1 0 0 1 0 0 1 0 0 1 0 -0.996195 0 0.0871577 -0.996195 0 0.0871577 -0.996195 0 0.0871577 -0.996195 0 0.0871577 -0.0871544 0 -0.996195 -0.0871544 0 -0.996195 -0.0871544 0 -0.996195 -0.0871544 0 -0.996195 0.996195 0 -0.0871549 0.996195 0 -0.0871549 0.996195 0 -0.0871549 0.996195 0 -0.0871549 0.0871547 0 0.996195 0.0871547 0 0.996195 0.0871547 0 0.996195 0.0871547 0 0.996195 -0.996195 0 0.0871549 -0.996195 0 0.0871549 -0.996195 0 0.0871549 -0.996195 0 0.0871549 -0.0871602 0 -0.996194 -0.0871602 0 -0.996194 -0.0871602 0 -0.996194 -0.0871602 0 -0.996194 0.996195 0 -0.0871572 0.996195 0 -0.0871572 0.996195 0 -0.0871572 0.996195 0 -0.0871572 0.0871544 0 0.996195 0.0871544 0 0.996195 0.0871544 0 0.996195 0.0871544 0 0.996195 -0.996195 0 0.0871544 -0.996195 0 0.0871544 -0.996195 0 0.0871544 -0.996195 0 0.0871544 -0.0871491 0 -0.996195 -0.0871491 0 -0.996195 -0.0871491 0 -0.996195 -0.0871491 0 -0.996195 0.996195 0 -0.0871549 0.996195 0 -0.0871549 0.996195 0 -0.0871549 0.996195 0 -0.0871549 0.0871547 0 0.996195 0.0871547 0 0.996195 0.0871547 0 0.996195 0.0871547 0 0.996195 -0.996195 0 0.0871577 -0.996195 0 0.0871577 -0.996195 0 0.0871577 -0.996195 0 0.0871577 -0.08716 0 -0.996194 -0.08716 0 -0.996194 -0.08716 0 -0.996194 -0.08716 0 -0.996194 0.996195 0 -0.0871544 0.996195 0 -0.0871544 0.996195 0 -0.0871544 0.996195 0 -0.0871544 0.0871547 0 0.996195 0.0871547 0 0.996195 0.0871547 0 0.996195 0.0871547 0 0.996195 -0.996195 6.0666e-07 0.0871577 -0.996195 6.0666e-07 0.0871577 -0.996195 6.0666e-07 0.0871577 -0.996195 6.0666e-07 0.0871577 -0.086623 -0.110259 -0.990121 -0.086623 -0.110259 -0.990121 -0.086623 -0.110259 -0.990121 -0.086623 -0.110259 -0.990121 0.996195 -2.3116e-07 -0.0871549 0.996195 -2.3116e-07 -0.0871549 0.996195 -2.3116e-07 -0.0871549 0.996195 -2.3116e-07 -0.0871549 0.0866233 0.110259 0.990121 0.0866233 0.110259 0.990121 0.0866233 0.110259 0.990121 0.0866233 0.110259 0.990121 -0.996195 1.75811e-07 0.0871572 -0.996195 1.75811e-07 0.0871572 -0.996195 1.75811e-07 0.0871572 -0.996195 1.75811e-07 0.0871572 -0.086623 -0.110259 -0.990121 -0.086623 -0.110259 -0.990121 -0.086623 -0.110259 -0.990121 -0.086623 -0.110259 -0.990121 0.996195 1.34571e-07 -0.0871544 0.996195 1.34571e-07 -0.0871544 0.996195 1.34571e-07 -0.0871544 0.996195 1.34571e-07 -0.0871544 0.0866233 0.110259 0.990121 0.0866233 0.110259 0.990121 0.0866233 0.110259 0.990121 0.0866233 0.110259 0.990121 0 1 0 0 1 0 0 1 0 0 1 0 0 1 0 0 1 0 0 1 0 0 1 0 0.0121295 -0.990268 0.138645 0.0121295 -0.990268 0.138645 0.0121295 -0.990268 0.138645 0.0121295 -0.990268 0.138645 -0.0818816 -0.139167 -0.986878 -0.0818816 -0.139167 -0.986878 -0.0818816 -0.139167 -0.986878 -0.0818816 -0.139167 -0.986878 -0.0121298 0.990268 -0.138644 -0.0121298 0.990268 -0.138644 -0.0121298 0.990268 -0.138644 -0.0121298 0.990268 -0.138644 0.0818817 0.139167 0.986878 0.0818817 0.139167 0.986878 0.0818817 0.139167 0.986878 0.0818817 0.139167 0.986878 0.0121296 -0.990268 0.138645 0.0121296 -0.990268 0.138645 0.0121296 -0.990268 0.138645 0.0121296 -0.990268 0.138645 -0.0818817 -0.139167 -0.986878 -0.0818817 -0.139167 -0.986878 -0.0818817 -0.139167 -0.986878 -0.0818817 -0.139167 -0.986878 -0.0121298 0.990268 -0.138644 -0.0121298 0.990268 -0.138644 -0.0121298 0.990268 -0.138644 -0.0121298 0.990268 -0.138644 0.0818817 0.139166 0.986878 0.0818817 0.139166 0.986878 0.0818817 0.139166 0.986878 0.0818817 0.139166 0.986878 0.173647 0 -0.984808 0.173647 0 -0.984808 0.173647 0 -0.984808 0.173647 0 -0.984808 0.984808 0 0.173648 0.984808 0 0.173648 0.984808 0 0.173648 0.984808 0 0.173648 -0.17365 0 0.984807 -0.17365 0 0.984807 -0.17365 0 0.984807 -0.17365 0 0.984807 -0.984808 0 -0.173648 -0.984808 0 -0.173648 -0.984808 0 -0.173648 -0.984808 0 -0.173648 0.173647 0 -0.984808 0.173647 0 -0.984808 0.173647 0 -0.984808 0.173647 0 -0.984808 0.984808 0 0.173648 0.984808 0 0.173648 0.984808 0 0.173648 0.984808 0 0.173648 -0.173647 0 0.984808 -0.173647 0 0.984808 -0.173647 0 0.984808 -0.173647 0 0.984808 -0.984808 0 -0.173648 -0.984808 0 -0.173648 -0.984808 0 -0.173648 -0.984808 0 -0.173648 0.173647 0 -0.984808 0.173647 0 -0.984808 0.173647 0 -0.984808 0.173647 0 -0.984808 0.984808 0 0.173647 0.984808 0 0.173647 0.984808 0 0.173647 0.984808 0 0.173647 -0.173647 0 0.984808 -0.173647 0 0.984808 -0.173647 0 0.984808 -0.173647 0 0.984808 -0.984808 0 -0.173647 -0.984808 0 -0.173647 -0.984808 0 -0.173647 -0.984808 0 -0.173647 0.173649 0 -0.984808 0.173649 0 -0.984808 0.173649 0 -0.984808 0.173649 0 -0.984808 -0.984808 0 -0.173648 -0.984808 0 -0.173648 -0.984808 0 -0.173648 -0.984808 0 -0.173648 -0.173647 0 0.984808 -0.173647 0 0.984808 -0.173647 0 0.984808 -0.173647 0 0.984808 0.984808 0 0.173648 0.984808 0 0.173648 0.984808 0 0.173648 0.984808 0 0.173648 0.173653 0 -0.984807 0.173653 0 -0.984807 0.173653 0 -0.984807 0.173653 0 -0.984807 -0.984808 0 -0.173648 -0.984808 0 -0.173648 -0.984808 0 -0.173648 -0.984808 0 -0.173648 -0.173647 0 0.984808 -0.173647 0 0.984808 -0.173647 0 0.984808 -0.173647 0 0.984808 0.984808 0 0.173649 0.984808 0 0.173649 0.984808 0 0.173649 0.984808 0 0.173649 0.173647 0 -0.984808 0.173647 0 -0.984808 0.173647 0 -0.984808 0.173647 0 -0.984808 -0.984808 0 -0.173647 -0.984808 0 -0.173647 -0.984808 0 -0.173647 -0.984808 0 -0.173647 -0.173647 0 0.984808 -0.173647 0 0.984808 -0.173647 0 0.984808 -0.173647 0 0.984808 0.984808 0 0.173647 0.984808 0 0.173647 0.984808 0 0.173647 0.984808 0 0.173647 -0.143018 -0.567156 0.811098 -0.529405 -0.567158 0.630921 -0.529405 -0.567158 0.630921 -0.143018 -0.567156 0.811098 -0.364562 0.823609 0.434469 -0.364562 0.823609 0.434469 -0.475518 0.81426 0.332962 -0.475518 0.81426 0.332962 -0.578293 0.814259 0.0505939 -0.578293 0.814259 0.0505939 -0.558543 0.823608 -0.0984861 -0.558543 0.823608 -0.0984861 -0.526113 0.81426 -0.24533 -0.526113 0.81426 -0.24533 -0.330759 0.819701 -0.467641 -0.330759 0.819701 -0.467641 -0.330759 0.819701 -0.467641 -0.330759 0.819701 -0.467641 0.283374 -0.869771 0.403977 0.283374 -0.869771 0.403977 0.358967 -0.849431 0.386794 0.358967 -0.849431 0.386794 0.480782 -0.821258 0.307221 0.480782 -0.821258 0.307221 0.558714 -0.823482 0.0985662 0.558714 -0.823482 0.0985662 0.557206 -0.821269 -0.122635 0.557206 -0.821269 -0.122635 0.505675 -0.821267 -0.264222 0.505675 -0.821267 -0.264222 0.364563 -0.823609 -0.434467 0.364563 -0.823609 -0.434467 0.28169 -0.567158 0.773939 0.28169 -0.567158 0.773939 -0.0984862 0.823609 0.558542 0.193979 0.823609 0.532954 0.193979 0.823609 0.532954 -0.0984862 0.823609 0.558542 -0.19398 -0.823608 -0.532956 -0.19398 -0.823608 -0.532956 -0.384809 -0.821268 -0.421238 -0.384809 -0.821268 -0.421238 -0.481659 -0.821268 -0.305815 -0.481659 -0.821268 -0.305815 -0.55854 -0.82361 -0.0984859 -0.55854 -0.82361 -0.0984859 -0.553505 -0.823702 0.123072 -0.553505 -0.823702 0.123072 -0.498753 -0.826016 0.262571 -0.498753 -0.826016 0.262571 -0.469434 -0.819412 0.328932 -0.469434 -0.819412 0.328932 0.638349 0.160501 0.752828 0.638349 0.160501 0.752828 0.638349 0.160501 0.752828 0.638349 0.160501 0.752828 0.404968 0.870337 -0.280204 0.404968 0.870337 -0.280204 0.404968 0.870337 -0.280204 0.404968 0.870337 -0.280204 0.578316 0.814242 -0.0505959 0.578316 0.814242 -0.0505959 0.558554 0.823601 0.0984847 0.558554 0.823601 0.0984847 0.526111 0.814261 0.245329 0.526111 0.814261 0.245329 0.332961 0.81426 0.475518 0.332961 0.81426 0.475518 0.0984854 -0.823609 -0.558541 0.0984854 -0.823609 -0.558541 0.533049 -0.649188 0.542599 0.557533 -0.563818 0.609316 0.696875 -0.563817 0.443256 0.626919 -0.649187 0.430729 0.811097 -0.567157 0.143018 0.811097 -0.567157 0.143018 0.736333 -0.649378 -0.190058 0.808028 -0.561357 -0.178797 0.734089 -0.55836 -0.386454 0.686726 -0.647617 -0.330151 0.681882 -0.547435 -0.48513 0.681882 -0.547435 -0.48513 -0.86043 0.157429 0.48464 -0.86043 0.157429 0.48464 -0.86043 0.157429 0.48464 -0.86043 0.157429 0.48464 -0.498716 -0.492513 -0.713241 -0.540482 -0.633553 -0.553615 -0.568953 -0.533428 -0.625897 -0.498716 -0.492513 -0.713241 -0.696962 -0.563614 -0.443377 -0.625228 -0.651964 -0.428991 -0.811097 -0.567158 -0.143018 -0.811097 -0.567158 -0.143018 -0.734744 -0.651286 0.189676 -0.80645 -0.563817 0.17818 -0.732306 -0.563819 0.381883 -0.684766 -0.651288 0.326986 -0.341415 -0.000935917 -0.939912 -0.341415 -0.000935917 -0.939912 -0.341415 -0.000935917 -0.939912 -0.341415 -0.000935917 -0.939912 -0.684766 -0.651288 0.326986 -0.734744 -0.651286 0.189676 -0.563783 -0.800026 0.205202 -0.563783 -0.800026 0.205202 0.341414 0.000934442 0.939913 0.341414 0.000934442 0.939913 0.341414 0.000934442 0.939913 0.341414 0.000934442 0.939913 0.563784 0.800026 -0.205198 0.563784 0.800026 -0.205198 0.563784 0.800026 -0.205198 0.563784 0.800026 -0.205198 0.642694 0.000580929 -0.766123 0.642694 0.000580929 -0.766123 0.642694 0.000580929 -0.766123 0.642694 0.000580929 -0.766123 -0.625228 -0.651964 -0.428991 -0.540482 -0.633553 -0.553615 -0.458003 -0.801968 -0.383509 -0.458003 -0.801968 -0.383509 -0.644218 0.000229412 0.764842 -0.644218 0.000229412 0.764842 -0.644218 0.000229412 0.764842 -0.644218 0.000229412 0.764842 0.460082 0.799113 0.386967 0.460082 0.799113 0.386967 0.460082 0.799113 0.386967 0.460082 0.799113 0.386967 0.342621 -0.00159476 0.939473 0.342621 -0.00159476 0.939473 0.342621 -0.00159476 0.939473 0.342621 -0.00159476 0.939473 0.686726 -0.647617 -0.330151 0.736333 -0.649378 -0.190058 0.565134 -0.799111 -0.20505 0.565134 -0.799111 -0.20505 -0.343072 -0.00122324 -0.939308 -0.343072 -0.00122324 -0.939308 -0.343072 -0.00122324 -0.939308 -0.343072 -0.00122324 -0.939308 -0.561098 0.801969 0.204975 -0.561098 0.801969 0.204975 -0.561098 0.801969 0.204975 -0.561098 0.801969 0.204975 -0.645951 -0.00603312 0.763355 -0.645951 -0.00603312 0.763355 -0.645951 -0.00603312 0.763355 -0.645951 -0.00603312 0.763355 0.626919 -0.649187 0.430729 0.533049 -0.649188 0.542599 0.464711 -0.794979 0.389938 0.464711 -0.794979 0.389938 0.645952 0.00603225 -0.763354 0.645952 0.00603225 -0.763354 0.645952 0.00603225 -0.763354 0.645952 0.00603225 -0.763354 -0.464711 0.794979 -0.389939 -0.464711 0.794979 -0.389939 -0.464711 0.794979 -0.389939 -0.464711 0.794979 -0.389939 -0.0263588 0.997042 0.0721988 -0.0320964 0.997034 0.0699483 -0.0117699 0.997916 0.0634358 0.0136607 0.997357 0.0713616 -0.0378328 0.996988 0.0676951 -0.0371736 0.997768 0.0554708 -0.0365087 0.998397 0.0432382 0.0085843 0.998344 0.0568872 0.0536582 0.996074 0.07041 0.173642 0 -0.984809 0.173642 0 -0.984809 0.173642 0 -0.984809 0.173642 0 -0.984809 0.984808 0 0.173647 0.984808 0 0.173647 0.984808 0 0.173647 0.984808 0 0.173647 -0.173649 0 0.984808 -0.173649 0 0.984808 -0.173649 0 0.984808 -0.173649 0 0.984808 -0.984808 0 -0.173649 -0.984808 0 -0.173649 -0.984808 0 -0.173649 -0.984808 0 -0.173649 -0.29469 -0.507578 -0.809643 -0.290432 -0.528142 -0.797944 -0.290432 -0.528142 -0.797944 -0.29469 -0.507578 -0.809643 -0.848516 -0.507578 -0.149617 -0.836257 -0.528139 -0.147455 -0.836257 -0.528139 -0.147455 -0.848516 -0.507578 -0.149617 -0.553829 -0.507578 0.660029 -0.545829 -0.528135 0.650495 -0.545829 -0.528135 0.650495 -0.553829 -0.507578 0.660029 0.294687 -0.507574 0.809647 0.290431 -0.528129 0.797953 0.290431 -0.528129 0.797953 0.294687 -0.507574 0.809647 0.848517 -0.507577 0.149617 0.836258 -0.528138 0.147455 0.836258 -0.528138 0.147455 0.848517 -0.507577 0.149617 0.553832 -0.507577 -0.660026 0.545832 -0.528136 -0.650492 0.545832 -0.528136 -0.650492 0.553832 -0.507577 -0.660026 0 1 0 0 1 0 0 1 0 0 1 0 0 1 0 0 1 0 0 1 0 0 1 0 0 1 0 0 1 0 0 1 0 0 1 0 -0.298778 -0.486721 -0.820874 -0.298778 -0.486721 -0.820874 -0.860284 -0.486724 -0.151692 -0.860284 -0.486724 -0.151692 -0.561509 -0.486728 0.669182 -0.561509 -0.486728 0.669182 0.298773 -0.486726 0.820873 0.298773 -0.486726 0.820873 0.860285 -0.486723 0.151692 0.860285 -0.486723 0.151692 0.561513 -0.486725 -0.66918 0.561513 -0.486725 -0.66918 0.314007 0.396354 0.86273 0.314007 0.396354 0.86273 0.314007 0.396354 0.86273 0.314007 0.396354 0.86273 -0.59014 0.396361 0.703301 -0.59014 0.396361 0.703301 -0.59014 0.396361 0.703301 -0.59014 0.396361 0.703301 -0.904149 0.396356 -0.159427 -0.904149 0.396356 -0.159427 -0.904149 0.396356 -0.159427 -0.904149 0.396356 -0.159427 -0.314007 0.396355 -0.86273 -0.314007 0.396355 -0.86273 -0.314007 0.396355 -0.86273 -0.314007 0.396355 -0.86273 0.59014 0.396358 -0.703304 0.59014 0.396358 -0.703304 0.59014 0.396358 -0.703304 0.59014 0.396358 -0.703304 0.904149 0.396357 0.159425 0.904149 0.396357 0.159425 0.904149 0.396357 0.159425 0.904149 0.396357 0.159425 0 -1 0 0 -1 0 0 -1 0 0 -1 0 0 -1 0 0 -1 0 0 1 0 0 1 0 0 1 0 0 1 0 0 1 0 0 1 0 0.524748 0.0362212 -0.850487 0.431834 0.0488555 -0.900629 0.635754 -0.0040719 -0.771881 -0.945555 0.200612 -0.256282 -0.945555 0.200612 -0.256282 -0.798093 0.505312 -0.328189 -0.322405 0.331021 0.886837 -0.116116 0.290601 0.949773 -0.116116 0.290601 0.949773 0.149788 0.281124 0.94791 0.383273 0.229747 0.894605 -0.116116 0.290601 0.949773 0.992064 0.0823539 0.0950039 0.988562 0.0379864 -0.145956 0.952485 -0.055473 -0.299492 0.807281 0.00289846 -0.590161 0.524748 0.0362212 -0.850487 0.835486 -0.0209463 -0.549113 -0.286786 -0.0491473 -0.956733 -0.279827 -0.127879 -0.951495 -0.000368831 -0.008201 -0.999966 -0.0010787 -0.0579512 -0.998319 -0.00178955 -0.107815 -0.994169 -0.291945 0.0298929 -0.955968 -0.985121 -0.0211495 -0.170555 -0.985121 -0.0211495 -0.170555 -0.985121 -0.0211495 -0.170555 -0.978883 0.0860614 -0.185423 -0.978883 0.0860614 -0.185423 -0.992954 0.117118 0.0180396 -0.848142 0.222897 0.480595 -0.842154 0.372403 0.38999 -0.842154 0.372403 0.38999 -0.94415 0.187117 0.271234 -0.848142 0.222897 0.480595 -0.82818 0.0665713 0.556495 -0.82818 0.0665713 0.556495 -0.848142 0.222897 0.480595 0.849257 0.116328 0.515005 0.651227 0.249473 0.716706 0.383273 0.229747 0.894605 0.600791 0.0713838 0.796213 0.551625 -0.0618647 0.831795 0.551625 -0.0618647 0.831795 0.975894 0.144492 0.163565 0.992064 0.0823539 0.0950039 0.933245 0.131387 0.334353 0.849257 0.116328 0.515005 0.982628 0.0773217 0.168709 0.982628 0.0773217 0.168709 0.340516 -0.00650061 -0.940216 0.571515 0.0293701 -0.820066 0.288224 -0.0619372 -0.955558 0.288553 -0.234244 -0.928368 -0.545831 0.52813 0.650498 -0.545831 0.52813 0.650498 -0.545831 0.52813 0.650498 -0.545831 0.52813 0.650498 -0.836258 0.528138 -0.147455 -0.836258 0.528138 -0.147455 -0.836258 0.528138 -0.147455 -0.836258 0.528138 -0.147455 -0.290432 0.52814 -0.797946 -0.290432 0.52814 -0.797946 -0.290432 0.52814 -0.797946 -0.290432 0.52814 -0.797946 0.545829 0.528143 -0.650488 0.545829 0.528143 -0.650488 0.545829 0.528143 -0.650488 0.545829 0.528143 -0.650488 0.836258 0.528138 0.147455 0.836258 0.528138 0.147455 0.836258 0.528138 0.147455 0.836258 0.528138 0.147455 0.29043 0.528131 0.797952 0.29043 0.528131 0.797952 0.29043 0.528131 0.797952 0.29043 0.528131 0.797952 0 1 0 0 1 0 0 1 0 0 1 0 0 1 0 0 1 0 0.173649 0 -0.984808 0.173649 0 -0.984808 0.173649 0 -0.984808 0.173649 0 -0.984808 -0.984808 0 -0.173647 -0.984808 0 -0.173647 -0.984808 0 -0.173647 -0.984808 0 -0.173647 0.186161 0.973834 -0.130351 -0.130351 0.973834 -0.186161 -0.186161 0.973834 0.130351 0.130351 0.973834 0.186161 0.984807 0 0.173649 0.984807 0 0.173649 0.984807 0 0.173649 0.984807 0 0.173649 -0.173649 0 0.984807 -0.173649 0 0.984807 -0.173649 0 0.984807 -0.173649 0 0.984807 0 1 0 0 1 0 0 1 0 0 1 0 0 1 0 0 1 0 0 1 0 0 1 0 0 1 0 0 1 0 0 1 0 0 1 0 0 1 0 0 1 0 0 1 0 0 1 0 -0.153382 -0.468817 0.869876 -0.153382 -0.468817 0.869876 -0.153382 -0.468817 0.869876 -0.153382 -0.468817 0.869876 0.869877 -0.468815 0.153381 0.869877 -0.468815 0.153381 0.869877 -0.468815 0.153381 0.869877 -0.468815 0.153381 0.153382 -0.468817 -0.869876 0.153382 -0.468817 -0.869876 0.153382 -0.468817 -0.869876 0.153382 -0.468817 -0.869876 -0.869873 -0.468823 -0.153384 -0.869873 -0.468823 -0.153384 -0.869873 -0.468823 -0.153384 -0.869873 -0.468823 -0.153384 0.163936 -0.986196 -0.023304 0.167588 -0.985517 -0.025914 0.163936 -0.986196 -0.023304 -0.914768 -0.164864 0.368808 -0.932477 -0.168906 0.319309 -0.914768 -0.164864 0.368808 -0.179332 0.983638 -0.0172323 -0.198283 0.978574 -0.0554716 -0.179332 0.983638 -0.0172323 0.898271 0.16118 -0.408815 0.901786 0.161945 -0.400694 0.898271 0.16118 -0.408815 0.534937 0.112218 0.837407 0.534937 0.112218 0.837407 0.534937 0.112218 0.837407 0.534937 0.112218 0.837407 -0.106704 0.989029 0.102155 -0.0797803 0.986624 0.142155 -0.0797803 0.986624 0.142155 -0.106704 0.989029 0.102155 -0.146214 0.988347 0.042331 -0.15897 0.987022 0.022723 -0.15897 0.987022 0.022723 -0.146214 0.988347 0.042331 0.862106 0.153342 -0.482969 0.824807 0.145441 -0.546388 0.824807 0.145441 -0.546388 0.862106 0.153342 -0.482969 -0.136906 0.98897 0.0565297 -0.113516 0.989275 0.0919188 -0.113516 0.989275 0.0919188 -0.136906 0.98897 0.0565297 -0.862007 -0.153319 0.483154 -0.824804 -0.14544 0.546393 -0.824804 -0.14544 0.546393 -0.862007 -0.153319 0.483154 0.137026 -0.988963 -0.0563589 0.113521 -0.989274 -0.0919219 0.113521 -0.989274 -0.0919219 0.137026 -0.988963 -0.0563589 0.142813 0.568873 -0.809931 -0.281286 0.568873 -0.772827 -0.281286 0.568873 -0.772827 0.142813 0.568873 -0.809931 -0.630015 0.568871 -0.528645 -0.630015 0.568871 -0.528645 -0.809932 0.568871 -0.142813 -0.809932 0.568871 -0.142813 -0.789137 0.538748 0.294979 -0.789137 0.538748 0.294979 -0.706027 0.489039 0.512217 -0.706027 0.489039 0.512217 0.482549 0.484465 0.729685 0.640658 0.538749 0.54709 0.640658 0.538749 0.54709 0.482549 0.484465 0.729685 0.809931 0.568873 0.142813 0.809931 0.568873 0.142813 0.772827 0.568873 -0.281286 0.772827 0.568873 -0.281286 0.528646 0.568871 -0.630015 0.528646 0.568871 -0.630015 0.365663 -0.822427 -0.43578 0.0987831 -0.822427 -0.560228 0.0987831 -0.822427 -0.560228 0.365663 -0.822427 -0.43578 -0.194565 -0.822426 -0.534565 -0.194565 -0.822426 -0.534565 -0.435781 -0.822427 -0.365663 -0.435781 -0.822427 -0.365663 -0.560229 -0.822426 -0.0987834 -0.560229 -0.822426 -0.0987834 -0.534029 -0.822532 0.195587 -0.534029 -0.822532 0.195587 -0.475677 -0.81296 0.335897 -0.475677 -0.81296 0.335897 0.553218 0.830608 -0.0635662 0.499997 0.849091 -0.170435 0.499997 0.849091 -0.170435 0.553218 0.830608 -0.0635662 0.560229 0.822427 0.0987834 0.560229 0.822427 0.0987834 0.43578 0.822427 0.365662 0.43578 0.822427 0.365662 0.194565 0.822427 0.534563 0.194565 0.822427 0.534563 -0.0987837 0.822426 0.560229 -0.0987837 0.822426 0.560229 -0.365663 0.822427 0.435781 -0.365663 0.822427 0.435781 -0.534562 0.822428 0.194565 -0.534562 0.822428 0.194565 -0.560228 0.822427 -0.0987837 -0.560228 0.822427 -0.0987837 -0.435781 0.822426 -0.365664 -0.435781 0.822426 -0.365664 -0.527392 0.801913 -0.280702 -0.527392 0.801913 -0.280702 0.209233 -0.93048 0.300714 0.374166 -0.884842 0.277587 0.374166 -0.884842 0.277587 0.209233 -0.93048 0.300714 0.560373 -0.822321 0.0988493 0.560373 -0.822321 0.0988493 0.534565 -0.822426 -0.194566 0.534565 -0.822426 -0.194566 0.608221 -0.323529 -0.724842 0.608221 -0.323529 -0.724842 0.608221 -0.323529 -0.724842 0.608221 -0.323529 -0.724842 0.639705 -0.0976682 -0.76239 0.639705 -0.0976682 -0.76239 0.639705 -0.0976682 -0.76239 0.639705 -0.0976682 -0.76239 0.931844 -0.323525 0.16431 0.931844 -0.323525 0.16431 0.931844 -0.323525 0.16431 0.931844 -0.323525 0.16431 0.980098 -0.0976789 0.172817 0.980098 -0.0976789 0.172817 0.980098 -0.0976789 0.172817 0.980098 -0.0976789 0.172817 0.323621 -0.323525 0.889157 0.323621 -0.323525 0.889157 0.323621 -0.323525 0.889157 0.323621 -0.323525 0.889157 0.340402 -0.0976717 0.935193 0.340402 -0.0976717 0.935193 0.340402 -0.0976717 0.935193 0.340402 -0.0976717 0.935193 -0.608214 -0.323525 0.72485 -0.608214 -0.323525 0.72485 -0.608214 -0.323525 0.72485 -0.608214 -0.323525 0.72485 -0.639725 -0.0976881 0.762371 -0.639725 -0.0976881 0.762371 -0.639725 -0.0976881 0.762371 -0.639725 -0.0976881 0.762371 -0.931846 -0.323522 -0.164307 -0.931846 -0.323522 -0.164307 -0.931846 -0.323522 -0.164307 -0.931846 -0.323522 -0.164307 -0.980098 -0.0976805 -0.172817 -0.980098 -0.0976805 -0.172817 -0.980098 -0.0976805 -0.172817 -0.980098 -0.0976805 -0.172817 -0.323628 -0.323534 -0.889152 -0.323628 -0.323534 -0.889152 -0.323628 -0.323534 -0.889152 -0.323628 -0.323534 -0.889152 -0.34037 -0.0976856 -0.935204 -0.34037 -0.0976856 -0.935204 -0.34037 -0.0976856 -0.935204 -0.34037 -0.0976856 -0.935204 0.63971 -0.0976773 -0.762384 0.63971 -0.0976773 -0.762384 0.63971 -0.0976773 -0.762384 0.63971 -0.0976773 -0.762384 0.980098 -0.0976852 0.172816 0.980098 -0.0976852 0.172816 0.980098 -0.0976852 0.172816 0.980098 -0.0976852 0.172816 0.340387 -0.0976813 0.935198 0.340387 -0.0976813 0.935198 0.340387 -0.0976813 0.935198 0.340387 -0.0976813 0.935198 -0.639715 -0.0976769 0.76238 -0.639715 -0.0976769 0.76238 -0.639715 -0.0976769 0.76238 -0.639715 -0.0976769 0.76238 -0.980099 -0.0976776 -0.172816 -0.980099 -0.0976776 -0.172816 -0.980099 -0.0976776 -0.172816 -0.980099 -0.0976776 -0.172816 -0.340377 -0.0976819 -0.935201 -0.340377 -0.0976819 -0.935201 -0.340377 -0.0976819 -0.935201 -0.340377 -0.0976819 -0.935201 0.0195543 0.993639 -0.1109 0.105824 0.993639 -0.0385142 0.105824 0.993639 -0.0385142 0.0195543 0.993639 -0.1109 0.105824 0.993639 -0.0385142 0.0862694 0.993638 0.0723889 0.0862694 0.993638 0.0723889 0.105824 0.993639 -0.0385142 -0.0195524 0.993639 0.110902 -0.0195524 0.993639 0.110902 -0.105822 0.993639 0.0385133 -0.105822 0.993639 0.0385133 -0.0862694 0.993639 -0.0723857 -0.0862694 0.993639 -0.0723857 -0.105824 -0.993639 0.0385158 -0.0195552 -0.993639 0.110902 -0.0195552 -0.993639 0.110902 -0.105824 -0.993639 0.0385158 0.0862692 -0.993639 0.0723855 0.0862692 -0.993639 0.0723855 0.105827 -0.993638 -0.03852 0.105827 -0.993638 -0.03852 0.0195599 -0.993639 -0.110902 0.0195599 -0.993639 -0.110902 -0.0862671 -0.993639 -0.0723824 -0.0862671 -0.993639 -0.0723824 -0.105824 -0.993639 0.0385158 -0.105824 -0.993639 0.0385158 0.831359 -0.381947 0.403682 0.831359 -0.381947 0.403682 0.814073 -0.425472 0.395297 0.814073 -0.425472 0.395297 0.626233 -0.717887 0.304091 0.626233 -0.717887 0.304091 0.661022 -0.67825 0.320977 0.661022 -0.67825 0.320977 -0.43148 -0.155827 0.888562 -0.43148 -0.155827 0.888562 -0.427496 -0.205264 0.880405 -0.427496 -0.205264 0.880405 -0.355205 -0.581982 0.731524 -0.355205 -0.581982 0.731524 -0.371421 -0.526248 0.764925 -0.371421 -0.526248 0.764925 -0.831359 0.381947 -0.403682 -0.831359 0.381947 -0.403682 -0.814075 0.425471 -0.395293 -0.814075 0.425471 -0.395293 -0.626241 0.717883 -0.304083 -0.626241 0.717883 -0.304083 -0.661024 0.678249 -0.320975 -0.661024 0.678249 -0.320975 0.431457 0.155836 -0.888572 0.431457 0.155836 -0.888572 0.427494 0.205264 -0.880407 0.427494 0.205264 -0.880407 0.355221 0.581971 -0.731524 0.355221 0.581971 -0.731524 0.371432 0.52624 -0.764924 0.371432 0.52624 -0.764924 0.406907 0.363567 -0.838001 0.406907 0.363567 -0.838001 -0.748213 0.555139 -0.363315 -0.748213 0.555139 -0.363315 -0.406894 -0.363573 0.838005 -0.406894 -0.363573 0.838005 0.748212 -0.555139 0.363317 0.748212 -0.555139 0.363317 -0.323628 -0.323531 -0.889153 -0.323628 -0.323531 -0.889153 -0.323628 -0.323531 -0.889153 -0.323628 -0.323531 -0.889153 -0.340365 -0.0976712 -0.935207 -0.340365 -0.0976712 -0.935207 -0.340365 -0.0976712 -0.935207 -0.340365 -0.0976712 -0.935207 -0.931843 -0.323527 -0.164312 -0.931843 -0.323527 -0.164312 -0.931843 -0.323527 -0.164312 -0.931843 -0.323527 -0.164312 -0.980099 -0.0976698 -0.172817 -0.980099 -0.0976698 -0.172817 -0.980099 -0.0976698 -0.172817 -0.980099 -0.0976698 -0.172817 -0.608214 -0.323528 0.724848 -0.608214 -0.323528 0.724848 -0.608214 -0.323528 0.724848 -0.608214 -0.323528 0.724848 -0.639705 -0.0976884 0.762387 -0.639705 -0.0976884 0.762387 -0.639705 -0.0976884 0.762387 -0.639705 -0.0976884 0.762387 0.323621 -0.323532 0.889155 0.323621 -0.323532 0.889155 0.323621 -0.323532 0.889155 0.323621 -0.323532 0.889155 0.340391 -0.0976867 0.935196 0.340391 -0.0976867 0.935196 0.340391 -0.0976867 0.935196 0.340391 -0.0976867 0.935196 0.931843 -0.323527 0.164312 0.931843 -0.323527 0.164312 0.931843 -0.323527 0.164312 0.931843 -0.323527 0.164312 0.980098 -0.0976824 0.172817 0.980098 -0.0976824 0.172817 0.980098 -0.0976824 0.172817 0.980098 -0.0976824 0.172817 0.608219 -0.32353 -0.724844 0.608219 -0.32353 -0.724844 0.608219 -0.32353 -0.724844 0.608219 -0.32353 -0.724844 0.639713 -0.0976892 -0.762381 0.639713 -0.0976892 -0.762381 0.639713 -0.0976892 -0.762381 0.639713 -0.0976892 -0.762381 -0.340377 -0.0976648 -0.935203 -0.340377 -0.0976648 -0.935203 -0.340377 -0.0976648 -0.935203 -0.340377 -0.0976648 -0.935203 -0.980098 -0.097685 -0.172816 -0.980098 -0.097685 -0.172816 -0.980098 -0.097685 -0.172816 -0.980098 -0.097685 -0.172816 -0.639715 -0.0976747 0.762381 -0.639715 -0.0976747 0.762381 -0.639715 -0.0976747 0.762381 -0.639715 -0.0976747 0.762381 0.340378 -0.0976586 0.935204 0.340378 -0.0976586 0.935204 0.340378 -0.0976586 0.935204 0.340378 -0.0976586 0.935204 0.980096 -0.0976887 0.172826 0.980096 -0.0976887 0.172826 0.980096 -0.0976887 0.172826 0.980096 -0.0976887 0.172826 0.63971 -0.0976634 -0.762386 0.63971 -0.0976634 -0.762386 0.63971 -0.0976634 -0.762386 0.63971 -0.0976634 -0.762386 0.019556 0.993639 -0.110901 0.019556 0.993639 -0.110901 -0.0862682 0.993639 -0.072386 -0.0862682 0.993639 -0.072386 -0.105825 0.993638 0.0385175 -0.105825 0.993638 0.0385175 -0.105825 0.993638 0.0385175 -0.105825 0.993638 0.0385175 -0.0195589 0.993639 0.110901 -0.0195589 0.993639 0.110901 0.0862662 0.993639 0.0723831 0.0862662 0.993639 0.0723831 0.105824 0.993639 -0.0385153 0.105824 0.993639 -0.0385153 0.0862689 -0.993639 0.0723875 0.0862689 -0.993639 0.0723875 -0.0195539 -0.993639 0.110901 -0.0195539 -0.993639 0.110901 -0.105823 -0.993639 0.0385137 -0.105823 -0.993639 0.0385137 -0.0862697 -0.993638 -0.0723912 -0.0862697 -0.993638 -0.0723912 0.0195525 -0.993639 -0.110905 0.0195525 -0.993639 -0.110905 0.105822 -0.993639 -0.0385136 0.105822 -0.993639 -0.0385136 0.105822 -0.993639 -0.0385136 0.105822 -0.993639 -0.0385136 -0.919288 -0.381947 0.0950022 -0.900178 -0.425471 0.093029 -0.900178 -0.425471 0.093029 -0.919288 -0.381947 0.0950022 -0.692472 -0.717886 0.0715656 -0.73094 -0.678249 0.0755334 -0.73094 -0.678249 0.0755334 -0.692472 -0.717886 0.0715656 0.101564 -0.155822 0.98255 0.10062 -0.205254 0.973523 0.10062 -0.205254 0.973523 0.101564 -0.155822 0.98255 0.0835959 -0.581977 0.808897 0.0874013 -0.526248 0.845828 0.0874013 -0.526248 0.845828 0.0835959 -0.581977 0.808897 0.919288 0.381948 -0.0950065 0.900179 0.42547 -0.0930223 0.900179 0.42547 -0.0930223 0.919288 0.381948 -0.0950065 0.692473 0.717886 -0.071564 0.730935 0.678253 -0.075548 0.730935 0.678253 -0.075548 0.692473 0.717886 -0.071564 -0.10152 0.15584 -0.982552 -0.100586 0.205269 -0.973523 -0.100586 0.205269 -0.973523 -0.10152 0.15584 -0.982552 -0.083615 0.581963 -0.808905 -0.0874139 0.526239 -0.845832 -0.0874139 0.526239 -0.845832 -0.083615 0.581963 -0.808905 -0.0957431 0.363573 -0.926633 -0.0957431 0.363573 -0.926633 0.82735 0.555141 -0.0855038 0.82735 0.555141 -0.0855038 0.0957521 -0.363568 0.926633 0.0957521 -0.363568 0.926633 -0.827353 -0.555137 0.085497 -0.827353 -0.555137 0.085497 0.323625 -0.323531 0.889154 0.323625 -0.323531 0.889154 0.323625 -0.323531 0.889154 0.323625 -0.323531 0.889154 0.340386 -0.0976794 0.935198 0.340386 -0.0976794 0.935198 0.340386 -0.0976794 0.935198 0.340386 -0.0976794 0.935198 0.931844 -0.323527 0.164306 0.931844 -0.323527 0.164306 0.931844 -0.323527 0.164306 0.931844 -0.323527 0.164306 0.980098 -0.0976804 0.172818 0.980098 -0.0976804 0.172818 0.980098 -0.0976804 0.172818 0.980098 -0.0976804 0.172818 0.608215 -0.323532 -0.724846 0.608215 -0.323532 -0.724846 0.608215 -0.323532 -0.724846 0.608215 -0.323532 -0.724846 0.639715 -0.0976843 -0.76238 0.639715 -0.0976843 -0.76238 0.639715 -0.0976843 -0.76238 0.639715 -0.0976843 -0.76238 -0.323625 -0.323531 -0.889154 -0.323625 -0.323531 -0.889154 -0.323625 -0.323531 -0.889154 -0.323625 -0.323531 -0.889154 -0.340386 -0.0976794 -0.935198 -0.340386 -0.0976794 -0.935198 -0.340386 -0.0976794 -0.935198 -0.340386 -0.0976794 -0.935198 -0.931844 -0.323524 -0.164311 -0.931844 -0.323524 -0.164311 -0.931844 -0.323524 -0.164311 -0.931844 -0.323524 -0.164311 -0.980098 -0.0976804 -0.172818 -0.980098 -0.0976804 -0.172818 -0.980098 -0.0976804 -0.172818 -0.980098 -0.0976804 -0.172818 -0.608216 -0.323529 0.724846 -0.608216 -0.323529 0.724846 -0.608216 -0.323529 0.724846 -0.608216 -0.323529 0.724846 -0.639715 -0.0976843 0.76238 -0.639715 -0.0976843 0.76238 -0.639715 -0.0976843 0.76238 -0.639715 -0.0976843 0.76238 0.340382 -0.09767 0.935201 0.340382 -0.09767 0.935201 0.340382 -0.09767 0.935201 0.340382 -0.09767 0.935201 0.980097 -0.0976868 0.172821 0.980097 -0.0976868 0.172821 0.980097 -0.0976868 0.172821 0.980097 -0.0976868 0.172821 0.63971 -0.0976704 -0.762386 0.63971 -0.0976704 -0.762386 0.63971 -0.0976704 -0.762386 0.63971 -0.0976704 -0.762386 -0.340382 -0.0976731 -0.935201 -0.340382 -0.0976731 -0.935201 -0.340382 -0.0976731 -0.935201 -0.340382 -0.0976731 -0.935201 -0.980098 -0.0976866 -0.172816 -0.980098 -0.0976866 -0.172816 -0.980098 -0.0976866 -0.172816 -0.980098 -0.0976866 -0.172816 -0.639712 -0.097676 0.762383 -0.639712 -0.097676 0.762383 -0.639712 -0.097676 0.762383 -0.639712 -0.097676 0.762383 -0.0195565 0.993639 0.110901 -0.0195565 0.993639 0.110901 0.0862681 0.993639 0.0723843 0.0862681 0.993639 0.0723843 0.105824 0.993639 -0.0385157 0.105824 0.993639 -0.0385157 0.0195568 0.993639 -0.110899 0.0195568 0.993639 -0.110899 0.0195568 0.993639 -0.110899 0.0195568 0.993639 -0.110899 -0.0862676 0.993639 -0.0723837 -0.0862676 0.993639 -0.0723837 -0.105825 0.993638 0.0385168 -0.105825 0.993638 0.0385168 -0.086271 -0.993638 -0.0723901 -0.086271 -0.993638 -0.0723901 0.0195524 -0.993639 -0.110903 0.0195524 -0.993639 -0.110903 0.105823 -0.993639 -0.038513 0.105823 -0.993639 -0.038513 0.0862708 -0.993638 0.0723896 0.0862708 -0.993638 0.0723896 -0.0195526 -0.993639 0.110903 -0.0195526 -0.993639 0.110903 -0.0195526 -0.993639 0.110903 -0.0195526 -0.993639 0.110903 -0.105823 -0.993639 0.038513 -0.105823 -0.993639 0.038513 0.919288 -0.381948 -0.0950033 0.900177 -0.425472 -0.09303 0.900177 -0.425472 -0.09303 0.919288 -0.381948 -0.0950033 0.692473 -0.717886 -0.0715656 0.730938 -0.67825 -0.075538 0.730938 -0.67825 -0.075538 0.692473 -0.717886 -0.0715656 -0.101542 -0.155831 -0.982551 -0.100604 -0.205261 -0.973523 -0.100604 -0.205261 -0.973523 -0.101542 -0.155831 -0.982551 -0.0835855 -0.581983 -0.808894 -0.0873966 -0.526251 -0.845826 -0.0873966 -0.526251 -0.845826 -0.0835855 -0.581983 -0.808894 -0.91929 0.381946 0.0949931 -0.900179 0.42547 0.09302 -0.900179 0.42547 0.09302 -0.91929 0.381946 0.0949931 -0.692473 0.717885 0.0715648 -0.730937 0.678251 0.07554 -0.730937 0.678251 0.07554 -0.692473 0.717885 0.0715648 0.101541 0.155831 0.982551 0.100602 0.205261 0.973523 0.100602 0.205261 0.973523 0.101541 0.155831 0.982551 0.0835951 0.581976 0.808898 0.087408 0.526243 0.84583 0.087408 0.526243 0.84583 0.0835951 0.581976 0.808898 0.0957531 0.363567 0.926634 0.0957531 0.363567 0.926634 -0.827351 0.555139 0.0854998 -0.827351 0.555139 0.0854998 -0.0957471 -0.363571 -0.926633 -0.0957471 -0.363571 -0.926633 0.827351 -0.555139 -0.0855022 0.827351 -0.555139 -0.0855022 -0.608218 -0.323532 0.724844 -0.608218 -0.323532 0.724844 -0.608218 -0.323532 0.724844 -0.608218 -0.323532 0.724844 -0.639715 -0.097679 0.76238 -0.639715 -0.097679 0.76238 -0.639715 -0.097679 0.76238 -0.639715 -0.097679 0.76238 -0.931844 -0.323525 -0.164311 -0.931844 -0.323525 -0.164311 -0.931844 -0.323525 -0.164311 -0.931844 -0.323525 -0.164311 -0.980098 -0.0976824 -0.172817 -0.980098 -0.0976824 -0.172817 -0.980098 -0.0976824 -0.172817 -0.980098 -0.0976824 -0.172817 -0.323625 -0.323528 -0.889155 -0.323625 -0.323528 -0.889155 -0.323625 -0.323528 -0.889155 -0.323625 -0.323528 -0.889155 -0.340386 -0.0976796 -0.935198 -0.340386 -0.0976796 -0.935198 -0.340386 -0.0976796 -0.935198 -0.340386 -0.0976796 -0.935198 0.608218 -0.32353 -0.724844 0.608218 -0.32353 -0.724844 0.608218 -0.32353 -0.724844 0.608218 -0.32353 -0.724844 0.639715 -0.097679 -0.76238 0.639715 -0.097679 -0.76238 0.639715 -0.097679 -0.76238 0.639715 -0.097679 -0.76238 0.931845 -0.323526 0.164303 0.931845 -0.323526 0.164303 0.931845 -0.323526 0.164303 0.931845 -0.323526 0.164303 0.980098 -0.0976833 0.172817 0.980098 -0.0976833 0.172817 0.980098 -0.0976833 0.172817 0.980098 -0.0976833 0.172817 0.323622 -0.32353 0.889155 0.323622 -0.32353 0.889155 0.323622 -0.32353 0.889155 0.323622 -0.32353 0.889155 0.340386 -0.0976796 0.935198 0.340386 -0.0976796 0.935198 0.340386 -0.0976796 0.935198 0.340386 -0.0976796 0.935198 -0.639712 -0.0976771 0.762383 -0.639712 -0.0976771 0.762383 -0.639712 -0.0976771 0.762383 -0.639712 -0.0976771 0.762383 -0.980097 -0.0976986 -0.172816 -0.980097 -0.0976986 -0.172816 -0.980097 -0.0976986 -0.172816 -0.980097 -0.0976986 -0.172816 -0.340382 -0.0976731 -0.935201 -0.340382 -0.0976731 -0.935201 -0.340382 -0.0976731 -0.935201 -0.340382 -0.0976731 -0.935201 0.63971 -0.0976704 -0.762386 0.63971 -0.0976704 -0.762386 0.63971 -0.0976704 -0.762386 0.63971 -0.0976704 -0.762386 0.980099 -0.0976792 0.172816 0.980099 -0.0976792 0.172816 0.980099 -0.0976792 0.172816 0.980099 -0.0976792 0.172816 0.340381 -0.0976816 0.9352 0.340381 -0.0976816 0.9352 0.340381 -0.0976816 0.9352 0.340381 -0.0976816 0.9352 -0.0195519 0.993639 0.1109 -0.10582 0.993639 0.0385133 -0.10582 0.993639 0.0385133 -0.0195519 0.993639 0.1109 -0.0862682 0.993639 -0.0723886 -0.0862682 0.993639 -0.0723886 -0.0862682 0.993639 -0.0723886 0.0195539 0.993639 -0.110903 0.0195539 0.993639 -0.110903 -0.0862682 0.993639 -0.0723886 0.105822 0.993639 -0.0385146 0.105822 0.993639 -0.0385146 0.0862686 0.993639 0.0723867 0.0862686 0.993639 0.0723867 0.105826 -0.993638 -0.0385186 0.0195582 -0.993639 -0.110903 0.0195582 -0.993639 -0.110903 0.105826 -0.993638 -0.0385186 -0.0862685 -0.993639 -0.072384 -0.0862685 -0.993639 -0.072384 -0.105826 -0.993638 0.038518 -0.105826 -0.993638 0.038518 -0.0195572 -0.993639 0.110902 -0.0195572 -0.993639 0.110902 0.0862687 -0.993639 0.0723842 0.0862687 -0.993639 0.0723842 0.0862687 -0.993639 0.0723842 0.0862687 -0.993639 0.0723842 -0.831352 -0.381948 -0.403694 -0.831352 -0.381948 -0.403694 -0.814066 -0.425474 -0.395308 -0.814066 -0.425474 -0.395308 -0.626247 -0.71788 -0.304078 -0.626247 -0.71788 -0.304078 -0.661026 -0.678248 -0.320974 -0.661026 -0.678248 -0.320974 0.431471 -0.155831 -0.888566 0.431471 -0.155831 -0.888566 0.427497 -0.205263 -0.880405 0.427497 -0.205263 -0.880405 0.355196 -0.581988 -0.731523 0.355196 -0.581988 -0.731523 0.371409 -0.526255 -0.764925 0.371409 -0.526255 -0.764925 0.831361 0.381946 0.403678 0.831361 0.381946 0.403678 0.814077 0.42547 0.395289 0.814077 0.42547 0.395289 0.626238 0.717884 0.304085 0.626238 0.717884 0.304085 0.661019 0.678251 0.320981 0.661019 0.678251 0.320981 -0.431462 0.155834 0.88857 -0.431462 0.155834 0.88857 -0.427498 0.205262 0.880405 -0.427498 0.205262 0.880405 -0.355214 0.581975 0.731524 -0.355214 0.581975 0.731524 -0.371429 0.526242 0.764925 -0.371429 0.526242 0.764925 -0.406908 0.363566 0.838001 -0.406908 0.363566 0.838001 0.748211 0.55514 0.363318 0.748211 0.55514 0.363318 0.406893 -0.363575 -0.838004 0.406893 -0.363575 -0.838004 -0.748206 -0.555141 -0.363325 -0.748206 -0.555141 -0.363325 -0.160138 -0.863607 0.478057 -0.103338 -0.865904 0.489419 -0.103338 -0.865904 0.489419 -0.160138 -0.863607 0.478057 -0.0868239 -0.866026 0.492403 -0.0868239 -0.866026 0.492403 -0.404733 0 0.914435 -0.404733 0 0.914435 -0.404733 0 0.914435 -0.404733 0 0.914435 -0.173648 0 0.984808 -0.173648 0 0.984808 -0.270286 0.850606 0.451015 -0.323317 0.840115 0.435514 -0.323317 0.840115 0.435514 -0.270286 0.850606 0.451015 -0.086824 0.866025 0.492404 -0.086824 0.866025 0.492404 0.121156 0.865497 -0.486041 0.0638464 0.86579 -0.496318 0.0638464 0.86579 -0.496318 0.121156 0.865497 -0.486041 0.0868241 0.866025 -0.492404 0.0868241 0.866025 -0.492404 0.369579 0 -0.929199 0.369579 0 -0.929199 0.369579 0 -0.929199 0.369579 0 -0.929199 0.173648 0 -0.984808 0.173648 0 -0.984808 0.233165 -0.856281 -0.460886 0.287517 -0.847511 -0.446161 0.287517 -0.847511 -0.446161 0.233165 -0.856281 -0.460886 0.086824 -0.866026 -0.492403 0.086824 -0.866026 -0.492403 -0.0130253 -0.863607 0.503998 -0.0130253 -0.863607 0.503998 -0.0702859 -0.865904 0.495248 -0.0702859 -0.865904 0.495248 0.067569 0 0.997715 0.067569 0 0.997715 0.0675692 0 0.997715 0.0675692 0 0.997715 0.0997292 0.850606 0.516259 0.0997292 0.850606 0.516259 0.154864 0.840115 0.519831 0.154864 0.840115 0.519831 0.0523862 0.865497 -0.498166 0.0523862 0.865497 -0.498166 0.109755 0.86579 -0.488222 0.109755 0.86579 -0.488222 -0.029486 0 -0.999565 -0.029486 0 -0.999565 -0.029486 0 -0.999565 -0.029486 0 -0.999565 -0.0614709 -0.856282 -0.512838 -0.0614709 -0.856282 -0.512838 -0.117582 -0.847511 -0.51759 -0.117582 -0.847511 -0.51759 0.0664525 -0.923879 -0.37687 -0.103904 -0.952738 -0.285472 -0.293156 -0.923878 -0.245986 -0.293156 -0.923878 -0.245986 -0.299179 -0.952738 -0.0527526 -0.359605 -0.923879 0.130887 -0.359605 -0.923879 0.130887 -0.195274 -0.952738 0.23272 -0.066452 -0.923878 0.376874 -0.066452 -0.923878 0.376874 0.103904 -0.952737 0.285475 0.293154 -0.923878 0.245987 0.293154 -0.923878 0.245987 0.29918 -0.952737 0.0527554 0.359609 -0.923878 -0.130884 0.359609 -0.923878 -0.130884 0.195275 -0.952738 -0.232718 0.0664525 -0.923879 -0.37687 -0.342024 -1.25064e-06 -0.939691 -0.321931 -0.337648 -0.884508 -0.321931 -0.337648 -0.884508 -0.342024 -1.25064e-06 -0.939691 -0.984808 6.01575e-07 -0.173649 -0.926971 -0.337654 -0.163447 -0.926971 -0.337654 -0.163447 -0.984808 6.01575e-07 -0.173649 -0.642785 -1.02901e-06 0.766046 -0.605041 -0.337645 0.721056 -0.605041 -0.337645 0.721056 -0.642785 -1.02901e-06 0.766046 0.342017 1.7414e-07 0.939694 0.321932 -0.337654 0.884506 0.321932 -0.337654 0.884506 0.342017 1.7414e-07 0.939694 0.984807 3.79942e-07 0.17365 0.926971 -0.337653 0.163449 0.926971 -0.337653 0.163449 0.984807 3.79942e-07 0.17365 0.642791 1.31397e-06 -0.766041 0.605034 -0.337659 -0.721055 0.605034 -0.337659 -0.721055 0.642791 1.31397e-06 -0.766041 -0.321944 0.337646 -0.884504 -0.321944 0.337646 -0.884504 -0.926969 0.337656 -0.163453 -0.926969 0.337656 -0.163453 -0.605033 0.337643 0.721063 -0.605033 0.337643 0.721063 0.32193 0.337654 0.884506 0.32193 0.337654 0.884506 0.92697 0.337654 0.163453 0.92697 0.337654 0.163453 0.605044 0.337661 -0.721046 0.605044 0.337661 -0.721046 0.0664525 0.923879 -0.37687 -0.293156 0.923878 -0.245986 -0.103904 0.952738 -0.285472 -0.293156 0.923878 -0.245986 -0.359605 0.923879 0.130887 -0.299179 0.952738 -0.0527526 -0.359605 0.923879 0.130887 -0.066452 0.923878 0.376874 -0.195274 0.952738 0.23272 -0.066452 0.923878 0.376874 0.293154 0.923878 0.245987 0.103904 0.952737 0.285475 0.293154 0.923878 0.245987 0.359609 0.923878 -0.130884 0.29918 0.952737 0.0527554 0.359609 0.923878 -0.130884 0.0664525 0.923879 -0.37687 0.195275 0.952738 -0.232718 0.173657 0 -0.984806 0.173657 0 -0.984806 0.173657 0 -0.984806 0.173657 0 -0.984806 0.984808 0 0.173644 0.984808 0 0.173644 0.984808 0 0.173644 0.984808 0 0.173644 -0.17364 0 0.984809 -0.17364 0 0.984809 -0.17364 0 0.984809 -0.17364 0 0.984809 -0.984808 0 -0.173649 -0.984808 0 -0.173649 -0.984808 0 -0.173649 -0.984808 0 -0.173649 0 1 0 0 1 0 0 1 0 0 1 0 0.245672 0 -0.969353 -0.0703874 0 -0.99752 -0.0703874 0 -0.99752 0.245672 0 -0.969353 0 1 0 0 1 0 0 1 0 0 1 0 -0.245674 0 0.969353 0.0703846 0 0.99752 0.0703846 0 0.99752 -0.245674 0 0.969353 -0.174308 -0.984211 -0.0307355 0 -1 0 0 -1 0 -0.174308 -0.984211 -0.0307355 0.2206 0 -0.975364 0.2206 0 -0.975364 0.522671 0.847539 0.0921615 0.699002 0.704418 0.123254 0.699002 0.704418 0.123254 0.522671 0.847539 0.0921615 -0.2206 0 0.975364 -0.2206 0 0.975364 -0.169993 -0.984989 -0.0299744 -0.169993 -0.984989 -0.0299744 0.163693 0 -0.986511 0.163693 0 -0.986511 0.532577 0.841156 0.0939083 0.532577 0.841156 0.0939083 -0.0841012 0 0.996457 -0.0841012 0 0.996457 -0.00983579 -0.99995 -0.00173433 -0.00983579 -0.99995 -0.00173433 -0.0284348 -0.999583 -0.00501384 -0.286349 0 0.958125 0.715331 0.687308 0.126133 0.435756 0 -0.900065 0.48481 0 -0.874619 0.48481 0 -0.874619 0.48481 0 -0.874619 0.48481 0 -0.874619 0.87462 0 0.484809 0.87462 0 0.484809 0.87462 0 0.484809 0.87462 0 0.484809 -0.484808 0 0.874621 -0.484808 0 0.874621 -0.484808 0 0.874621 -0.484808 0 0.874621 -0.874621 0 -0.484808 -0.874621 0 -0.484808 -0.874621 0 -0.484808 -0.874621 0 -0.484808 0 1 0 0 1 0 0 1 0 0 1 0 0.547878 0 -0.836558 0.258208 0 -0.966089 0.258208 0 -0.966089 0.547878 0 -0.836558 0.154851 0.984202 0.0858356 0 1 0 0 1 0 0.154851 0.984202 0.0858356 -0.547879 0 0.836558 -0.258207 0 0.96609 -0.258207 0 0.96609 -0.547879 0 0.836558 -0.0595618 -0.997678 -0.0330158 0 -1 0 0 -1 0 -0.0595618 -0.997678 -0.0330158 0.52613 0 -0.850404 0.52613 0 -0.850404 0.208577 0.971148 0.115617 0.208577 0.971148 0.115617 -0.52613 0 0.850404 -0.52613 0 0.850404 -0.0581285 -0.997789 -0.0322213 -0.0581285 -0.997789 -0.0322213 0.475951 0 -0.879472 0.475951 0 -0.879472 0.215305 0.969227 0.119346 0.215305 0.969227 0.119346 -0.403933 0 0.914789 -0.403933 0 0.914789 -0.00322448 -0.999993 -0.00178736 -0.00322448 -0.999993 -0.00178736 -0.0093219 -0.999943 -0.00516721 -0.582681 0 0.812701 0.31777 0.931663 0.176143 0.705047 0 -0.709161 0.182238 0 -0.983254 0.182238 0 -0.983254 0.182238 0 -0.983254 0.182238 0 -0.983254 0.983254 0 0.182238 0.983254 0 0.182238 0.983254 0 0.182238 0.983254 0 0.182238 -0.182235 0 0.983255 -0.182235 0 0.983255 -0.182235 0 0.983255 -0.182235 0 0.983255 -0.983255 0 -0.182237 -0.983255 0 -0.182237 -0.983255 0 -0.182237 -0.983255 0 -0.182237 0 1 0 0 1 0 0 1 0 0 1 0 0.254122 0 -0.967172 -0.0616802 0 -0.998096 -0.0616802 0 -0.998096 0.254122 0 -0.967172 0.174085 0.984202 0.0322651 0 1 0 0 1 0 0.174085 0.984202 0.0322651 -0.254122 0 0.967172 0.0616818 0 0.998096 0.0616818 0 0.998096 -0.254122 0 0.967172 -0.0669599 -0.997678 -0.0124104 0 -1 0 0 -1 0 -0.0669599 -0.997678 -0.0124104 0.229104 0 -0.973402 0.229104 0 -0.973402 0.234484 0.971148 0.0434597 0.234484 0.971148 0.0434597 -0.229104 0 0.973402 -0.229104 0 0.973402 -0.0653486 -0.997789 -0.0121118 -0.0653486 -0.997789 -0.0121118 0.172295 0 -0.985045 0.172295 0 -0.985045 0.242048 0.969227 0.0448617 0.242048 0.969227 0.0448617 -0.0927924 0 0.995685 -0.0927924 0 0.995685 -0.00362498 -0.999993 -0.000671861 -0.00362498 -0.999993 -0.000671861 -0.0104797 -0.999943 -0.00194234 -0.294697 0 0.955591 0.357239 0.931663 0.0662116 0.443593 0 -0.896228 -0.702513 0.483709 0.522016 -0.702513 0.483709 0.522016 0.65777 0.735192 0.1638 0.65777 0.735192 0.1638 0.470023 0.474398 0.744329 0.470023 0.474398 0.744329 -0.680732 0.729807 -0.063136 -0.680732 0.729807 -0.063136 -0.662352 0 0.749193 -0.662352 0 0.749193 -0.662352 0 0.749193 -0.662352 0 0.749193 -0.749188 0 -0.662357 -0.749188 0 -0.662357 -0.749188 0 -0.662357 -0.749188 0 -0.662357 0.662356 0 -0.749189 0.662356 0 -0.749189 0.662356 0 -0.749189 0.662356 0 -0.749189 0.749185 0 0.662361 0.749185 0 0.662361 0.749185 0 0.662361 0.749185 0 0.662361 -0.171479 -0.507576 0.844371 -0.169001 -0.528138 0.832171 -0.169001 -0.528138 0.832171 -0.171479 -0.507576 0.844371 0.645502 -0.507581 0.570691 0.636176 -0.528143 0.562446 0.636176 -0.528143 0.562446 0.645502 -0.507581 0.570691 0.816986 -0.507577 -0.273678 0.805184 -0.528136 -0.269725 0.805184 -0.528136 -0.269725 0.816986 -0.507577 -0.273678 0.171482 -0.507574 -0.844371 0.169005 -0.528129 -0.832176 0.169005 -0.528129 -0.832176 0.171482 -0.507574 -0.844371 -0.645504 -0.507577 -0.570692 -0.636179 -0.528137 -0.562448 -0.636179 -0.528137 -0.562448 -0.645504 -0.507577 -0.570692 -0.816987 -0.507577 0.273675 -0.805184 -0.528137 0.269722 -0.805184 -0.528137 0.269722 -0.816987 -0.507577 0.273675 0 1 0 0 1 0 0 1 0 0 1 0 0 1 0 0 1 0 0 1 0 0 1 0 0 1 0 0 1 0 0 1 0 0 1 0 -0.173857 -0.48672 0.856083 -0.173857 -0.48672 0.856083 0.654456 -0.486727 0.578606 0.654456 -0.486727 0.578606 0.828316 -0.486725 -0.277474 0.828316 -0.486725 -0.277474 0.173859 -0.486726 -0.856079 0.173859 -0.486726 -0.856079 -0.654457 -0.486724 -0.578607 -0.654457 -0.486724 -0.578607 -0.828317 -0.486724 0.277471 -0.828317 -0.486724 0.277471 0.182725 0.396358 -0.899729 0.182725 0.396358 -0.899729 0.182725 0.396358 -0.899729 0.182725 0.396358 -0.899729 0.870551 0.396358 -0.29162 0.870551 0.396358 -0.29162 0.870551 0.396358 -0.29162 0.870551 0.396358 -0.29162 0.687826 0.396355 0.60811 0.687826 0.396355 0.60811 0.687826 0.396355 0.60811 0.687826 0.396355 0.60811 -0.182725 0.396358 0.899729 -0.182725 0.396358 0.899729 -0.182725 0.396358 0.899729 -0.182725 0.396358 0.899729 -0.870549 0.396359 0.291623 -0.870549 0.396359 0.291623 -0.870549 0.396359 0.291623 -0.870549 0.396359 0.291623 -0.687825 0.396355 -0.608112 -0.687825 0.396355 -0.608112 -0.687825 0.396355 -0.608112 -0.687825 0.396355 -0.608112 0 -1 0 0 -1 0 0 -1 0 0 -1 0 0 -1 0 0 -1 0 0 1 0 0 1 0 0 1 0 0 1 0 0 1 0 0 1 0 -0.89164 0.0362211 0.451293 -0.838587 0.048854 0.542572 -0.945261 -0.00407257 0.326289 0.672561 0.200612 0.712332 0.672561 0.200612 0.712332 0.509252 0.505312 0.696651 0.738061 0.331021 -0.587955 0.594997 0.290602 -0.749352 0.594997 0.290602 -0.749352 0.367255 0.281123 -0.886619 0.140298 0.229745 -0.963085 0.594997 0.290602 -0.749352 -0.796444 0.0823532 -0.599079 -0.919286 0.037986 -0.391752 -0.968696 -0.0554727 -0.241971 -0.996649 0.00289914 0.0817435 -0.89164 0.0362211 0.451293 -0.999268 -0.0209466 0.0320071 -0.255034 -0.0491467 0.965682 -0.258233 -0.127878 0.957582 -0.521869 -0.00819974 0.852986 -0.520404 -0.0579512 0.851951 -0.517631 -0.107816 0.848784 -0.250235 0.0298927 0.967724 0.751069 -0.0211498 0.659884 0.751069 -0.0211498 0.659884 0.751069 -0.0211498 0.659884 0.737986 0.0860609 0.669306 0.737986 0.0860609 0.669306 0.856234 0.117118 0.503137 0.974282 0.222898 0.0330398 0.92186 0.372405 0.107183 0.92186 0.372405 0.107183 0.946831 0.187117 0.261723 0.974282 0.222898 0.0330398 0.996892 0.0665714 -0.0421143 0.996892 0.0665714 -0.0421143 0.974282 0.222898 0.0330398 -0.45533 0.116326 -0.882691 -0.181117 0.249471 -0.951294 0.140298 0.229745 -0.963085 -0.0965875 0.0713808 -0.992762 -0.0360776 -0.0618653 -0.997432 -0.0360776 -0.0618653 -0.997432 -0.746849 0.144491 -0.649106 -0.796444 0.0823532 -0.599079 -0.621293 0.131384 -0.772485 -0.45533 0.116326 -0.882691 -0.749906 0.0773207 -0.65701 -0.749906 0.0773207 -0.65701 -0.781381 -0.00650029 0.624021 -0.915638 0.0293707 0.400929 -0.744795 -0.0619379 0.664412 -0.730877 -0.234246 0.641052 0.805188 0.528128 -0.269726 0.805188 0.528128 -0.269726 0.805188 0.528128 -0.269726 0.805188 0.528128 -0.269726 0.63618 0.528136 0.562448 0.63618 0.528136 0.562448 0.63618 0.528136 0.562448 0.63618 0.528136 0.562448 -0.169001 0.528137 0.832172 -0.169001 0.528137 0.832172 -0.169001 0.528137 0.832172 -0.169001 0.528137 0.832172 -0.805184 0.528138 0.269722 -0.805184 0.528138 0.269722 -0.805184 0.528138 0.269722 -0.805184 0.528138 0.269722 -0.63618 0.528136 -0.562448 -0.63618 0.528136 -0.562448 -0.63618 0.528136 -0.562448 -0.63618 0.528136 -0.562448 0.169005 0.528128 -0.832176 0.169005 0.528128 -0.832176 0.169005 0.528128 -0.832176 0.169005 0.528128 -0.832176 0 1 0 0 1 0 0 1 0 0 1 0 0 1 0 0 1 0 0.280629 0.939487 -0.196499 -0.196499 0.939487 -0.28063 -0.130351 0.973834 -0.186161 0.186161 0.973834 -0.130351 -0.196499 0.939487 -0.28063 -0.280629 0.939487 0.196499 -0.280629 0.939487 0.196499 0.196499 0.939487 0.28063 0.130351 0.973834 0.186161 -0.186161 0.973834 0.130351 0.196499 0.939487 0.28063 0.280629 0.939487 -0.196499 0.186161 0.973834 -0.130351 0.130351 0.973834 0.186161 0.57201 -0.793204 -0.208882 0.417886 -0.859884 -0.293206 0.390723 -0.792955 -0.467501 0.390723 -0.792955 -0.467501 0.215719 -0.859667 -0.463075 0.105848 -0.792745 -0.600293 0.697043 0.142375 0.702752 0.697043 0.142375 0.702752 0.903643 -0.196034 -0.380789 0.789136 -0.104487 -0.605266 -0.14703 -0.711697 0.686928 -0.339665 -0.595011 0.728415 -0.339665 -0.595011 0.728415 -0.14703 -0.711697 0.686928 0.105848 -0.792745 -0.600293 -0.0443284 -0.859667 -0.508928 -0.207265 -0.792956 -0.572942 -0.207265 -0.792956 -0.572942 -0.292402 -0.859885 -0.418449 -0.466072 -0.793204 -0.391923 -0.918865 0.104196 0.380565 -0.918865 0.104196 0.380565 -0.53265 -0.141149 -0.834482 -0.731259 -0.217874 -0.646368 0.0533165 -0.791058 0.609414 0.0533165 -0.791058 0.609414 0.984808 0 0.173648 0.984808 0 0.173648 0.984808 0 0.173648 0.984808 0 0.173648 0.984808 0 0.173648 0.984808 0 0.173648 -0.984808 0 -0.173646 -0.984808 0 -0.173648 -0.984808 0 -0.173648 -0.984808 0 -0.173646 -0.984807 0 -0.173649 -0.984807 0 -0.173649 0 1 0 0 1 0 0 1 0 0 1 0 0 1 0 0 1 0 0 1 0 0 1 0 0 1 0 0 1 0 0 1 0 0 1 0 0 1 0 0 1 0 0 1 0 0 1 0 0 1 0 0 1 0 0 1 0 0 1 0 0 1 0 0 1 0 0 1 0 0 1 0 0.0804616 0.927543 -0.364951 0.0804616 0.927543 -0.364951 0.0804616 0.927543 -0.364951 0.0804616 0.927543 -0.364951 0.0207419 -0.354098 -0.934978 -0.0853023 -0.344823 -0.934784 -0.0317507 -0.34329 -0.938693 -0.0317507 -0.34329 -0.938693 -0.991787 0.127141 -0.0139461 -0.991787 0.127141 -0.0139461 -0.994223 0.107163 -0.00606212 -0.994223 0.107163 -0.00606212 -0.0184158 0.380896 0.924434 0.0876269 0.37162 0.92424 0.0352287 0.383383 0.922917 0.0352287 0.383383 0.922917 0.998741 -0.0469716 -0.017597 0.998741 -0.0469716 -0.017597 0.997701 -0.0670743 -0.00971099 0.997701 -0.0670743 -0.00971099 -0.0853023 -0.344823 -0.934784 0.0207419 -0.354098 -0.934978 0.0461586 -0.369214 -0.928197 -0.112931 -0.355298 -0.927906 0.0876269 0.37162 0.92424 -0.0184158 0.380896 0.924434 -0.0461574 0.369203 0.928202 0.11293 0.355287 0.92791 0.0804638 0.927544 -0.364948 0.0804638 0.927544 -0.364948 0.0804638 0.927544 -0.364948 0.0804638 0.927544 -0.364948 -0.318237 -0.323075 -0.891262 -0.318237 -0.323075 -0.891262 -0.0804616 -0.927543 0.364951 -0.0804616 -0.927543 0.364951 -0.0804606 -0.927543 0.364951 -0.0804606 -0.927543 0.364951 -0.254079 0.373125 0.892312 -0.254079 0.373125 0.892312 0.0804638 0.927544 -0.364948 0.0804638 0.927544 -0.364948 0.0804638 0.927544 -0.364948 0.0804638 0.927544 -0.364948 0.318248 0.323063 0.891262 0.318248 0.323063 0.891262 -0.0804635 -0.927543 0.364951 -0.0804635 -0.927543 0.364951 -0.0804644 -0.927543 0.364951 -0.0804644 -0.927543 0.364951 0.25407 -0.373131 -0.892313 0.25407 -0.373131 -0.892313 0.996195 -0.0871353 -0.00182091 0.996195 -0.0871353 -0.00182091 0.962281 -0.263377 0.06818 0.962281 -0.263377 0.06818 0.033495 0.363414 0.931025 0.033495 0.363414 0.931025 0.0303716 0.327428 0.944388 0.0303716 0.327428 0.944388 -0.996195 0.0871347 0.00182055 -0.996195 0.0871347 0.00182055 -0.993138 -0.0923361 0.0717653 -0.993138 -0.0923361 0.0717653 -0.0334945 -0.363415 -0.931025 -0.0334945 -0.363415 -0.931025 -0.0365682 -0.398862 -0.916281 -0.0365682 -0.398862 -0.916281 -0.0395877 -0.433719 -0.900178 -0.953225 -0.26838 0.139047 0.0272032 0.290956 0.956349 0.892655 -0.429844 0.135651 0.378238 -0.367167 -0.849779 0.632466 -0.729001 0.261811 0.632466 -0.729001 0.261811 0.632466 -0.729001 0.261811 0.439356 0.295646 0.848269 0.748465 0.608216 -0.264335 0.748465 0.608216 -0.264335 0.748465 0.608216 -0.264335 -0.378258 0.367165 0.849771 -0.74847 -0.608203 0.264351 -0.74847 -0.608203 0.264351 -0.74847 -0.608203 0.264351 -0.439334 -0.295662 -0.848274 -0.632467 0.729002 -0.261804 -0.632467 0.729002 -0.261804 -0.632467 0.729002 -0.261804 -0.0335005 -0.363429 -0.931019 -0.0335005 -0.363429 -0.931019 -0.996195 0.0871349 0.00182469 -0.996195 0.0871349 0.00182469 0.0335003 0.363427 0.93102 0.0335003 0.363427 0.93102 0.996194 -0.0871457 -0.00182046 0.996194 -0.0871457 -0.00182046 -0.233447 0 -0.972369 -0.228556 -0.203631 -0.951996 -0.228556 -0.203631 -0.951996 -0.233447 0 -0.972369 0.725372 0 -0.688357 0.710174 -0.20363 -0.673935 0.710174 -0.20363 -0.673935 0.725372 0 -0.688357 0.958821 0 0.284013 0.938731 -0.20363 0.278062 0.938731 -0.20363 0.278062 0.942756 0 0.333483 0.233445 0 0.97237 0.228554 -0.203629 0.951997 0.228554 -0.203629 0.951997 0.233445 0 0.97237 -0.725376 0 0.688353 -0.710178 -0.203631 0.67393 -0.710178 -0.203631 0.67393 -0.725376 0 0.688353 -0.97229 0 -0.233778 -0.93873 -0.20363 -0.278067 -0.93873 -0.20363 -0.278067 -0.958819 0 -0.284018 -0.233447 0 -0.972369 -0.233447 0 -0.972369 0.725372 0 -0.688357 0.725372 0 -0.688357 0.933739 0 0.357954 0.958821 0 0.284013 -0.932806 0 0.360378 -0.992993 0 0.11817 -0.992993 0 0.11817 -0.932806 0 0.360378 0.768434 0 0.639929 0.586038 0 0.810284 0.586038 0 0.810284 0.768434 0 0.639929 -0.958819 0 -0.284018 -0.978056 0 -0.208343 -2.72107e-07 1 -1.13341e-06 1.52185e-07 1 -8.40231e-07 1.52185e-07 1 -8.40231e-07 -2.72107e-07 1 -1.13341e-06 5.76477e-07 1 -5.47053e-07 5.76477e-07 1 -5.47053e-07 -0.97229 0 -0.233778 -0.978056 0 -0.208343 0.933739 0 0.357954 0.942756 0 0.333483 -0.879304 -0.398728 -0.260464 -0.879304 -0.398728 -0.260464 -0.66522 -0.398728 0.631267 -0.66522 -0.398728 0.631267 0.214086 -0.398725 0.891732 0.214086 -0.398725 0.891732 0.879305 -0.398727 0.26046 0.879305 -0.398727 0.26046 0.665216 -0.398728 -0.631271 0.665216 -0.398728 -0.631271 -0.214087 -0.398729 -0.89173 -0.214087 -0.398729 -0.89173 0 1 0 0 1 0 0 1 0 0 1 0 0 1 0 0 1 0 0 1 0 0 1 0 0 1 0 0 1 0 0 1 0 0 1 0 0 1 0 0 1 0 0.958821 0 0.284013 0.958821 0 0.284013 0.958821 0 0.284013 0.958821 0 0.284013 0.725372 0 -0.688357 0.725372 0 -0.688357 0.725372 0 -0.688357 0.725372 0 -0.688357 -0.233443 0 -0.97237 -0.233443 0 -0.97237 -0.233443 0 -0.97237 -0.233443 0 -0.97237 -0.958822 0 -0.284009 -0.958822 0 -0.284009 -0.958822 0 -0.284009 -0.958822 0 -0.284009 -0.725372 0 0.688357 -0.725372 0 0.688357 -0.725372 0 0.688357 -0.725372 0 0.688357 0.233439 0 0.972371 0.233439 0 0.972371 0.233439 0 0.972371 0.233439 0 0.972371 0 1 0 0 1 0 0 1 0 0 1 0 0 1 0 0 1 0 -0.860741 0 -0.509043 -0.842706 -0.203632 -0.498378 -0.842706 -0.203632 -0.498378 -0.860741 0 -0.509043 0.0104649 0 -0.999945 0.0102456 -0.203632 -0.978994 0.0102456 -0.203632 -0.978994 0.0104649 0 -0.999945 0.871212 0 -0.490907 0.852958 -0.203631 -0.480621 0.852958 -0.203631 -0.480621 0.895559 0 -0.444943 0.860741 0 0.509044 0.842706 -0.203632 0.498378 0.842706 -0.203632 0.498378 0.860741 0 0.509044 -0.0104734 0 0.999945 -0.010254 -0.203629 0.978994 -0.010254 -0.203629 0.978994 -0.0104734 0 0.999945 -0.844513 0 0.535536 -0.852963 -0.203632 0.480613 -0.852963 -0.203632 0.480613 -0.871217 0 0.490898 -0.860741 0 -0.509043 -0.860741 0 -0.509043 0.0104649 0 -0.999945 0.0104649 0 -0.999945 0.906858 0 -0.421437 0.871212 0 -0.490907 -0.390352 0 0.920666 -0.606175 0 0.795331 -0.606175 0 0.795331 -0.390352 0 0.920666 0.994313 0 -0.106499 0.989718 0 0.143035 0.989718 0 0.143035 0.994313 0 -0.106499 -0.871217 0 0.490898 -0.830259 0 0.557377 -1.00329e-06 1 -5.93349e-07 -4.97484e-07 1 -6.94017e-07 -4.97484e-07 1 -6.94017e-07 -1.00329e-06 1 -5.93349e-07 8.3235e-09 1 -7.94684e-07 8.3235e-09 1 -7.94684e-07 -0.844513 0 0.535536 -0.830259 0 0.557377 0.906858 0 -0.421437 0.895559 0 -0.444943 -0.798965 -0.398731 0.450187 -0.798965 -0.398731 0.450187 -0.00960484 -0.398725 0.91702 -0.00960484 -0.398725 0.91702 0.789358 -0.39873 0.466828 0.789358 -0.39873 0.466828 0.798961 -0.398729 -0.450195 0.798961 -0.398729 -0.450195 0.009597 -0.398731 -0.917017 0.009597 -0.398731 -0.917017 -0.789358 -0.398731 -0.466827 -0.789358 -0.398731 -0.466827 0 1 0 0 1 0 0 1 0 0 1 0 0 1 0 0 1 0 0 1 0 0 1 0 0 1 0 0 1 0 0 1 0 0 1 0 0 1 0 0 1 0 0.871212 0 -0.490906 0.871212 0 -0.490906 0.871212 0 -0.490906 0.871212 0 -0.490906 0.010467 0 -0.999945 0.010467 0 -0.999945 0.010467 0 -0.999945 0.010467 0 -0.999945 -0.86074 0 -0.509044 -0.86074 0 -0.509044 -0.86074 0 -0.509044 -0.86074 0 -0.509044 -0.871208 0 0.490913 -0.871208 0 0.490913 -0.871208 0 0.490913 -0.871208 0 0.490913 -0.0104725 0 0.999945 -0.0104725 0 0.999945 -0.0104725 0 0.999945 -0.0104725 0 0.999945 0.860737 0 0.509049 0.860737 0 0.509049 0.860737 0 0.509049 0.860737 0 0.509049 0 1 0 0 1 0 0 1 0 0 1 0 0 1 0 0 1 0 </float_array>
          <technique_common>
            <accessor count="3029" offset="0" source="#meshId0-normals-array" stride="3">
              <param name="X" type="float" />
              <param name="Y" type="float" />
              <param name="Z" type="float" />
            </accessor>
          </technique_common>
        </source>
        <source id="meshId0-tangents" name="meshId0-tangents">
          <float_array id="meshId0-tangents-array" count="9087"> 0.905887 0.293408 0.305418 0.91109 0.243618 0.332512 0.889226 0.426414 0.165674 0.759873 0.615218 0.209998 0.831999 0.444454 0.332021 0.696743 0.697674 0.166732 0.638209 0.744902 0.19445 0.808559 0.508697 0.295734 0.611819 0.75781 0.226717 0.621871 0.73435 0.272043 0.835452 0.479483 0.268544 0.674169 0.675225 0.299279 0.675592 -0.728637 0.112539 0.838543 -0.503036 0.209285 0.638033 -0.757505 0.138199 0.63636 -0.751238 0.175175 0.851449 -0.493947 0.176211 0.674683 -0.707919 0.208934 0.734868 -0.614648 0.286666 0.907401 -0.379562 0.180434 0.827349 -0.506718 0.242341 0.90395 -0.224109 0.364211 0.96118 -0.103454 0.255792 0.972564 -0.0815692 0.217868 -0.924109 2.90324e-09 0.38213 -0.924116 2.90186e-09 0.382111 -0.987113 9.32416e-10 -0.160027 -0.987113 9.32584e-10 -0.160025 -0.585288 4.91536e-09 0.810825 -0.585318 4.91291e-09 0.810804 -0.0744342 0.00666143 0.997204 -0.0862795 0.00720634 0.996245 0.609326 -0.0360118 0.792101 0.626213 -0.0377334 0.778738 0.690204 -0.0294072 0.723017 0.689985 -0.0293827 0.723227 0.618092 -4.73389e-09 -0.786106 0.631196 -5.86874e-09 -0.775624 0.720573 -2.88371e-09 -0.693379 0.720574 -2.88377e-09 -0.693378 0.25956 -5.93351e-09 -0.965727 0.259595 -5.93594e-09 -0.965718 -0.29066 -3.65257e-09 -0.956826 -0.290643 -3.65378e-09 -0.956832 -0.75523 -1.12437e-09 -0.65546 -0.755225 -1.12496e-09 -0.655466 -0.983953 -0.014217 -0.177859 -0.770462 0.0239844 -0.637035 -0.766837 0.0242443 -0.641384 -0.984502 -0.0159331 -0.174649 -0.357399 0.0562483 -0.932257 -0.344936 0.0571324 -0.936886 0.145057 0.0933117 -0.985013 0.167011 0.0932042 -0.98154 0.608512 0.131169 -0.782629 0.619445 0.117139 -0.776251 0.797811 0.112992 -0.592225 0.789309 0.117072 -0.602731 0.568896 -0.0678045 0.819609 0.329302 -0.085864 0.940312 0.310456 -0.0845456 0.946821 0.528539 -0.0824533 0.844895 -0.199022 -0.0877325 0.97606 -0.183798 -0.0889533 0.978931 -0.658057 -0.0743674 0.749286 -0.644687 -0.0745062 0.760807 -0.943501 -0.0485575 0.327793 -0.939673 -0.0480996 0.338676 0.947804 0.101905 0.30213 0.933047 0.33641 0.127484 0.955922 0.184237 0.228624 0.876479 0.410699 0.251219 0.816415 0.556072 0.155727 0.882742 0.410653 0.228323 0.766198 -0.00400859 0.642592 0.828529 -0.0789712 0.554349 0.954906 0.0888332 0.283306 0.98462 0.0115789 0.174323 0.343156 -0.0214886 0.939033 0.446722 -0.0930683 0.889819 0.691662 0.0748113 0.718336 -0.171207 -0.0394854 0.984443 -0.0494824 -0.10851 0.992863 0.248373 0.0591495 0.966857 -0.630867 -0.0520361 0.774144 -0.551917 -0.127547 0.824087 -0.260435 0.0437105 0.964502 0.0542872 0.0267688 -0.998167 0.0648464 -0.0477812 -0.996751 -0.254953 0.13182 -0.957926 -0.357433 0.052072 -0.932486 0.643726 0.0246358 -0.764859 0.569507 -0.047812 -0.820595 0.285646 0.126797 -0.94991 0.255701 0.0667758 -0.964447 0.939914 0.0250313 -0.340493 0.901146 -0.0562253 -0.429854 0.729528 0.111094 -0.674869 0.644109 0.0401466 -0.763879 0.995132 -0.0666627 0.0725854 0.969029 0.100938 -0.225376 0.802936 0.565001 0.189915 0.77623 0.608068 0.166493 0.842571 0.50146 0.196498 0.776189 0.608064 0.166702 0.820475 0.550771 0.153206 0.853431 0.495138 0.162771 0.819104 0.537199 0.201212 0.917289 0.377529 0.1267 0.90848 0.388004 0.155295 0.959858 0.152671 0.235297 0.992517 0.0470468 0.11268 0.971676 0.1417 0.189119 0.915333 0.282398 0.287084 0.965931 -0.198276 0.166325 0.939055 -0.325596 0.110283 0.957131 -0.182242 0.225138 0.949434 -0.0986243 0.298073 0.878053 -0.409063 0.248376 0.817638 -0.55518 0.152459 0.884076 -0.40955 0.225117 0.804127 -0.564273 0.187019 0.776856 -0.608121 0.163352 0.843474 -0.501161 0.193366 0.776822 -0.608119 0.163524 0.820493 -0.55161 0.15006 0.853817 -0.495534 0.159507 0.819276 -0.538254 0.197661 0.917 -0.379313 0.123418 0.90855 -0.389237 0.151763 0.916835 -0.291502 0.272837 0.992759 -0.0495253 0.109438 0.971969 -0.143193 0.186475 0.765972 -0.00897091 0.642812 0.984784 0.0085774 0.173573 0.984612 0.0064921 0.174637 0.76716 -0.0116998 0.641349 0.341662 -0.0285987 0.939388 0.346567 -0.032357 0.937467 -0.173867 -0.048776 0.98356 -0.165134 -0.0538274 0.984801 -0.601478 -0.0625324 0.796439 -0.592621 -0.0665843 0.802725 -0.752998 -0.0662229 0.654681 -0.799577 -0.0588396 0.597675 -0.746743 -0.0688201 0.661543 -0.316991 0.0571253 -0.946707 -0.357391 0.0534823 -0.932422 -0.560301 0.0514988 -0.826687 -0.488281 0.0538036 -0.871026 -0.457914 0.0601371 -0.88696 -0.295048 0.0609126 -0.953539 0.147523 0.0532291 -0.987625 0.0526614 0.0612793 -0.99673 0.155674 0.0541075 -0.986326 0.642107 0.0372066 -0.765711 0.242475 0.0363813 -0.969475 0.646692 0.0364299 -0.761881 0.93936 0.0239044 -0.342099 0.940642 0.0224245 -0.338658 -0.938552 -0.0465862 0.34198 -0.984689 -0.0169048 -0.173497 -0.984273 -0.0157589 -0.175947 -0.941026 -0.045458 0.335265 -0.640415 -0.0768943 0.76417 -0.649634 -0.0763783 0.7564 -0.182283 -0.0915321 0.978976 -0.196093 -0.0902146 0.976426 0.282919 -0.0968656 0.95424 0.27397 -0.0969689 0.956837 0.850457 -0.166695 -0.498934 0.788513 -0.157176 -0.594594 0.788364 -0.160984 -0.593774 0.850608 -0.163565 -0.499712 0.848024 -0.227844 -0.478479 0.847516 -0.23356 -0.47662 0.484317 -0.0995274 0.869213 0.482094 -0.0900006 0.871485 0.508283 0.396869 0.764293 0.451761 0.352483 0.819553 0.452566 0.339598 0.824534 0.508374 0.395849 0.764761 0.487258 0.580622 0.652271 0.486867 0.582477 0.650908 0.599962 0.0920398 -0.794717 0.755173 0.0913187 -0.649134 0.731513 0.073915 -0.67781 0.577528 0.0822214 -0.81222 0.173665 0.0944497 -0.980265 0.159092 0.0932677 -0.982848 -0.340996 0.0586469 -0.938234 -0.349514 0.0572992 -0.935177 -0.765776 0.0209965 -0.642764 -0.767669 0.0182318 -0.640587 0.11982 0.723794 -0.679533 0.0969919 0.829466 -0.550071 0.0932228 0.843677 -0.528696 0.113038 0.759116 -0.641066 0.0311087 -0.983822 -0.176427 0.060921 -0.93644 -0.345497 0.0614505 -0.935292 -0.348499 0.0311533 -0.983775 -0.17668 0.111528 -0.76648 -0.632511 0.11518 -0.748356 -0.653221 0.165125 -0.309422 -0.936479 0.168607 -0.239154 -0.956231 0.165593 0.301015 -0.939132 0.160804 0.37743 -0.91197 -0.162665 0.35002 0.922511 -0.147076 0.531636 0.834105 -0.14618 0.539772 0.829022 -0.162267 0.356102 0.920251 -0.104739 0.797621 0.593995 -0.0974941 0.827521 0.552905 0.00438081 0.999682 -0.0248515 0.0191851 0.993877 -0.10881 0.092769 0.845341 -0.526111 0.101674 0.810666 -0.576614 0.121559 0.714123 -0.689385 0.126641 0.684209 -0.718206 -0.17111 0.170458 0.970394 -0.170891 0.177591 0.969153 -0.974549 0.0326113 -0.22179 -0.980089 0.189797 0.0583286 -0.958986 0.238946 0.152483 -0.987573 0.0845217 -0.1325 -0.809843 0.555905 -0.187413 -0.726172 0.666659 -0.16805 -0.694381 0.701436 -0.160693 -0.784157 0.593437 -0.181469 0.514086 -0.353556 0.781482 0.434237 -0.384781 0.814483 0.40617 -0.394687 0.824165 0.488374 -0.364127 0.793034 -0.211832 0.496162 0.841992 -0.2185 0.495625 0.840603 -0.220771 0.495437 0.840121 -0.21402 0.495989 0.841541 -0.697952 0.711043 -0.0853326 -0.792573 0.602029 -0.0969011 -0.821044 0.561971 -0.100382 -0.730603 0.676935 -0.0893245 -0.874326 0.216543 -0.434354 -0.950223 0.126773 -0.284613 -0.968247 0.0951122 -0.231196 -0.902724 0.18797 -0.386985 -0.728007 0.24125 -0.64172 -0.839753 0.155527 -0.520218 -0.871228 0.125067 -0.474678 -0.767442 0.214059 -0.604327 -0.955476 0.195383 -0.221115 -0.971953 -0.0686597 -0.224928 -0.962076 -0.157607 -0.222642 -0.968306 0.110318 -0.224084 -0.925618 -0.0599868 -0.373675 -0.746906 -0.228563 -0.624412 -0.665066 -0.279654 -0.692445 -0.879767 -0.116077 -0.461016 -0.372009 0.454016 -0.809617 -0.328047 0.463581 -0.82309 -0.312891 0.466609 -0.82727 -0.35768 0.457263 -0.814233 0.189833 -0.981542 0.0232094 0.192821 -0.980951 0.0235747 0.193839 -0.980747 0.0236992 0.190813 -0.981349 0.0233293 -0.35012 -0.458927 -0.816579 -0.370161 -0.454443 -0.810224 -0.376956 -0.452866 -0.807971 -0.356712 -0.45748 -0.814536 0.112069 -0.763875 -0.635559 0.164251 -0.324675 -0.931455 0.166895 -0.276368 -0.94645 0.114892 -0.749837 -0.651571 0.16775 0.258735 -0.951271 0.16489 0.313828 -0.935053 0.116854 0.739736 -0.662673 0.111714 0.765616 -0.633524 0.0931987 0.843746 -0.52859 0.0909455 0.851862 -0.515811 0.0333052 -0.981432 -0.188895 0.0623631 -0.933288 -0.353673 0.0631268 -0.931584 -0.358004 0.0335758 -0.981126 -0.19043 -0.000243549 0.999999 0.00139228 0.0973075 0.828239 -0.551861 0.10401 0.800771 -0.589872 0.0102074 0.998271 -0.0578786 0.125165 0.693143 -0.70985 0.128504 0.672574 -0.728787 -0.172178 0.129823 0.976474 -0.163026 0.344383 0.924566 -0.162428 0.353626 0.921176 -0.171938 0.139962 0.975114 -0.148384 0.519425 0.841534 -0.147621 0.526583 0.837208 -0.10181 0.810082 0.57741 -0.0964085 0.831708 0.546779 0.990361 -0.0214842 0.136837 0.883014 0.161946 0.440521 0.825918 0.213812 0.521674 0.972089 0.034492 0.232065 0.835356 0.529606 0.147299 0.730599 0.670544 0.128827 0.693888 0.709612 0.122353 0.805985 0.574622 0.14212 -0.768974 -0.372496 0.519544 -0.699801 -0.404806 0.588566 -0.677087 -0.413862 0.6085 -0.748612 -0.382832 0.541313 -0.0471107 0.497287 0.866306 -0.0345886 0.496593 0.867294 -0.0307444 0.496365 0.86757 -0.0432685 0.497083 0.866624 0.667032 0.735687 0.117613 0.750317 0.647705 0.132298 0.773638 0.61877 0.13641 0.693651 0.709852 0.122306 0.958753 0.206921 -0.194876 0.996144 0.0692121 0.0539144 0.991259 0.0258127 0.129383 0.978686 0.166483 -0.120241 0.885016 0.293983 -0.360998 0.967814 0.19052 -0.164432 0.98235 0.156627 -0.102258 0.915747 0.263997 -0.302841 0.960947 0.2188 0.169436 0.977526 -0.121388 0.172359 0.960013 -0.222987 0.169271 0.97803 0.117125 0.172448 0.993719 -0.110315 -0.0188047 0.898558 -0.281507 -0.336671 0.844419 -0.326236 -0.424884 0.979454 -0.164512 -0.11664 0.665762 0.418128 -0.618005 0.614734 0.435519 -0.65759 0.598523 0.440466 -0.669149 0.650419 0.423664 -0.630447 -0.227768 -0.972887 -0.0401635 -0.194087 -0.980387 -0.0342243 -0.183702 -0.982448 -0.0323932 -0.217461 -0.975315 -0.0383461 0.597721 -0.440706 -0.669707 0.617091 -0.43478 -0.65587 0.622961 -0.432909 -0.651544 0.603704 -0.438916 -0.665503 0.113194 -0.758323 -0.641976 0.162458 -0.353085 -0.921378 0.167326 -0.26725 -0.948988 0.117552 -0.736007 -0.66669 0.169813 0.208845 -0.963093 0.16453 0.319679 -0.933132 0.117694 0.735251 -0.667499 0.10517 0.795714 -0.596472 0.0782174 0.892799 -0.443612 0.0680479 0.920013 -0.385935 0.0349075 -0.979584 -0.197979 0.0616577 -0.934835 -0.349689 0.0618217 -0.934475 -0.350619 0.0344277 -0.980148 -0.195257 -0.00374312 0.999768 0.0212176 0.0931327 0.844002 -0.528192 0.106958 0.787778 -0.606601 0.0153219 0.996099 -0.086905 0.12938 0.666976 -0.73376 0.137869 0.60796 -0.781906 -0.166231 0.289073 0.942764 -0.164867 0.313951 0.935015 -0.165486 0.302963 0.938524 -0.166708 0.27981 0.945471 -0.150521 0.498654 0.853632 -0.149436 0.509363 0.847477 -0.0998384 0.818207 0.566189 -0.0900588 0.855013 0.510727 -0.982786 -0.0064495 -0.184635 -0.991319 0.124089 0.0434477 -0.969686 0.18679 0.157538 -0.995702 0.0594422 -0.0710242 -0.880878 0.447133 -0.155323 -0.836367 0.52796 -0.147474 -0.811154 0.567073 -0.143029 -0.859337 0.488447 -0.151525 0.632515 -0.333944 0.69886 0.408769 -0.419776 0.810367 0.284923 -0.452038 0.84527 0.525076 -0.380261 0.761378 -0.340704 0.49028 0.802213 -0.349844 0.489297 0.798873 -0.354448 0.488782 0.797156 -0.345326 0.489789 0.800535 -0.703492 0.699794 -0.124045 -0.755741 0.64117 -0.133258 -0.780341 0.610029 -0.137595 -0.730439 0.670724 -0.128796 -0.851391 0.19215 -0.48807 -0.953418 0.0710965 -0.293156 -0.982195 0.00824263 -0.187685 -0.909725 0.132527 -0.393493 -0.758563 0.262933 -0.596195 -0.855363 0.188576 -0.482486 -0.895231 0.149019 -0.419945 -0.810119 0.226287 -0.540834 -0.965446 0.197317 -0.170233 -0.982541 -0.0678085 -0.173248 -0.964923 -0.19994 -0.170141 -0.982716 0.065138 -0.173278 -0.939388 -0.0933913 -0.329892 -0.804537 -0.230542 -0.54733 -0.710768 -0.292483 -0.639736 -0.881317 -0.163679 -0.443272 -0.553924 0.368854 -0.746402 -0.541488 0.373857 -0.753008 -0.53516 0.376353 -0.756282 -0.547657 0.371392 -0.74976 0.211708 -0.97662 0.0373302 0.149387 -0.988428 0.0263413 0.117667 -0.992836 0.0207481 0.180333 -0.983091 0.0317979 -0.367751 -0.431499 -0.823752 -0.368328 -0.431342 -0.823577 -0.368619 -0.431262 -0.823488 -0.368043 -0.43142 -0.823664 0.107695 -0.784449 -0.610772 0.163577 -0.335584 -0.927699 0.167956 -0.253922 -0.952531 0.111975 -0.764316 -0.635045 0.165962 0.294122 -0.941249 0.159823 0.390943 -0.906433 0.0905836 0.853139 -0.513759 0.0758869 0.899438 -0.430409 0.0282232 0.986703 -0.160067 0.0136017 0.996927 -0.0771417 0.0252324 -0.989386 -0.143105 0.0556344 -0.947284 -0.315527 0.0549866 -0.948538 -0.311853 0.0240823 -0.990336 -0.136583 0.0119825 0.997616 -0.0679572 0.116627 0.740884 -0.661429 0.127812 0.676929 -0.724866 0.0284937 0.986445 -0.161597 0.154919 0.451731 -0.878601 0.161071 0.373625 -0.913488 -0.173133 0.0767938 0.9819 -0.171957 0.139172 0.975224 -0.17225 0.126598 0.976884 -0.173287 0.0641941 0.982777 -0.155097 0.449721 0.8796 -0.153931 0.462818 0.872986 -0.098034 0.825395 0.555979 -0.0892961 0.857649 0.506424 0.995957 -0.0868833 0.0228111 0.9761 0.0248879 0.21589 0.914423 0.126863 0.384366 0.979477 0.0160373 0.200919 0.956107 0.239662 0.168587 0.940801 0.295592 0.165888 0.923875 0.346291 0.162903 0.942107 0.291273 0.166118 -0.574674 -0.447284 0.685337 -0.505341 -0.464247 0.727396 -0.438325 -0.477067 0.76176 -0.510874 -0.463039 0.724295 0.131205 0.48003 0.867385 0.0547916 0.489377 0.870349 -0.0159682 0.495423 0.868505 0.0607608 0.488753 0.870304 0.758449 0.637864 0.133734 0.769466 0.624111 0.135677 0.779412 0.611253 0.137431 0.768618 0.625187 0.135528 0.962198 0.200975 -0.183803 0.982282 0.156823 -0.10261 0.993017 0.114861 -0.0269166 0.98103 0.16032 -0.108982 0.902105 0.278063 -0.329981 0.935283 0.241081 -0.259087 0.959668 0.205373 -0.191985 0.932946 0.244031 -0.264688 0.956985 0.236022 0.16874 0.982722 0.0650573 0.173278 0.980416 -0.094342 0.172871 0.981761 0.0786034 0.173109 0.99348 -0.0386105 0.107269 0.990441 -0.128217 -0.0508638 0.958645 -0.207105 -0.195214 0.991872 -0.121297 -0.0384394 0.93725 0.238546 -0.254279 0.937263 0.238529 -0.254247 0.937275 0.238514 -0.254218 0.937262 0.238531 -0.25425 -0.0968644 -0.995151 -0.01708 -0.0863363 -0.99615 -0.0152236 -0.076618 -0.996969 -0.01351 -0.0871554 -0.996076 -0.015368 0.607504 -0.437763 -0.6628 0.585703 -0.4442 -0.677966 0.56521 -0.449843 -0.691504 0.587415 -0.443711 -0.676804 0.115795 -0.745171 -0.656743 0.16416 -0.325552 -0.931164 0.170361 -0.1928 -0.966336 0.120908 -0.717731 -0.685743 0.160307 0.383877 -0.909362 0.142728 0.569282 -0.809659 0.0656117 0.925831 -0.372199 0.031283 0.983624 -0.177496 -0.0148458 0.996338 0.0841987 -0.0520067 0.954094 0.294959 0.0120799 -0.997577 -0.068512 0.0588816 -0.940754 -0.333938 0.063071 -0.931705 -0.357699 0.0160831 -0.995701 -0.0912164 0.0229384 0.991237 -0.130086 0.123809 0.701185 -0.702147 0.141714 0.577932 -0.803686 0.0531936 0.951927 -0.301673 0.166257 0.288703 -0.942873 0.173434 0.0500029 -0.983575 -0.1704 -0.19261 0.966367 -0.172466 0.116538 0.978097 -0.172237 0.127267 0.9768 -0.170522 -0.188993 0.96706 -0.157013 0.427073 0.89048 -0.152928 0.473689 0.867313 -0.11569 0.745731 0.656126 -0.0968146 0.830146 0.549076 -0.994402 0.0454675 -0.0953779 -0.994412 0.105134 0.0095591 -0.946373 0.226098 0.230777 -0.976974 0.170715 0.127976 -0.940683 0.295979 -0.165867 -0.702049 0.701287 -0.12379 0.497112 0.863248 0.0876541 0.0515874 0.998627 0.00909622 0.11437 -0.482335 0.868488 0.218305 -0.465716 0.857585 0.42978 -0.413346 0.802766 0.332403 -0.440759 0.83381 -0.177703 0.499805 0.847713 -0.0204935 0.495716 0.868243 0.313344 0.445442 0.838688 0.159895 0.475746 0.864928 -0.825536 0.545253 -0.145564 -0.810681 0.56777 -0.142945 -0.777341 0.613966 -0.137066 -0.793441 0.59235 -0.139905 -0.9215 0.118 -0.370019 -0.961515 0.0564847 -0.268884 -0.996222 -0.0763976 -0.0412951 -0.988676 -0.0141772 -0.149395 -0.775379 0.251593 -0.579214 -0.770177 0.255159 -0.584569 -0.759015 0.262636 -0.59575 -0.764328 0.259107 -0.59048 -0.965045 0.199327 -0.170165 -0.9794 0.104648 -0.172696 -0.980014 -0.0985428 -0.172804 -0.984803 -0.00287122 -0.173649 -0.974387 -0.0290972 -0.222988 -0.882666 -0.1623 -0.441089 -0.463786 -0.402301 -0.789339 -0.68387 -0.307602 -0.661591 -0.779551 0.248691 -0.57485 -0.455116 0.405194 -0.792898 0.545857 0.454825 -0.703687 0.15443 0.499994 -0.852149 0.114263 -0.993246 0.0201479 0.245451 -0.968442 0.0432799 0.507606 -0.856928 0.0895054 0.388858 -0.918743 0.0685668 -0.292946 -0.450224 -0.843493 -0.00148784 -0.494158 -0.869371 0.614669 -0.435544 -0.657635 0.358344 -0.488338 -0.795685 -0.173648 0 0.984808 -0.173648 0 0.984808 -0.173647 0 0.984808 -0.173648 0 0.984808 0 -1 0 0 -1 0 0 -1 0 0 -1 0 0.173648 -1.45903e-06 -0.984808 0.173648 -1.45903e-06 -0.984808 0.173648 -1.45903e-06 -0.984808 0.173648 -1.45903e-06 -0.984808 0 1 0 4.55863e-06 1 8.03809e-07 4.74327e-06 1 8.36366e-07 1.8464e-07 1 3.25571e-08 0.173648 -1.94934e-06 -0.984808 0.173648 -2.86698e-06 -0.984808 0.173648 -2.93002e-06 -0.984808 0.173648 -2.01239e-06 -0.984808 0.173646 0 -0.984808 0.173647 0 -0.984808 0.173649 0 -0.984808 0.173648 0 -0.984808 -1.26383e-06 1 -2.22847e-07 -1.11713e-06 1 -1.9698e-07 0 1 0 -1.46702e-07 1 -2.58674e-08 -2.22844e-07 1 1.26382e-06 -1.96977e-07 1 1.11712e-06 0 1 0 -2.58672e-08 1 1.46701e-07 0 1 0 0 1 0 0 1 0 0 1 0 0 1 0 -2.58678e-08 1 1.46702e-07 -2.2285e-07 1 1.26383e-06 -1.96982e-07 1 1.11713e-06 0 1 0 0 1 0 0 1 0 0 1 0 -6.66656e-07 1 3.78082e-06 -6.66656e-07 1 3.78082e-06 -6.66656e-07 1 3.78082e-06 -6.66656e-07 1 3.78082e-06 3.7603e-06 1 6.63039e-07 4.36486e-07 1 7.69638e-08 0 1 0 3.32382e-06 1 5.86075e-07 0 1 0 0 1 0 0 1 0 0 1 0 1.28909e-06 -1 2.27301e-07 1.28909e-06 -1 2.27301e-07 1.28909e-06 -1 2.27301e-07 1.28909e-06 -1 2.27301e-07 2.27221e-07 -1 -1.28862e-06 4.24892e-07 -1 -2.40966e-06 4.50851e-07 -1 -2.55688e-06 2.53179e-07 -1 -1.43584e-06 0 -1 0 -1.12103e-06 -1 -1.97667e-07 -1.26825e-06 -1 -2.23625e-07 -1.47215e-07 -1 -2.59578e-08 -2.23623e-07 -1 1.26824e-06 -2.23623e-07 -1 1.26824e-06 -2.23623e-07 -1 1.26824e-06 -2.23623e-07 -1 1.26824e-06 0 -1 0 0 -1 0 0 -1 0 0 -1 0 0 -1 0 -5.27163e-08 -1 2.98971e-07 -4.54148e-07 -1 2.57562e-06 -4.01431e-07 -1 2.27664e-06 2.57565e-06 -1 4.54154e-07 2.57565e-06 -1 4.54154e-07 2.57565e-06 -1 4.54154e-07 2.57565e-06 -1 4.54154e-07 -4.54168e-07 -1 2.57565e-06 -4.0145e-07 -1 2.27668e-06 0 -1 0 -5.27188e-08 -1 2.98975e-07 0.573567 0 0.819159 0.573565 0 0.81916 0.573563 0 0.819161 0.573565 0 0.81916 -1.1997e-05 1 8.4004e-06 -2.31699e-05 1 1.62237e-05 -2.39941e-05 1 1.68008e-05 -1.28212e-05 1 8.9775e-06 0.573577 -1.58218e-06 0.819152 0.573577 -1.08695e-07 0.819152 0.573577 0 0.819152 0.573577 -1.47349e-06 0.819152 -3.59907e-05 -1 2.52009e-05 -2.48179e-05 -1 1.73777e-05 -2.39937e-05 -1 1.68006e-05 -3.51665e-05 -1 2.46238e-05 0.573577 1.11011e-05 0.819152 0.573577 1.25828e-05 0.819152 0.573577 1.26921e-05 0.819152 0.573577 1.12104e-05 0.819152 0.573586 0 0.819145 0.573582 0 0.819148 0.573577 0 0.819151 0.573582 0 0.819148 -0.819149 0 0.573581 -0.819149 0 0.573581 -0.819149 0 0.573581 -0.819149 0 0.573581 -0.573573 -1.13632e-05 -0.819155 -0.573573 -1.13632e-05 -0.819155 -0.573573 -1.13632e-05 -0.819155 -0.573573 -1.13632e-05 -0.819155 0.819153 -1.13632e-05 -0.573575 0.819153 -1.13632e-05 -0.573575 0.819153 -1.13632e-05 -0.573575 0.819153 -1.13632e-05 -0.573575 0.573577 -1.13633e-05 0.819152 0.573577 -1.13633e-05 0.819152 0.573577 -1.13633e-05 0.819152 0.573577 -1.13633e-05 0.819152 2.23876e-06 1 -1.5676e-06 1.89058e-06 1 -1.32381e-06 0 1 0 3.4817e-07 1 -2.43793e-07 -9.40578e-06 1 -1.34328e-05 -8.43057e-06 1 -1.20401e-05 -3.13512e-06 1 -4.47742e-06 -4.11033e-06 1 -5.87016e-06 4.47751e-06 1 -3.13516e-06 3.78118e-06 1 -2.64758e-06 0 1 0 6.96339e-07 1 -4.87577e-07 0 1 0 -2.43785e-07 1 -3.48162e-07 -1.56756e-06 1 -2.23872e-06 -1.32378e-06 1 -1.89056e-06 0 -1 0 0 -1 0 0 -1 0 0 -1 0 0 -1 0 0 -1 0 0 -1 0 0 -1 0 0 -1 0 0 -1 0 0 -1 0 0 -1 0 0 -1 0 0 -1 0 0 -1 0 0 -1 0 0.819153 4.62259e-05 -0.573575 0.819153 3.18478e-05 -0.573575 0.819153 -4.6227e-05 -0.573575 0.819153 -3.18489e-05 -0.573575 0.573575 0 0.819153 0.573575 -1.84185e-06 0.819153 0.573575 -1.18433e-05 0.819153 0.573575 -1.00014e-05 0.819153 -0.81915 -3.47652e-05 0.573579 -0.81915 -2.3952e-05 0.573579 -0.81915 3.47646e-05 0.573579 -0.81915 2.39514e-05 0.573579 -0.573573 -2.29217e-05 -0.819155 -0.573573 -2.47041e-05 -0.819155 -0.573573 -3.43826e-05 -0.819155 -0.573573 -3.26002e-05 -0.819155 0.0903194 0.993903 -0.0632433 0.0903194 0.993903 -0.0632433 0.0903187 0.993903 -0.0632428 0.0903187 0.993903 -0.0632428 0.0903186 0.993903 -0.0632415 0.0903187 0.993903 -0.0632413 0.09032 0.993903 -0.0632395 0.0903198 0.993903 -0.0632396 0.0903158 0.993903 -0.0632408 0.0903158 0.993903 -0.0632408 0.0903158 0.993903 -0.0632408 0.0903158 0.993903 -0.0632408 0.0903168 0.993903 -0.0632447 0.0903169 0.993903 -0.0632446 0.0903173 0.993903 -0.063244 0.0903172 0.993903 -0.0632441 0.0903205 0.993903 -0.0632433 0.0903205 0.993903 -0.0632433 0.0903205 0.993903 -0.0632433 0.0903205 0.993903 -0.0632433 0.0903194 0.993903 -0.0632411 0.0903193 0.993903 -0.0632411 0.090319 0.993903 -0.0632416 0.090319 0.993903 -0.0632415 0.090318 0.993903 -0.0632406 0.090318 0.993903 -0.0632405 0.0903174 0.993903 -0.0632401 0.0903175 0.993903 -0.0632402 0.0903177 0.993903 -0.0632445 0.0903177 0.993903 -0.0632445 0.0903174 0.993903 -0.0632449 0.0903175 0.993903 -0.0632449 0.819139 0 -0.573595 0.819142 0 -0.57359 0.819146 0 -0.573585 0.819142 0 -0.57359 0.819161 0 -0.573563 0.819164 0 -0.57356 0.819166 0 -0.573557 0.819164 0 -0.57356 0.56997 0.000617812 0.821666 0.56997 0.000617789 0.821665 0.569971 0.000617579 0.821664 0.569971 0.000617602 0.821665 0.569967 0.000617911 0.821667 0.569967 0.000617925 0.821667 0.569967 0.000618053 0.821667 0.569967 0.000618039 0.821667 0.569966 0.000618312 0.821668 0.569966 0.000618326 0.821668 0.569965 0.000618473 0.821669 0.569965 0.000618458 0.821669 0.569967 0.000616025 0.821667 0.569967 0.00061604 0.821667 0.569967 0.000616179 0.821667 0.569967 0.000616165 0.821667 0.569967 0.000618166 0.821667 0.569967 0.000618184 0.821668 0.569966 0.000618348 0.821668 0.569966 0.00061833 0.821668 0.569966 0.000618197 0.821668 0.569966 0.000618221 0.821668 0.569966 0.000618451 0.821668 0.569966 0.000618428 0.821668 0.569967 0.000618084 0.821667 0.569967 0.000618078 0.821667 0.569968 0.000618025 0.821667 0.569968 0.00061803 0.821667 0.569967 0.000618356 0.821667 0.569967 0.000618325 0.821667 0.569967 0.00061802 0.821667 0.569967 0.000618052 0.821667 -0.996196 0 0.0871382 -0.996196 0 0.0871366 -0.996197 0 0.0871351 -0.996196 0 0.0871366 0 -1 0 -1.1719e-06 -1 -1.33949e-05 -1.25834e-06 -1 -1.4383e-05 -8.64475e-08 -1 -9.88103e-07 -0.996195 -1.56823e-06 0.0871563 -0.996195 -1.07737e-07 0.0871563 -0.996195 0 0.0871563 -0.996195 -1.46049e-06 0.0871563 -1.25833e-06 1 -1.43827e-05 -1.25833e-06 1 -1.43827e-05 -1.25833e-06 1 -1.43827e-05 -1.25833e-06 1 -1.43827e-05 -0.996195 -1.40717e-05 0.0871555 -0.996195 -1.69852e-05 0.0871555 -0.996195 -1.72002e-05 0.0871555 -0.996195 -1.42866e-05 0.0871555 -0.996194 0 0.0871693 -0.996194 0 0.0871615 -0.996195 0 0.0871538 -0.996194 0 0.0871615 0.0871577 -4.38161e-05 0.996194 0.0871577 -3.86914e-05 0.996194 0.0871577 -1.08636e-05 0.996194 0.0871577 -1.59883e-05 0.996194 -0.996195 1.12255e-05 0.0871544 -0.996195 1.12255e-05 0.0871544 -0.996195 1.12255e-05 0.0871544 -0.996195 1.12255e-05 0.0871544 -0.0871549 0 -0.996195 -0.0871549 1.68947e-06 -0.996195 -0.0871549 1.08635e-05 -0.996195 -0.0871549 9.17406e-06 -0.996195 0.996195 -1.08634e-05 -0.0871547 0.996195 -7.48449e-06 -0.0871547 0.996195 1.08635e-05 -0.0871547 0.996195 7.48454e-06 -0.0871547 -0.0871549 1.08282e-05 -0.996195 -0.0871549 1.08282e-05 -0.996195 -0.0871549 1.08282e-05 -0.996195 -0.0871549 1.08282e-05 -0.996195 0.996194 -1.08279e-05 -0.0871602 0.996194 -2.2728e-05 -0.0871602 0.996194 -8.73465e-05 -0.0871602 0.996194 -7.54464e-05 -0.0871602 0.0871572 -2.1656e-05 0.996195 0.0871572 -2.1656e-05 0.996195 0.0871572 -2.1656e-05 0.996195 0.0871572 -2.1656e-05 0.996195 -0.996195 3.28451e-05 0.0871544 -0.996195 2.7737e-05 0.0871544 -0.996195 0 0.0871544 -0.996195 5.10804e-06 0.0871544 -4.89388e-07 -1 -5.59382e-06 -4.13279e-07 -1 -4.72388e-06 0 -1 0 -7.61091e-08 -1 -8.69944e-07 0 -1 0 -4.34972e-07 -1 3.80522e-08 -2.79691e-06 -1 2.44679e-07 -2.36194e-06 -1 2.06627e-07 7.34106e-07 -1 8.39095e-06 6.57994e-07 -1 7.52097e-06 2.44697e-07 -1 2.79692e-06 3.20809e-07 -1 3.6669e-06 -2.79694e-06 -1 2.44698e-07 -3.23193e-06 -1 2.82754e-07 -5.59395e-06 -1 4.89401e-07 -5.15896e-06 -1 4.51345e-07 2.41211e-07 -1 2.757e-06 2.41211e-07 -1 2.757e-06 2.41211e-07 -1 2.757e-06 2.41211e-07 -1 2.757e-06 -2.75699e-06 -1 2.41217e-07 -2.32822e-06 -1 2.03703e-07 0 -1 0 -4.28766e-07 -1 3.7514e-08 0 -1 0 3.75115e-08 -1 4.28765e-07 2.41202e-07 -1 2.75699e-06 2.0369e-07 -1 2.32822e-06 -2.75704e-06 -1 2.41207e-07 -1.8995e-06 -1 1.66183e-07 2.75698e-06 -1 -2.41201e-07 1.89944e-06 -1 -1.66178e-07 0.00960924 -0.993903 0.109839 0.00960924 -0.993903 0.109839 0.00960929 -0.993903 0.109839 0.00960928 -0.993903 0.109839 0.0096096 -0.993903 0.109839 0.00960974 -0.993903 0.109839 0.00961117 -0.993903 0.109839 0.00961104 -0.993903 0.109839 0.00960939 -0.993903 0.109839 0.00960938 -0.993903 0.109839 0.00960932 -0.993903 0.109839 0.00960932 -0.993903 0.109839 0.00961152 -0.993903 0.109839 0.00961132 -0.993903 0.109839 0.00960911 -0.993903 0.109839 0.00960932 -0.993903 0.109839 0.00960983 -0.993903 0.109841 0.00960983 -0.993903 0.109841 0.00960975 -0.993903 0.10984 0.00960976 -0.993903 0.10984 0.00960957 -0.993903 0.10984 0.00960946 -0.993903 0.10984 0.0096082 -0.993903 0.10984 0.00960832 -0.993903 0.10984 0.00960966 -0.993903 0.109839 0.00960966 -0.993903 0.109839 0.00960971 -0.993903 0.10984 0.0096097 -0.993903 0.10984 0.00960956 -0.993903 0.109839 0.00960968 -0.993903 0.109839 0.00961103 -0.993903 0.109839 0.0096109 -0.993903 0.109839 0.0871655 0 0.996194 0.0871675 0 0.996194 0.0871696 0 0.996194 0.0871675 0 0.996194 0.0871697 0 0.996193 0.0871735 0 0.996193 0.0871772 0 0.996193 0.0871735 0 0.996193 0.996568 0.000617882 -0.0827729 0.996568 0.000617898 -0.0827728 0.996568 0.000618039 -0.0827718 0.996568 0.000618023 -0.0827719 0.996568 0.000617967 -0.0827728 0.996568 0.000618173 -0.0827728 0.996568 0.000620168 -0.0827731 0.996568 0.000619962 -0.082773 0.996569 0.000618541 -0.0827703 0.996569 0.000618548 -0.0827702 0.996569 0.000618628 -0.0827696 0.996569 0.000618621 -0.0827697 0.996568 0.00061598 -0.0827726 0.996568 0.00061597 -0.0827726 0.996568 0.000615874 -0.0827726 0.996568 0.000615884 -0.0827726 0.996568 0.000618094 -0.0827724 0.996568 0.000618095 -0.0827724 0.996568 0.000618098 -0.0827723 0.996568 0.000618098 -0.0827723 0.996568 0.000611995 -0.082772 0.996568 0.000613163 -0.0827721 0.996568 0.000624477 -0.0827737 0.996568 0.00062331 -0.0827736 0.996569 0.000618897 -0.0827678 0.996569 0.000618795 -0.0827685 0.996568 0.000617755 -0.0827759 0.996568 0.000617857 -0.0827752 0.996568 0.000620372 -0.0827732 0.996568 0.000620144 -0.0827732 0.996568 0.000617932 -0.0827729 0.996568 0.00061816 -0.0827729 0 -1 0 3.54566e-08 -1 6.25192e-09 1.20714e-06 -1 2.12849e-07 1.17168e-06 -1 2.06597e-07 -2.12843e-07 -1 1.2071e-06 -2.15969e-07 -1 1.22483e-06 -3.19269e-07 -1 1.81067e-06 -3.16143e-07 -1 1.79294e-06 -1.81066e-06 -1 -3.1927e-07 -1.82838e-06 -1 -3.22397e-07 -2.41424e-06 -1 -4.257e-07 -2.39651e-06 -1 -4.22573e-07 4.25699e-07 -1 -2.41426e-06 4.1007e-07 -1 -2.32562e-06 -1.06418e-07 -1 6.03525e-07 -9.07881e-08 -1 5.14885e-07 0 -1 0 1.41774e-07 -1 2.49984e-08 4.82676e-06 -1 8.51082e-07 4.68499e-06 -1 8.26084e-07 -8.50695e-07 -1 4.82453e-06 -9.66329e-07 -1 5.48033e-06 -4.78751e-06 -1 2.71513e-05 -4.67187e-06 -1 2.64955e-05 -2.71353e-05 -1 -4.78466e-06 -2.68341e-05 -1 -4.73155e-06 -1.68804e-05 -1 -2.97645e-06 -1.71816e-05 -1 -3.02956e-06 2.97863e-06 -1 -1.68927e-05 3.00364e-06 -1 -1.70345e-05 3.83007e-06 -1 -2.17214e-05 3.80506e-06 -1 -2.15796e-05 -0.984808 0.00018554 -0.173647 -0.984808 0.000178147 -0.173647 -0.984808 -6.6171e-05 -0.173647 -0.984808 -5.87776e-05 -0.173647 0.173647 0.000224463 -0.984808 0.173647 0.000230675 -0.984808 0.173647 0.000435956 -0.984808 0.173647 0.000429744 -0.984808 0.984808 -0.000848558 0.173647 0.984808 -0.000818984 0.173647 0.984808 0.000158301 0.173647 0.984808 0.000128727 0.173647 -0.173647 0.000317897 0.984808 -0.173647 0.00031481 0.984808 -0.173647 0.000212795 0.984808 -0.173647 0.000215883 0.984808 0.984808 -0.00012591 0.173649 0.984807 -0.000222392 0.173649 0.984807 -0.000225312 0.173649 0.984808 -0.00012883 0.173649 0.173648 -1.32537e-05 -0.984808 0.173648 -5.18467e-05 -0.984808 0.173648 -5.30146e-05 -0.984808 0.173648 -1.44216e-05 -0.984808 -0.984808 0.000265071 -0.173647 -0.984808 -4.36705e-05 -0.173647 -0.984808 -5.30134e-05 -0.173647 -0.984808 0.000255728 -0.173647 -0.173648 6.6269e-06 0.984808 -0.173648 -0.00012845 0.984808 -0.173648 -0.000132537 0.984808 -0.173648 2.5393e-06 0.984808 0.984806 -0.0012736 0.173652 0.984806 0.00108538 0.173652 0.984806 0.00115676 0.173652 0.984806 -0.00120221 0.173652 0.173648 0.00155319 -0.984807 0.173648 0.00120624 -0.984807 0.173648 0.00119575 -0.984807 0.173648 0.00154269 -0.984807 -0.984807 -0.00129971 -0.173647 -0.984807 -0.0011988 -0.173647 -0.984807 -0.00119574 -0.173647 -0.984807 -0.00129666 -0.173647 -0.173649 0.00143621 0.984807 -0.173649 0.00119019 0.984807 -0.173649 0.00118274 0.984807 -0.173649 0.00142876 0.984807 -0.984808 -0.000251744 -0.173647 -0.984808 -4.59755e-05 -0.173647 -0.984808 -3.97487e-05 -0.173647 -0.984808 -0.000245517 -0.173647 -0.173647 -1.32496e-05 0.984808 -0.173647 -6.8194e-06 0.984808 -0.173647 -6.62481e-06 0.984808 -0.173647 -1.3055e-05 0.984808 0.984808 -1.32496e-05 0.173647 0.984808 2.53315e-05 0.173647 0.984808 2.64991e-05 0.173647 0.984808 -1.2082e-05 0.173647 0.173647 2.64992e-05 -0.984808 0.173647 -2.49426e-05 -0.984808 0.173647 -2.64993e-05 -0.984808 0.173647 2.49425e-05 -0.984808 -0.984789 -0.000156654 -0.173754 -0.805997 0.104152 -0.582685 -0.806038 0.104281 -0.582604 -0.984789 -0.000155421 -0.173754 -0.699183 0.0660463 -0.711886 -0.698995 0.0662179 -0.712054 -0.443345 0.105093 -0.890169 -0.443943 0.104644 -0.889924 0.0388829 0.0894535 -0.995232 0.0391177 0.0896188 -0.995208 0.298061 0.0884828 -0.950437 0.297844 0.0883255 -0.95052 0.529687 0.0880703 -0.843609 0.529537 0.0879417 -0.843716 0.911186 0.406373 0.0678323 0.913344 0.40275 0.0599557 0.942973 0.306716 -0.129333 0.942542 0.311636 -0.120403 -0.189362 -0.463697 -0.865521 -0.169293 -0.459997 -0.871632 0.279502 -0.297566 -0.912871 0.254492 -0.309635 -0.916166 0.313777 -0.166029 -0.934868 0.328736 -0.155993 -0.93145 0.0466856 -0.0874299 -0.995076 0.0468969 -0.0872868 -0.995079 -0.333555 -0.0861241 -0.938788 -0.340878 -0.0915628 -0.935638 -0.581613 -0.0983213 -0.807502 -0.594069 -0.109388 -0.796942 -0.826224 -0.0709111 -0.558862 -0.826148 -0.0708126 -0.558985 -0.956942 -0.107137 0.269786 -0.956943 -0.107154 0.269774 -0.984728 0.00031685 -0.174102 -0.897951 -0.069701 0.434541 -0.898012 -0.0696141 0.434429 -0.984735 0.000287459 -0.17406 -0.967874 0.0720851 0.24088 -0.96787 0.0720701 0.240902 -0.830606 0.109098 0.546069 -0.823648 0.0995697 0.558291 -0.657457 0.107901 0.745726 -0.648696 0.0994887 0.754517 -0.304357 0.0930428 0.948003 -0.304451 0.0931108 0.947966 -0.0270041 0.165445 0.985849 -0.0294124 0.167013 0.985516 -0.0107577 0.308816 0.951061 -0.0205712 0.314135 0.949155 -0.25654 0.483033 0.837177 -0.246045 0.47917 0.842531 -0.755103 -0.0592933 0.652919 -0.670693 0.595911 0.441657 -0.426368 0.888006 0.172211 -0.74073 0.394089 0.544071 0.849118 -0.244326 0.468298 0.852041 -0.248043 0.460978 0.898656 -0.322372 0.297478 0.896899 -0.318576 0.306727 0.209554 -0.0883256 0.9738 0.209475 -0.0882675 0.973822 -0.0370937 -0.0938118 0.994899 -0.0369744 -0.0938923 0.994895 -0.287535 -0.10117 0.952412 -0.287379 -0.101282 0.952447 -0.718408 -0.107581 0.687253 -0.718611 -0.107391 0.68707 -0.984736 0.000286589 -0.174057 -0.984729 0.000314047 -0.174096 -0.79674 -0.169342 0.58011 -0.797294 -0.159208 0.582215 -0.619826 -0.162542 0.767722 -0.646778 -0.125456 0.75229 -0.263373 -0.135811 0.955087 -0.263593 -0.136154 0.954977 0.0597582 -0.217382 0.974256 0.0595614 -0.224095 0.972746 0.162962 -0.407619 0.898493 0.103671 -0.362283 0.926285 0.140904 -0.552506 0.821513 0.143795 -0.549968 0.822714 -0.469962 -0.612789 -0.635315 -0.489988 0.00550341 -0.871712 -0.380064 0.435256 -0.816152 -0.508826 -0.21412 -0.833816 0.469012 0.538663 -0.699907 0.390555 0.393891 -0.832056 0.429465 0.456333 -0.779307 0.468167 0.539454 -0.699863 0.388119 0.223426 -0.894116 0.39829 0.206157 -0.893792 0.0842972 0.128612 -0.988106 0.0839796 0.129059 -0.988075 -0.338008 0.109077 -0.934801 -0.307789 0.142974 -0.940651 -0.54745 0.15391 -0.822563 -0.548629 0.165368 -0.819548 0.752146 -0.599965 -0.272613 0.752146 -0.599965 -0.272613 0.752142 -0.599971 -0.272612 0.752142 -0.599971 -0.272612 0.620289 -0.756402 -0.2076 0.609272 -0.756535 -0.237575 0.752156 -0.599965 -0.272586 0.752156 -0.599965 -0.272587 0.752163 -0.599942 -0.272619 0.752162 -0.599942 -0.272619 0.752146 -0.599966 -0.272613 0.752146 -0.599966 -0.272613 0.752147 -0.599965 -0.272612 0.752146 -0.599965 -0.272612 0.752146 -0.599965 -0.272613 0.752146 -0.599965 -0.272613 0.614847 -0.596985 0.515337 0.614847 -0.596986 0.515336 0.614799 -0.597069 0.515297 0.6148 -0.597067 0.515297 0.490215 -0.755781 0.434148 0.498772 -0.771186 0.395599 0.613438 -0.597365 0.516574 0.613442 -0.597365 0.516569 0.611004 -0.601358 0.514823 0.611004 -0.601357 0.514823 0.611028 -0.601316 0.514844 0.611028 -0.601316 0.514843 0.612336 -0.60118 0.513446 0.61234 -0.60118 0.51344 0.612445 -0.60118 0.513316 0.61244 -0.60118 0.513322 0.750982 0.60131 -0.272859 0.750982 0.601311 -0.272858 0.75094 0.601369 -0.272843 0.750941 0.601369 -0.272843 0.616284 0.759551 -0.208027 0.606693 0.758014 -0.239453 0.750499 0.601182 -0.274464 0.750497 0.601182 -0.274471 0.753275 0.597038 -0.275903 0.753276 0.597037 -0.275903 0.753319 0.596974 -0.275919 0.753318 0.596976 -0.275919 0.753757 0.597365 -0.273871 0.753755 0.597365 -0.273878 0.753701 0.597365 -0.274024 0.753704 0.597365 -0.274017 0.604502 0.606619 0.516324 0.604502 0.606619 0.516324 0.604501 0.606621 0.516323 0.604501 0.606621 0.516324 0.48494 0.75787 0.436425 0.504415 0.758711 0.412216 0.604499 0.606622 0.516324 0.604499 0.606622 0.516324 0.604501 0.606621 0.516323 0.604501 0.606621 0.516323 0.604499 0.606624 0.516322 0.604499 0.606624 0.516322 0.6045 0.606622 0.516323 0.6045 0.606622 0.516323 0.604498 0.606622 0.516325 0.604498 0.606622 0.516325 0.984892 0.0135363 0.172639 0.984759 0.019577 0.172819 0.9849 0.000611326 0.173121 0.984492 -0.0258989 0.173506 0.984593 0.0256176 0.172975 0.984533 0.0270572 0.173097 0.984689 0.0285599 0.171967 0.985045 -0.0182326 0.17133 0.983096 -0.0650569 0.171144 -0.984783 -0.00722959 -0.173637 -0.984786 -0.00687775 -0.173637 -0.984804 0.00328566 -0.173641 -0.984805 0.00293381 -0.173641 0.173647 0.00254385 -0.984805 0.173647 0.00218515 -0.984806 0.173641 -0.00817575 -0.984775 0.173642 -0.00781707 -0.984778 0.984805 0.00247826 0.173649 0.984805 0.00249595 0.173649 0.984803 0.00300697 0.173649 0.984803 0.00298928 0.173649 -0.173644 -0.00756072 0.984779 -0.173644 -0.00720572 0.984782 -0.173648 0.00304897 0.984803 -0.173648 0.00269396 0.984804 0.942806 -0.292575 -0.159738 0.942602 -0.3015 -0.143527 0.940249 -0.312376 -0.135472 0.928766 -0.351484 -0.117697 0.529153 -0.811643 -0.247453 0.54778 -0.816756 -0.181236 0.514316 -0.848726 0.123054 0.508919 -0.860216 0.032091 0.724891 -0.68393 0.0822961 0.747838 -0.657203 0.0939278 0.820428 -0.494566 0.286882 0.77792 -0.598041 0.192843 0.937698 0.316801 -0.142688 0.940736 0.310196 -0.137094 0.936741 0.327168 -0.124408 0.928894 0.351038 -0.11802 0.529092 0.808956 -0.256228 0.547099 0.821692 -0.159702 0.504504 0.846421 0.170433 0.507692 0.860595 0.040323 0.733759 0.672193 0.0987676 0.762453 0.63501 0.124213 0.816555 0.509378 0.271611 0.781366 0.590682 0.201399 0.576939 0 -0.816787 0.581144 0 -0.813801 0.68237 0 -0.731007 0.671653 0 -0.740866 0.622938 0 -0.782271 0.623126 0 -0.782122 0.565309 0 -0.824879 0.576718 0 -0.816943 0.677821 0 -0.735227 0.668517 0 -0.743697 0.618967 0 -0.785417 0.611355 0 -0.791356 0.90896 -0.407182 -0.089408 0.933921 -0.326032 -0.14661 0.477203 -0.873493 0.0963754 0.506869 -0.848511 -0.152026 0.758379 -0.626215 0.180878 0.731097 -0.670592 0.125708 0.916839 0.385105 -0.105359 0.929419 0.343632 -0.134528 0.479259 0.873556 0.084911 0.507991 0.843521 -0.174407 0.768063 0.607464 0.20265 0.735339 0.664358 0.133809 0.749615 0.454151 -0.481482 0.64057 0.582257 -0.500647 0.596312 0.624763 -0.504067 0.699285 0.518082 -0.492535 0.487217 0.869498 -0.0812011 0.224821 0.917402 -0.328375 0.121951 0.904947 -0.407674 0.367431 0.907586 -0.203179 0.370735 0.542489 -0.753831 0.362886 0.515587 -0.776198 0.359912 0.505627 -0.784095 0.366981 0.529505 -0.76482 0.749617 -0.454147 -0.481481 0.640577 -0.582249 -0.500646 0.596321 -0.624755 -0.504066 0.69929 -0.518076 -0.492534 0.487211 -0.869501 -0.0812035 0.224835 -0.917404 -0.328359 0.121972 -0.904953 -0.407654 0.367433 -0.907587 -0.203173 0.370746 -0.54253 -0.753796 0.362894 -0.515614 -0.776177 0.359918 -0.505649 -0.784078 0.366991 -0.52954 -0.764791 0.99981 0 -0.019508 0.999875 0 -0.0157978 0.999891 0 -0.0147876 0.99986 0 -0.0167148 0.999904 0 -0.0138706 0.999907 0 -0.0136335 0.601337 0 -0.798996 0.601443 0 -0.798916 0.601444 0 -0.798915 0.601434 0 -0.798923 0.601454 0 -0.798908 0.60136 0 -0.798978 -0.128954 -0.984182 -0.12148 -0.131927 -0.984371 -0.116655 -0.138406 -0.984381 -0.108804 -0.3233 -0.488355 0.810547 -0.324957 -0.538058 0.777751 -0.551899 -0.394509 0.734691 0.361011 -0.823059 0.438458 0.380223 -0.870395 0.312799 0.380223 -0.870395 0.312799 0.324035 -0.919734 0.221564 0.288597 -0.949864 0.120296 0.307867 -0.898614 0.312587 0.0937547 -0.988024 -0.122553 0.0168159 -0.989489 -0.143629 -0.0948384 -0.98841 -0.118541 -0.0978557 -0.985489 -0.138697 -0.133278 -0.983277 -0.124109 -0.108714 -0.985823 -0.127806 -0.0781644 -0.994153 0.0744998 0.0428287 -0.991765 0.120696 0.0233972 -0.999693 0.00819012 -0.102995 -0.993004 0.057754 -0.104102 -0.988749 0.107415 -0.110544 -0.993868 0.00268136 -0.09739 -0.748979 0.655397 -0.10956 -0.68732 0.718044 -0.0850853 -0.802225 0.590928 -0.177123 -0.809926 0.559149 -0.176031 -0.816028 0.550555 -0.0865385 -0.82069 0.564782 0.325752 -0.495984 0.804914 0.0777396 -0.631824 0.771204 0.0154041 -0.706317 0.707728 0.114994 -0.584279 0.803365 0.134557 -0.786792 0.602373 0.208853 -0.884748 0.416656 0.17675 -0.91123 0.372048 0.0919462 -0.831477 0.547898 0.299629 -0.909326 -0.288701 0.272225 -0.958362 0.0862347 0.204226 -0.965676 0.160504 0.352118 -0.917809 -0.183409 0.319416 -0.905557 -0.279179 0.267417 -0.931486 -0.246623 0.186144 -0.942324 -0.278165 0.104009 -0.962093 -0.25211 0.195136 -0.966843 -0.164734 0.277239 -0.928383 -0.247474 0.11588 -0.965708 -0.232334 0.0998791 -0.986524 -0.129597 0.0765533 -0.996464 0.0346146 0.0481273 -0.998839 -0.00223219 -0.173871 -0.984703 0.0113817 -0.254405 -0.953515 0.161516 0.806074 0.542894 0.235607 0.800056 0.559171 0.217343 0.753762 0.648554 0.105928 0.766756 0.627878 0.133618 0.518406 0.849119 0.101255 0.527346 0.848313 0.0476657 0.547619 0.790657 -0.273816 0.54811 0.812849 -0.197109 0.925503 0.366881 -0.0940311 0.92933 0.354394 -0.103688 0.947002 0.278245 -0.160521 0.943469 0.297253 -0.146655 0.806461 -0.541792 0.236816 0.802206 -0.55356 0.22369 0.771455 -0.619739 0.144155 0.779869 -0.6041 0.163913 0.508454 -0.847552 0.152085 0.519923 -0.849158 0.0927911 0.547811 -0.792913 -0.266818 0.547778 -0.816763 -0.181211 0.922696 -0.375515 -0.0872955 0.927394 -0.360821 -0.0987309 0.948244 -0.270732 -0.165945 0.944257 -0.293265 -0.149581 0.999998 0 -0.0020859 0.999999 0 -0.00143366 0.999999 0 -0.00108754 1 0 -0.000574882 0.999998 0 -0.00194631 0.999997 0 -0.00241896 -0.571745 0.814214 -0.100815 -0.576023 0.811099 -0.101569 -0.580285 0.80796 -0.10232 -0.576023 0.811099 -0.101569 -0.0959954 0.833302 0.54442 -0.0963756 0.831845 0.546577 -0.0967552 0.830382 0.548729 -0.0963756 0.831845 0.546577 -0.606567 0.0095426 -0.794975 -0.568362 -0.227244 -0.790774 -0.612668 -0.0113403 -0.790259 -0.59418 0.227039 -0.771624 0.111492 0.766659 -0.6323 0.111154 0.768285 -0.630383 0.110815 0.769907 -0.628461 0.111154 0.768285 -0.630383 0.678083 0.725195 0.119565 0.667622 0.735135 0.117721 0.657019 0.744919 0.115851 0.667622 0.735135 0.117721 -0.676523 0 0.736421 -0.701206 0 0.712958 -0.710769 0 0.703426 -0.67983 0 0.733369 0.75595 0 0.654629 0.757981 0 0.652276 0.758785 0 0.651341 0.756219 0 0.654319 0.804394 0 -0.594096 0.818702 0 -0.574219 0.824239 0 -0.566241 0.806313 0 -0.591489 -0.646483 0 -0.762929 -0.611856 0 -0.79097 -0.597789 0 -0.801654 -0.64198 0 -0.766721 0.620287 0.63958 0.454072 0.638121 0.625146 0.449438 0.641984 0.621936 0.448389 0.627264 0.634007 0.452299 0.465584 0.677647 -0.569233 0.457724 0.651281 -0.605245 0.455876 0.645322 -0.612973 0.46264 0.667555 -0.583381 -0.468536 0.740547 -0.481731 -0.488744 0.729091 -0.47912 -0.493139 0.726526 -0.478512 -0.476427 0.736139 -0.480746 -0.485584 0.759158 0.433459 -0.48457 0.753992 0.443495 -0.484339 0.752847 0.445688 -0.485197 0.75716 0.437369 0.926865 0.145901 0.345881 0.931774 0.149753 0.330714 0.926594 0.145838 0.346634 0.391119 -0.589952 0.706387 0.357643 -0.555942 0.750347 0.39105 -0.590494 0.705972 -0.326573 -0.0429981 0.944193 -0.33797 -0.0151375 0.941035 -0.327211 -0.0431182 0.943967 0.166869 0.735515 0.656637 0.15131 0.750157 0.643716 0.166446 0.736199 0.655978 -0.432974 -0.814692 0.385759 -0.433384 -0.814371 0.385977 -0.433793 -0.814049 0.386196 -0.433384 -0.814371 0.385977 0.988569 0.0945216 0.117462 0.991406 0.0637033 0.114265 0.991404 0.0637006 0.114283 0.988567 0.0945197 0.117479 0.982682 0.140186 0.121176 0.980367 0.155095 0.121762 0.980368 0.155095 0.121757 0.982686 0.140188 0.121145 0.252204 0.696832 0.67143 0.322236 0.67314 0.665617 0.322648 0.672497 0.666068 0.253766 0.694335 0.673425 -0.246554 -0.0892912 0.965007 -0.16617 -0.110118 0.979929 -0.16392 -0.109897 0.980333 -0.248417 -0.0895205 0.964508 0.452568 -0.662098 0.597334 0.481924 -0.686234 0.544823 0.481518 -0.687211 0.543949 0.452811 -0.661315 0.598017 0.943575 0.112998 0.311285 0.968296 0.0894414 0.233244 0.968702 0.0896528 0.23147 0.945123 0.113493 0.306368 -0.983373 -0.0111852 -0.181252 -0.948473 -0.0423969 0.314008 -0.948474 -0.0423999 0.314006 -0.983371 -0.0111995 -0.181261 -0.674321 -0.0630866 0.735738 -0.674318 -0.0630804 0.735741 -0.223067 -0.0735707 0.972023 -0.223054 -0.0735506 0.972027 0.302807 -0.0765929 0.949969 0.301879 -0.0780504 0.950146 0.53606 -0.103595 0.837799 0.492752 -0.180255 0.851295 0.737042 0.225487 -0.637123 0.581323 0.125154 -0.80399 0.58057 0.126402 -0.804338 0.696631 0.292684 -0.655013 0.119977 0.0776519 -0.989735 0.119893 0.0777717 -0.989736 -0.371845 0.0467354 -0.927118 -0.3719 0.0468228 -0.927091 -0.77476 0.0201182 -0.631935 -0.774768 0.0201368 -0.631925 -0.753833 0.0129276 -0.656939 -0.986629 -0.00760618 -0.162803 -0.986626 -0.00759119 -0.162824 -0.753853 0.0129061 -0.656916 -0.924134 -0.0289964 0.380968 -0.924137 -0.0289903 0.380959 -0.593452 -0.0428946 0.803725 -0.593446 -0.0429003 0.80373 -0.101796 -0.0499947 0.993548 -0.101774 -0.0500096 0.99355 0.402524 -0.0439165 0.914356 0.402485 -0.043887 0.914374 0.617482 -0.0366528 0.785731 0.617485 -0.0366556 0.785728 0.464606 -0.244308 0.851149 0.269595 0.0344164 0.962359 0.269378 0.0345551 0.962414 0.499241 -0.269493 0.823488 -0.245667 0.0510765 0.968008 -0.245688 0.0510914 0.968002 -0.689395 0.0438084 0.723059 -0.689398 0.0438107 0.723057 -0.953079 0.0296572 0.301264 -0.953074 0.0296427 0.301284 -0.982809 0.00760989 -0.184468 -0.982808 0.00761369 -0.184473 -0.778812 -0.0139879 -0.627102 -0.778767 -0.0139376 -0.627159 -0.385286 -0.0322523 -0.922234 -0.3852 -0.0321871 -0.922272 0.0944992 -0.0550204 -0.994003 0.0947634 -0.0548386 -0.993988 0.548796 -0.0792146 -0.832195 0.549034 -0.0790271 -0.832056 0.677227 0.197268 -0.708837 0.696356 0.218695 -0.683565 0.894022 0.0574368 -0.444326 0.71703 0.0862115 -0.691691 0.715974 0.0853904 -0.692885 0.893789 0.0572238 -0.444823 0.248774 0.0532753 -0.967095 0.24852 0.0530935 -0.967171 -0.298555 0.0316057 -0.953869 -0.298715 0.03149 -0.953822 -0.396528 -0.914902 0.0756314 -0.406878 -0.911147 0.0652704 -0.424691 -0.904108 0.0471816 -0.410745 -0.909682 0.0613715 -0.372759 -0.906863 -0.196598 -0.375451 -0.905212 -0.199068 -0.379584 -0.902642 -0.202865 -0.377209 -0.904124 -0.200682 0.109939 -0.179809 -0.977539 0.101894 -0.201296 -0.974216 0.087743 -0.238479 -0.967176 0.0988536 -0.209349 -0.972831 0.140885 -0.271046 -0.9522 0.140928 -0.270751 -0.952278 0.140994 -0.270295 -0.952398 0.140956 -0.270557 -0.952329 0.811992 -0.387458 -0.436515 0.804135 -0.401189 -0.438651 0.789954 -0.42487 -0.442106 0.801128 -0.406324 -0.439425 0.839913 -0.415527 -0.349118 0.83316 -0.4297 -0.348141 0.82236 -0.451314 -0.346467 0.82863 -0.438916 -0.347454 0.745458 -0.54653 0.381572 0.74101 -0.55879 0.372367 0.732808 -0.579813 0.356102 0.739289 -0.563363 0.368882 0.660066 -0.578006 0.479814 0.658127 -0.581972 0.477679 0.655111 -0.588051 0.474369 0.65685 -0.584559 0.476276 0.123221 -0.708051 0.695328 0.123965 -0.709419 0.693799 0.125261 -0.711794 0.691128 0.124245 -0.709932 0.693224 -0.0510944 -0.7171 0.695095 -0.0502313 -0.720195 0.69195 -0.0489005 -0.724934 0.687081 -0.0496662 -0.722213 0.689885 -0.363223 -0.825243 0.432483 -0.37437 -0.819254 0.434361 -0.393646 -0.808498 0.437463 -0.378545 -0.816968 0.435049 -0.498169 -0.824798 0.267463 -0.497903 -0.824983 0.267386 -0.497494 -0.825268 0.267267 -0.497729 -0.825104 0.267335 -0.418974 -0.875887 -0.239338 -0.416502 -0.877691 -0.237033 -0.415166 -0.878658 -0.235788 -0.417734 -0.876794 -0.238181 0.142943 -0.256794 -0.955837 0.144867 -0.243243 -0.959086 0.145893 -0.235913 -0.96076 0.143913 -0.249998 -0.957492 0.848553 -0.396569 -0.350272 0.853331 -0.385639 -0.350869 0.862817 -0.362879 -0.351945 0.857951 -0.37474 -0.351413 0.689668 -0.510809 0.513257 0.689661 -0.510826 0.513249 0.689657 -0.510836 0.513245 0.689664 -0.510818 0.513253 -0.071314 -0.639197 0.765729 -0.069501 -0.646618 0.759641 -0.0685204 -0.650595 0.756327 -0.0704047 -0.64293 0.762682 -0.537209 -0.796083 0.278674 -0.552174 -0.784269 0.282887 -0.582432 -0.758911 0.291251 -0.566819 -0.77225 0.286961 -0.373282 -0.0956446 -0.922774 0.0917471 -0.048323 -0.994609 0.12325 -0.0515396 -0.991036 -0.311789 -0.0993292 -0.944945 0.458976 -0.0831671 -0.884548 0.861871 -0.0379876 -0.505702 0.866394 -0.038953 -0.49784 0.459427 -0.0832059 -0.88431 0.805822 -0.0499993 0.590043 0.782773 -0.053794 0.619978 -0.322823 -0.0709618 0.943795 -0.394347 -0.0774897 0.915689 -0.994244 -0.0905 -0.0573522 -0.982989 -0.0967189 -0.156133 -0.870245 0.111284 0.479885 -0.560555 0.102745 0.821718 -0.497137 0.105902 0.861185 -0.818441 0.109033 0.564151 0.146977 0.0845548 0.985519 0.208173 0.089031 0.974032 0.850808 0.0704277 0.520736 0.867429 0.0733068 0.492131 0.954773 0.0514799 -0.292846 0.950723 0.0528136 -0.30551 0.374494 0.0349834 -0.926569 0.372321 0.0352351 -0.927435 -0.0536722 -0.0329692 -0.998014 -0.0529321 -0.0330494 -0.998051 0.481135 0.131149 -0.866781 0.48126 0.131559 -0.866649 0.495916 0.155035 -0.854419 0.495303 0.153228 -0.8551 0.675009 0.304076 -0.672235 0.67457 0.303371 -0.672995 0.647234 0.298942 -0.701229 0.646212 0.297139 -0.702936 0.858119 -0.374765 0.350975 0.858043 -0.375014 0.350894 0.859024 -0.395647 0.324871 0.859606 -0.393793 0.325585 0.853199 -0.521585 -0.00067323 0.853346 -0.521344 -0.000409943 0.854625 -0.51575 0.0601535 0.849141 -0.525735 0.0506212 -0.481511 -0.132387 0.866384 -0.481616 -0.132734 0.866272 -0.496435 -0.156582 0.853835 -0.495869 -0.154907 0.85447 -0.682736 -0.316658 0.658483 -0.68235 -0.316024 0.659187 -0.646596 -0.29782 0.702294 -0.649408 -0.302805 0.697552 -0.859282 0.370953 -0.352178 -0.859134 0.371444 -0.35202 -0.859284 0.394822 -0.325186 -0.859982 0.392587 -0.326046 -0.856376 0.516329 -0.00507786 -0.856648 0.515871 -0.00557376 -0.850926 0.522532 -0.0537099 -0.855269 0.514543 -0.0613149 -0.851082 0.484105 -0.203229 -0.853861 0.477347 -0.207511 -0.564477 -0.244901 0.788283 -0.566813 -0.25025 0.784919 0.854071 -0.476839 0.207815 0.849189 -0.488613 0.200337 0.565636 0.247546 -0.786624 0.565648 0.247573 -0.786607 0.553676 -0.826788 0.099315 0.567263 -0.818456 0.0913381 0.580579 -0.809923 0.0833862 0.563568 -0.820759 0.0935204 0.538886 -0.835312 -0.108887 0.539213 -0.835082 -0.10903 0.539388 -0.834959 -0.109106 0.539084 -0.835173 -0.108973 0.352107 -0.915634 -0.193998 0.353762 -0.910769 -0.212962 0.35527 -0.905588 -0.231717 0.353323 -0.912133 -0.207788 0.158336 -0.90973 -0.383824 0.159145 -0.906967 -0.38998 0.159576 -0.90547 -0.393267 0.158826 -0.908065 -0.387547 -0.71047 -0.185353 -0.678879 -0.698258 -0.216222 -0.682411 -0.685358 -0.246645 -0.685165 -0.701673 -0.207809 -0.681521 -0.720134 -0.270541 -0.638917 -0.717569 -0.279558 -0.63792 -0.716169 -0.284376 -0.637363 -0.718591 -0.275995 -0.638321 -0.900808 -0.39288 0.184907 -0.893964 -0.412427 0.175304 -0.886706 -0.431629 0.165675 -0.895881 -0.407107 0.177937 -0.862219 -0.429207 0.268996 -0.859429 -0.435819 0.26729 -0.857916 -0.439349 0.266371 -0.860538 -0.433207 0.267967 -0.325781 -0.546517 0.771483 -0.328965 -0.562123 0.758815 -0.331993 -0.577393 0.745921 -0.328109 -0.557882 0.762307 -0.196884 -0.589633 0.783307 -0.196551 -0.59962 0.775773 -0.19636 -0.604928 0.77169 -0.196686 -0.595681 0.778767 0.348955 -0.71121 0.610254 0.34698 -0.712935 0.609367 0.345016 -0.714644 0.608481 0.34752 -0.712465 0.60961 0.489125 -0.713386 0.501835 0.482607 -0.720936 0.497334 0.479095 -0.724942 0.4949 0.485192 -0.71796 0.499121 0.620175 -0.770906 -0.145213 0.611983 -0.778113 -0.141478 0.594797 -0.792679 -0.133702 0.603775 -0.785162 -0.137755 0.165914 -0.881075 -0.442922 0.166304 -0.879406 -0.446081 0.167105 -0.875921 -0.45259 0.16669 -0.877739 -0.449209 -0.713385 -0.293746 -0.636236 -0.722631 -0.261498 -0.639862 -0.727275 -0.243983 -0.641516 -0.718127 -0.2776 -0.638147 -0.8859 -0.366665 0.284144 -0.885611 -0.367514 0.28395 -0.88501 -0.369267 0.283548 -0.885323 -0.368356 0.283757 -0.198313 -0.521933 0.829613 -0.198307 -0.52247 0.829277 -0.198294 -0.523578 0.82858 -0.198301 -0.523002 0.828943 0.525253 -0.668602 0.526384 0.535827 -0.654466 0.533445 0.541449 -0.646744 0.537173 0.530585 -0.661536 0.529952 0.751007 -0.0878222 -0.654428 0.686822 -0.0939587 -0.720727 -0.319282 -0.0963986 -0.942744 -0.2596 -0.0925665 -0.961269 -0.711576 -0.048614 -0.700926 -0.6891 -0.0453551 -0.723245 -0.924485 -0.0840462 -0.371838 -0.924512 -0.0840517 -0.371769 -0.982372 -0.0397249 0.182669 -0.984679 -0.0383681 0.170106 -0.176085 -0.0563034 0.982764 -0.209083 -0.0529796 0.976462 0.876063 -0.0748378 0.476354 0.840392 -0.0686642 0.537613 0.955297 0.103126 0.277081 0.928869 0.106491 0.354771 0.426904 0.0920049 0.899605 0.481376 0.0878631 0.872099 -0.345552 0.0730637 0.935551 -0.310855 0.0698466 0.947887 -0.934653 0.0555625 0.351192 -0.92931 0.0540693 0.365321 -0.880533 0.0354289 -0.47266 -0.88143 0.035226 -0.471 -0.595417 -0.032296 -0.802767 -0.595005 -0.0322401 -0.803075 0.977673 0.111036 -0.178398 0.990765 0.108659 -0.0811071 -0.155802 0.131485 -0.978998 -0.172699 0.152619 -0.973079 -0.173622 0.154679 -0.972589 -0.155966 0.131899 -0.978916 -0.406824 0.306639 -0.860504 -0.368415 0.299005 -0.880265 -0.370014 0.300874 -0.878956 -0.40613 0.305911 -0.861091 -0.926463 -0.374626 0.036355 -0.919231 -0.393536 0.0120374 -0.919078 -0.393894 0.011946 -0.926356 -0.374895 0.0363012 -0.79755 -0.525737 -0.295829 -0.817187 -0.523459 -0.241238 -0.825815 -0.513136 -0.233924 -0.797899 -0.525375 -0.295532 0.15621 -0.132505 0.978796 0.173672 -0.154808 0.97256 0.174329 -0.156275 0.972207 0.156351 -0.132862 0.978725 0.413955 -0.31413 0.854379 0.371994 -0.303165 0.877332 0.367718 -0.298166 0.880841 0.413423 -0.313571 0.854842 0.927792 0.37126 -0.0369776 0.920225 0.391187 -0.0125969 0.918577 0.395072 -0.0116074 0.927586 0.371784 -0.0368733 0.798375 0.524891 0.295103 0.821021 0.518922 0.238 0.813989 0.527204 0.24388 0.798988 0.524253 0.294581 0.870819 0.48154 0.0989604 0.867024 0.487758 0.101792 0.26495 -0.251489 0.930889 0.26167 -0.246242 0.933217 -0.869258 -0.484114 -0.100121 -0.875878 -0.473069 -0.0951031 -0.261488 0.245966 -0.933341 -0.261304 0.245672 -0.93347 0.703335 0.710853 0.00266191 0.701569 0.712591 0.0039369 0.699809 0.714311 0.00520325 0.702052 0.712117 0.0035886 0.667197 0.725914 -0.167021 0.662411 0.730796 -0.164769 0.659835 0.733393 -0.16356 0.664308 0.72887 -0.165661 0.362846 0.826983 -0.429467 0.36273 0.818473 -0.445566 0.362496 0.809752 -0.461409 0.362774 0.820825 -0.441182 0.175862 0.831082 -0.527613 0.175869 0.83104 -0.527676 0.175872 0.831018 -0.52771 0.175866 0.831057 -0.527651 0.0063346 0.915115 -0.403143 -0.00902827 0.910287 -0.413879 -0.0242842 0.905154 -0.424389 -0.00483098 0.91164 -0.410961 -0.263306 0.904021 -0.336774 -0.267228 0.901745 -0.339773 -0.269324 0.900516 -0.341374 -0.265678 0.902648 -0.338588 -0.942867 0.188902 0.27444 -0.939625 0.220359 0.261814 -0.935326 0.25135 0.248972 -0.94062 0.211786 0.265295 -0.911287 0.279372 0.302503 -0.913156 0.271531 0.304002 -0.914131 0.267326 0.304796 -0.912424 0.274634 0.303412 -0.289216 0.388747 0.874774 -0.293818 0.407036 0.864866 -0.298258 0.425018 0.854636 -0.292574 0.402057 0.867612 -0.198245 0.436327 0.877678 -0.198348 0.446303 0.872623 -0.198393 0.451621 0.869873 -0.19831 0.442364 0.874635 0.502598 0.549833 0.667142 0.48967 0.565781 0.663412 0.476617 0.581378 0.659421 0.493223 0.561448 0.66446 0.593008 0.568305 0.570412 0.583074 0.58459 0.564162 0.57766 0.59321 0.560724 0.587031 0.578177 0.566661 0.726503 0.658729 -0.195627 0.721866 0.664477 -0.193339 0.712146 0.67623 -0.188574 0.717223 0.670141 -0.191057 0.183918 0.774498 -0.60525 0.1837 0.776315 -0.602984 0.183244 0.780049 -0.598286 0.183482 0.778111 -0.600731 -0.298944 0.882179 -0.363858 -0.307957 0.876228 -0.370658 -0.312797 0.872958 -0.374301 -0.303475 0.879209 -0.367279 -0.917874 0.250377 0.307926 -0.919293 0.243565 0.309154 -0.92208 0.229451 0.311642 -0.920656 0.236796 0.310357 -0.197499 0.39192 0.89855 -0.197476 0.390846 0.899023 -0.197426 0.388624 0.899997 -0.197452 0.38978 0.899491 0.626989 0.507415 0.591113 0.629484 0.502583 0.592588 0.630822 0.49997 0.593375 0.628244 0.504991 0.591856 0.871175 0.0713622 -0.485759 0.835771 0.077125 -0.543634 -0.255139 0.0922666 -0.962492 -0.160032 0.0855324 -0.983399 -0.985409 0.0995976 -0.138022 -0.974607 0.0959548 -0.202321 -0.957766 0.0504461 0.283088 -0.965837 0.0474444 0.254771 -0.794526 0.0827777 0.601561 -0.793146 0.0829509 0.603356 -0.333685 0.0396406 0.941851 -0.342691 0.0386258 0.938654 0.750022 0.0543273 0.659177 0.724356 0.050493 0.687575 0.996027 -0.0844102 -0.0283877 0.995625 -0.0886052 0.0296721 0.652072 -0.0714128 0.754786 0.677268 -0.0684348 0.732547 -0.142773 -0.0535118 0.988308 -0.12915 -0.0521364 0.990254 -0.844673 -0.0344209 0.534175 -0.843823 -0.0342486 0.535527 -0.989947 0.0347812 0.137092 -0.990089 0.0346726 0.136095 0.344938 -0.110817 -0.932061 0.424641 -0.108675 -0.898816 0.749603 -0.105162 -0.65348 0.700333 -0.10197 -0.706495 -0.155796 -0.131465 -0.979002 -0.172973 -0.153227 -0.972935 -0.173911 -0.155321 -0.972435 -0.155963 -0.131888 -0.978918 -0.412389 -0.312482 -0.855739 -0.366742 -0.297043 -0.881627 -0.368387 -0.298965 -0.88029 -0.411382 -0.311424 -0.85661 -0.926499 0.374538 0.0363477 -0.919432 0.393062 0.0121393 -0.919243 0.393506 0.0120261 -0.926394 0.374803 0.036295 -0.798463 0.524781 -0.295062 -0.817464 0.52313 -0.241012 -0.826372 0.512455 -0.23345 -0.798794 0.524436 -0.294779 0.156219 0.132565 0.978786 0.173623 0.154705 0.972585 0.174287 0.156187 0.972229 0.156359 0.132919 0.978716 0.408299 0.308188 0.859251 0.371594 0.30271 0.877659 0.367288 0.297677 0.881186 0.407904 0.307774 0.859587 0.927807 -0.371221 -0.0370081 0.920493 -0.390549 -0.0127776 0.918889 -0.394338 -0.0118129 0.927607 -0.371731 -0.0369065 0.803207 -0.519801 0.290973 0.820585 -0.51944 0.238377 0.813061 -0.528278 0.244653 0.803522 -0.519467 0.290701 0.872153 -0.479329 0.0979426 0.868703 -0.485024 0.100534 0.264838 0.251318 0.930967 0.261631 0.246188 0.933242 -0.869384 0.483906 -0.100033 -0.875767 0.473255 -0.095194 -0.263383 -0.248985 -0.932006 -0.263194 -0.248683 -0.93214 -0.603863 0.781275 -0.157983 -0.606537 0.778486 -0.161471 -0.611156 0.773576 -0.167539 -0.607537 0.777432 -0.162781 -0.532575 0.771515 -0.348035 -0.531046 0.773244 -0.346531 -0.528685 0.775894 -0.34421 -0.530044 0.774372 -0.345546 -0.240514 0.889762 -0.387912 -0.237564 0.886231 -0.397691 -0.232357 0.87983 -0.41462 -0.236448 0.884876 -0.401355 0.00345635 0.862027 -0.506851 0.00368907 0.861443 -0.507841 0.00404736 0.860542 -0.509364 0.00384131 0.861061 -0.508488 0.927978 0.074939 -0.365023 0.923274 0.0975706 -0.371545 0.913804 0.13687 -0.382398 0.921367 0.106067 -0.373942 0.918421 0.178697 -0.352944 0.919156 0.175097 -0.352836 0.920263 0.169549 -0.352659 0.91963 0.17274 -0.352762 0.792717 0.294589 0.533682 0.792066 0.307172 0.52752 0.790559 0.328952 0.516534 0.791781 0.311886 0.525176 0.743632 0.329478 0.581769 0.74268 0.334031 0.580387 0.741181 0.341025 0.578233 0.742048 0.337005 0.579476 0.00429415 0.462607 0.886553 0.0109728 0.477723 0.878442 0.0226014 0.503678 0.863596 0.013483 0.483366 0.875315 -0.110606 0.454194 0.88401 -0.108214 0.466936 0.877645 -0.104486 0.486363 0.867487 -0.106636 0.47522 0.873381 -0.639861 0.617436 0.457549 -0.632874 0.624559 0.457598 -0.62055 0.636823 0.457575 -0.630232 0.627221 0.457605 -0.696648 0.641795 0.320595 -0.692205 0.64711 0.319532 -0.685297 0.655232 0.317866 -0.689279 0.650571 0.318829 -0.57678 0.716614 -0.392161 -0.569122 0.726856 -0.384423 -0.564939 0.732313 -0.380213 -0.572952 0.721775 -0.388287 0.0151587 0.831148 -0.555845 0.0152793 0.830814 -0.55634 0.0153444 0.830634 -0.556607 0.0152192 0.83098 -0.556093 0.921321 0.164109 -0.35247 0.923977 0.149703 -0.351932 0.928834 0.119833 -0.35058 0.926415 0.135377 -0.351323 0.750641 0.292653 0.592362 0.750986 0.290655 0.592908 0.751171 0.289577 0.593201 0.750814 0.29165 0.592637 -0.117229 0.417751 0.900967 -0.117454 0.416478 0.901527 -0.117576 0.415791 0.901828 -0.117342 0.417112 0.901248 -0.741302 0.583984 0.330806 -0.752356 0.568283 0.333189 -0.774304 0.535164 0.337719 -0.763047 0.55249 0.335431 -0.580357 0.079042 -0.810517 0.502189 0.0868304 -0.860388 0.547972 0.0905895 -0.831577 -0.517576 0.0848425 -0.85142 0.860905 0.0377819 -0.507361 0.874548 0.0407247 -0.483226 0.98026 0.0716832 -0.184258 0.918021 0.0260965 0.395672 0.917015 0.0263739 0.397981 0.980338 0.071721 -0.183831 -0.0123154 0.0400387 0.999122 -0.033756 0.0422994 0.998535 -0.948623 0.0597242 0.310722 -0.963348 0.0646728 0.260342 -0.981166 -0.0980462 -0.166434 -0.841651 -0.0762362 0.534614 -0.81595 -0.0799663 0.572566 -0.989256 -0.101272 -0.105436 -0.138066 -0.0600301 0.988602 -0.116529 -0.0620925 0.991244 0.662399 -0.0415521 0.747998 0.666058 -0.0420692 0.744712 0.998948 -0.0240217 -0.0390638 0.999039 -0.0237734 -0.0368234 0.88775 0.0436931 -0.458248 0.888926 0.0439637 -0.455935 -0.793703 -0.11246 -0.59782 -0.845582 -0.111447 -0.522083 0.482571 -0.135848 -0.865257 0.482695 -0.13626 -0.865123 0.496963 -0.158092 -0.853249 0.496172 -0.15575 -0.85414 0.678884 -0.31037 -0.665423 0.678424 -0.309622 -0.66624 0.649953 -0.303782 -0.696618 0.648665 -0.30149 -0.698811 0.859834 0.369084 0.352792 0.859737 0.36941 0.352687 0.860556 0.390729 0.326763 0.860334 0.391448 0.326487 0.853676 0.520804 0.000164733 0.853758 0.520669 0.000312259 0.853166 0.518453 0.0575687 0.846913 0.529667 0.0468169 -0.480594 0.129386 0.867346 -0.480713 0.129779 0.867221 -0.495872 0.154932 0.854463 -0.49541 0.153571 0.854976 -0.680758 0.313405 0.662077 -0.680452 0.312904 0.662628 -0.647255 0.29897 0.701198 -0.650261 0.304312 0.696099 -0.858104 -0.374841 -0.35093 -0.857945 -0.375361 -0.350762 -0.85871 -0.39664 -0.324489 -0.860348 -0.391401 -0.326506 -0.851462 -0.524403 0.00374292 -0.851937 -0.523636 0.00290165 -0.850561 -0.523192 -0.0530734 -0.855547 -0.514024 -0.0618019 -0.85132 -0.483532 -0.203595 -0.852929 -0.479634 -0.206068 -0.566308 0.249083 0.785654 -0.56837 0.253834 0.782639 0.853884 0.4773 0.207523 0.850074 0.48652 0.201673 0.566652 -0.249853 -0.785162 0.56704 -0.250746 -0.784596 0.634562 0.280905 0.720016 0.580988 0.346837 0.736313 0.57322 0.350277 0.740759 0.621875 0.287843 0.728298 0.817743 0.22035 0.531736 0.821437 0.217418 0.52723 0.793363 0.497264 0.351146 0.743891 0.581567 0.329249 0.738018 0.590448 0.32665 0.789085 0.505339 0.349252 0.880051 0.448809 0.155177 0.880893 0.447105 0.155325 0.952364 0.304933 -0.00436307 0.935273 0.353725 0.0119845 0.936179 0.351074 0.0177715 0.954178 0.299142 0.00764604 0.951407 0.218663 -0.216819 0.950368 0.220235 -0.219766 0.989777 -0.142457 -0.00695015 0.997424 -0.0716465 0.00332692 0.997623 -0.0682977 0.00919419 0.989709 -0.142883 -0.00772657 0.95233 -0.217251 -0.214172 0.950902 -0.21943 -0.218258 0.864158 -0.367551 0.34371 0.884956 -0.304896 0.351982 0.886479 -0.299729 0.352588 0.863815 -0.368483 0.343574 0.879772 -0.449374 0.155127 0.879131 -0.450665 0.155014 0.625924 -0.230564 0.745023 0.630317 -0.183303 0.754388 0.631631 -0.182395 0.753508 0.626044 -0.230489 0.744945 0.815929 -0.221776 0.533924 0.819362 -0.219069 0.529769 0.952922 0.141983 0.267918 0.955165 0.138356 0.261759 0.962027 0.0724288 0.263168 0.961741 0.0729659 0.264066 0.944947 0.320903 -0.0639954 0.945116 0.320404 -0.0640069 0.964948 0.254175 -0.0653501 0.965849 0.250712 -0.0654111 0.910052 0.131811 -0.392978 0.906961 0.135684 -0.398762 0.920145 0.0688976 -0.38547 0.921616 0.0666845 -0.382331 0.866803 -0.287126 -0.407691 0.870643 -0.283916 -0.401711 0.852083 -0.334861 -0.402273 0.849967 -0.33639 -0.405461 0.858827 -0.511639 -0.0253344 0.862556 -0.505321 -0.0254444 0.827287 -0.561249 -0.024404 0.823568 -0.566697 -0.0242943 0.934641 -0.22968 0.271465 0.932722 -0.232193 0.275891 0.923985 -0.284361 0.255715 0.923809 -0.284578 0.25611 -0.997739 -0.0653148 -0.0158126 -0.994303 0.092636 0.0527331 -0.95567 0.275779 0.103154 -0.809299 0.102817 0.578328 -0.761678 0.205151 0.614621 -0.706224 0.361156 0.608945 -0.689121 0.357526 0.630307 -0.691801 0.302006 0.6559 -0.671517 0.320777 0.667957 0.991059 -0.0173173 0.132296 0.98976 0.127294 0.0645865 0.951828 0.306225 0.0157832 0.843316 0.128662 -0.52179 0.799751 0.220214 -0.558483 0.746122 0.368938 -0.554244 0.729289 0.365783 -0.578221 0.737548 0.299061 -0.605464 0.719434 0.306079 -0.623483 -0.695302 0.672689 0.253071 -0.881047 0.448839 0.149334 -0.893238 0.417996 0.165545 -0.683457 0.686298 0.24876 -0.124338 0.698068 0.705153 -0.34971 0.620138 0.702233 -0.349741 0.620304 0.702072 -0.123173 0.70488 0.69855 0.564517 0.675976 0.473684 0.379935 0.673429 0.634148 0.395346 0.658691 0.640178 0.569167 0.669299 0.477586 0.700066 0.667072 -0.254801 0.797409 0.600342 -0.0610551 0.796214 0.602036 -0.0599732 0.689356 0.679585 -0.250903 0.12355 0.702693 -0.700684 0.36282 0.696244 -0.619359 0.361538 0.687873 -0.629382 0.123916 0.700553 -0.702759 -0.553283 0.69162 -0.464263 -0.213444 0.803687 -0.555454 -0.251169 0.778436 -0.575284 -0.555001 0.68927 -0.465705 -0.46051 0.760433 0.457901 -0.395227 0.801017 0.449631 0.141061 0.717474 0.682153 0.148808 0.730936 0.666025 0.714977 0.6289 0.305439 0.71478 0.629293 0.30509 0.573619 0.673684 -0.465952 0.544579 0.69818 -0.464734 -0.107494 0.656526 -0.746605 -0.10965 0.660565 -0.742719 -0.779195 0.437245 -0.449079 -0.771059 0.474241 -0.424927 0.494104 0.297673 0.816855 0.516213 0.369519 0.772644 0.517132 0.296928 0.80275 0.523 0.370348 0.767668 0.624318 0.133977 0.769595 0.571668 0.223232 0.789533 0.89919 0.305636 0.31312 0.975995 -0.0183273 0.21702 0.951556 0.126587 0.28021 -0.418629 0.317042 -0.85102 -0.446848 0.359862 -0.81904 -0.441848 0.301367 -0.844955 -0.462372 0.362204 -0.809333 -0.56914 0.106019 -0.815377 -0.512399 0.207052 -0.833413 -0.859047 0.273032 -0.433003 -0.939486 -0.0692857 -0.335508 -0.912679 0.0896728 -0.398718 0.984801 -0.00337616 0.173656 0.984804 -0.00203304 0.173657 0.98332 0.054912 0.173395 0.983392 0.0535709 0.173408 -0.173619 -0.0170705 0.984665 -0.173618 -0.0173787 0.98466 -0.173564 -0.0304413 0.984352 -0.173565 -0.0301332 0.984361 -0.984666 -0.0170322 -0.173615 -0.984639 -0.0185853 -0.17361 -0.981296 -0.0843889 -0.17302 -0.981424 -0.082841 -0.173043 0.173648 -0.00357143 -0.984801 0.173648 -0.0038297 -0.9848 0.17363 -0.0147789 -0.9847 0.173631 -0.0145207 -0.984704 -0.987627 0 -0.156819 -0.987625 0 -0.156833 -0.987623 0 -0.156846 -0.987625 0 -0.156833 0.900468 -0.370237 0.228214 0.983577 -0.166612 -0.0694036 0.984979 0.158069 -0.0695025 0.953809 -0.178365 0.241732 0.987078 0 0.16024 0.99119 0 0.132446 0.99159 0 0.12942 0.987563 0 0.157226 0.802577 -0.5608 0.203406 0.880319 -0.470297 -0.062115 0.832499 -0.550904 -0.0587407 0.740462 -0.645367 0.187663 0.948707 -0.159496 -0.272977 0.81332 0 -0.581816 0.80745 0 -0.589936 0.941212 -0.157358 -0.29893 0.924572 -0.318496 0.209112 0.897605 -0.391268 0.203013 0.794559 -0.523456 0.307684 0.561871 -0.647607 0.51469 0.561661 -0.647469 0.515093 0.794781 -0.523519 0.307003 0.674601 -0.722242 0.152576 0.701029 -0.695283 0.158553 0.90901 -0.144989 -0.390741 0.917921 -0.147205 -0.368445 0.813556 -0.5656 0.134994 0.90525 -0.397441 0.150209 0.806394 -0.537983 0.245564 0.810769 -0.538864 0.228645 0.748571 -0.660037 0.0631796 0.677821 -0.732998 0.0572083 0.710471 -0.00576788 -0.703703 0.714382 -0.00581324 -0.699732 0.721987 -0.0170686 -0.691696 0.545099 -0.822391 0.16291 0.607015 -0.7006 0.375091 0.671118 -0.666357 0.324914 1.03285e-06 1 5.7252e-07 1.01156e-06 1 5.60718e-07 0 1 0 2.12905e-08 1 1.18015e-08 9.73305e-06 1 -1.75589e-05 9.72518e-06 1 -1.75447e-05 9.35114e-06 1 -1.68699e-05 9.35901e-06 1 -1.68841e-05 1.68687e-05 1 9.35044e-06 1.66345e-05 1 9.2206e-06 5.50594e-06 1 3.05198e-06 5.74017e-06 1 3.18181e-06 -3.05252e-06 1 5.50692e-06 -2.9778e-06 1 5.37211e-06 5.72216e-07 1 -1.03231e-06 4.97489e-07 1 -8.97499e-07 0.483893 0 -0.875127 0.48394 0 -0.875101 0.483988 0 -0.875075 0.48394 0 -0.875101 0.826766 -0.152559 0.541465 0.965153 0.0440057 0.257958 0.963404 0.0745044 0.257491 0.830741 -0.117727 0.544069 0.807931 -0.17616 0.562331 0.937734 0 0.347354 0.937383 0 0.348301 0.794369 -0.175695 0.581471 0.816118 -0.219705 0.534492 0.960811 -0.104396 0.256796 0.960542 -0.107012 0.256724 0.811217 -0.244268 0.531282 0.914522 -0.0677952 0.398816 0.986497 0 0.163776 0.986395 0 0.164394 0.923563 -0.0676274 0.377436 0.839073 -0.162699 0.519119 0.835127 -0.188697 0.516678 0.80107 -0.237462 0.549452 0.810626 -0.237806 0.535101 0.813321 -0.292079 0.503188 0.816323 -0.280264 0.505044 0.947013 -0.0653259 0.314483 0.94052 -0.0655571 0.333353 0.844607 -0.278772 0.457083 0.853301 -0.242137 0.461788 0.862458 -0.24605 0.442296 0.868528 -0.245924 0.430326 0.875753 -0.289002 0.386696 0.870001 -0.309067 0.384156 0.995318 -0.00338207 0.0965984 0.994874 -0.00338862 0.101068 0.984485 -0.010083 0.175179 0.740853 -0.411092 0.531169 0.723502 -0.358326 0.59004 0.640094 -0.430464 0.636381 -7.90958e-06 -1 -1.46597e-06 -7.74652e-06 -1 -1.43575e-06 0 -1 0 -1.63061e-07 -1 -3.02219e-08 3.54902e-06 -1 -1.91485e-05 3.5204e-06 -1 -1.89941e-05 2.16078e-06 -1 -1.16584e-05 2.1894e-06 -1 -1.18128e-05 1.16573e-05 -1 2.16055e-06 1.1563e-05 -1 2.14306e-06 7.07869e-06 -1 1.31195e-06 7.17309e-06 -1 1.32945e-06 -1.31151e-06 -1 7.0762e-06 -1.31469e-06 -1 7.09335e-06 -1.46577e-06 -1 7.90848e-06 -1.46259e-06 -1 7.89132e-06 -0.180837 0 0.983513 -0.180802 0 0.983519 -0.180768 0 0.983526 -0.180802 0 0.983519 0.955676 -0.153724 0.251102 0.99712 0.0441997 -0.0616199 0.995297 0.0748325 -0.0615073 0.960355 -0.118518 0.252331 0.944786 -0.176171 0.276304 0.999481 0 0.0322267 0.999448 0 0.0332278 0.938048 -0.175712 0.298649 0.943699 -0.218977 0.247955 0.992598 -0.104816 -0.061342 0.992312 -0.107499 -0.0613243 0.938108 -0.243305 0.246486 0.993693 -0.0678034 0.0893167 0.987402 0 -0.158234 0.987499 0 -0.157628 0.995525 -0.0676362 0.0659891 0.959468 -0.168595 0.225824 0.954963 -0.193719 0.224764 0.935314 -0.237566 0.262203 0.939786 -0.237893 0.245377 0.932427 -0.287083 0.21946 0.936037 -0.274405 0.22031 0.997852 -0.065398 0.00373385 0.997569 -0.065619 0.0234706 0.943522 -0.28728 0.165032 0.953592 -0.250682 0.166794 0.959534 -0.245972 0.137085 0.961375 -0.245818 0.123821 0.95567 -0.280647 0.0890632 0.949594 -0.30073 0.088497 0.976612 -0.00339578 -0.214984 0.977572 -0.00340222 -0.210575 0.990622 -0.0101174 -0.136257 0.874354 -0.403481 0.269644 0.876242 -0.358845 0.321605 0.80586 -0.437604 0.398865 0.489785 -0.203549 0.847749 0.420676 -0.309394 0.852823 0.391869 -0.51974 0.75915 0.332366 -0.478452 0.812783 0.6716 0.354978 -0.650342 0.715726 0.288656 -0.635936 0.586729 0.491607 -0.643484 0.615923 0.523582 -0.588642 0.749173 -0.00722961 0.662334 0.749175 -0.00687777 0.662336 0.749189 0.00328567 0.662348 0.74919 0.00293382 0.662349 -0.662355 0.00254385 0.749186 -0.662355 0.00218516 0.749187 -0.662335 -0.00817576 0.749163 -0.662337 -0.00781708 0.749166 -0.749187 0.00247827 -0.662354 -0.749187 0.00249596 -0.662354 -0.749186 0.00300698 -0.662353 -0.749186 0.00298929 -0.662353 0.662342 -0.00756069 -0.749164 0.662344 -0.00720568 -0.749166 0.662358 0.00304896 -0.749182 0.662358 0.00269395 -0.749182 -0.887462 -0.292575 -0.356105 -0.878823 -0.3015 -0.369822 -0.87261 -0.312376 -0.375463 -0.853534 -0.351485 -0.384627 -0.580495 -0.811642 -0.0652945 -0.561802 -0.816755 -0.131493 -0.374358 -0.848724 -0.373529 -0.417261 -0.860215 -0.293129 -0.575228 -0.683931 -0.448721 -0.588725 -0.657203 -0.470623 -0.549872 -0.49457 -0.673083 -0.562725 -0.598043 -0.570688 -0.874203 0.3168 -0.367977 -0.873872 0.310195 -0.374334 -0.863841 0.327167 -0.383068 -0.853812 0.351038 -0.384417 -0.585023 0.808956 -0.0577772 -0.549976 0.821692 -0.149495 -0.34124 0.84642 -0.408813 -0.411911 0.860595 -0.29951 -0.57419 0.67219 -0.467404 -0.585374 0.635004 -0.504091 -0.554543 0.509378 -0.65804 -0.561196 0.590681 -0.579789 -0.918552 0 0.3953 -0.920579 0 0.390556 -0.963677 0 0.267071 -0.959685 0 0.281079 -0.939758 0 0.341839 -0.93984 0 0.341613 -0.91286 0 0.408273 -0.918445 0 0.395548 -0.961995 0 0.273067 -0.958483 0 0.285148 -0.938014 0 0.346597 -0.934624 0 0.355637 -0.82187 -0.407184 -0.398411 -0.873029 -0.326032 -0.362662 -0.356647 -0.873491 -0.331385 -0.511659 -0.84851 -0.135039 -0.552306 -0.626216 -0.550283 -0.55785 -0.670594 -0.488986 -0.836919 0.385106 -0.388921 -0.862881 0.343631 -0.370613 -0.364384 0.873556 -0.322683 -0.524299 0.843522 -0.11654 -0.549197 0.607462 -0.573909 -0.557238 0.664357 -0.498111 -0.890717 0.454153 0.0191738 -0.807731 0.582256 0.0924604 -0.771773 0.624762 0.118488 -0.853568 0.518083 0.0548814 -0.457911 0.869497 -0.185182 -0.363207 0.917403 0.162642 -0.316887 0.904948 0.283991 -0.419452 0.907587 -0.0186011 -0.709822 0.542487 0.449288 -0.714808 0.515586 0.472462 -0.716396 0.505625 0.48075 -0.712359 0.529504 0.46062 -0.890722 -0.454144 0.0191689 -0.807737 -0.582247 0.0924555 -0.77178 -0.624754 0.118483 -0.853573 -0.518074 0.0548765 -0.45791 -0.869501 -0.185165 -0.363214 -0.917403 0.162625 -0.316898 -0.904953 0.283964 -0.419452 -0.907587 -0.0185996 -0.709814 -0.54253 0.449249 -0.714804 -0.515615 0.472436 -0.716393 -0.50565 0.480727 -0.712353 -0.52954 0.460587 -0.862849 0 -0.505462 -0.860967 0 -0.50866 -0.860453 0 -0.50953 -0.861434 0 -0.50787 -0.859985 0 -0.510319 -0.859864 0 -0.510524 -0.930068 0 0.367388 -0.930119 0 0.367259 -0.93012 0 0.367257 -0.930113 0 0.367274 -0.930125 0 0.367242 -0.930083 0 0.367351 0.0465392 -0.984182 0.170941 0.0515951 -0.984371 0.168378 0.0612194 -0.984381 0.165066 0.698986 -0.488353 -0.522427 0.683273 -0.538056 -0.493593 0.854328 -0.394506 -0.338362 -0.0789131 -0.82306 -0.562446 -0.160917 -0.870396 -0.465314 -0.160917 -0.870396 -0.465314 -0.160646 -0.919734 -0.358166 -0.183307 -0.949863 -0.253295 -0.0993232 -0.898614 -0.42735 -0.143951 -0.988024 0.0555544 -0.0893423 -0.989489 0.113706 0.0189791 -0.98841 0.150616 0.0110259 -0.985488 0.169384 0.0488535 -0.983277 0.175441 0.0259743 -0.985823 0.165766 0.105562 -0.994153 -0.0227169 0.0264983 -0.991765 -0.125297 -0.015681 -0.999693 -0.0192039 0.117993 -0.993004 0.00452896 0.144874 -0.988749 -0.0372441 0.0956767 -0.993867 0.0554404 0.425307 -0.748977 -0.508082 0.4684 -0.687318 -0.555154 0.381149 -0.80222 -0.45953 0.443042 -0.809926 -0.384362 0.437621 -0.816031 -0.377599 0.368733 -0.820689 -0.436469 0.14252 -0.495983 -0.856556 0.336428 -0.631824 -0.698294 0.356442 -0.706318 -0.611608 0.32145 -0.584279 -0.745176 0.199808 -0.786793 -0.583981 0.0394639 -0.884749 -0.464395 0.0435477 -0.911231 -0.409588 0.207701 -0.831477 -0.515273 -0.406289 -0.909326 0.0897458 -0.187133 -0.958362 -0.215696 -0.0903591 -0.965676 -0.243527 -0.396071 -0.917809 -0.0274572 -0.41819 -0.905558 0.0712929 -0.35684 -0.931488 0.0706822 -0.304005 -0.942325 0.140021 -0.220351 -0.962094 0.16069 -0.252434 -0.966844 0.0385859 -0.365663 -0.928384 0.0662777 -0.220149 -0.965709 0.137627 -0.152856 -0.986523 0.0583692 -0.0472123 -0.996464 -0.0694978 -0.042211 -0.998839 -0.0232296 0.154224 -0.984703 0.0810859 0.301306 -0.953515 -0.00489778 -0.564404 0.542898 -0.62186 -0.568809 0.559174 -0.603142 -0.587508 0.648556 -0.483952 -0.584131 0.62788 -0.514351 -0.389226 0.84912 -0.357069 -0.424835 0.848314 -0.316035 -0.610006 0.790659 -0.0524514 -0.570368 0.812851 -0.118125 -0.838394 0.366881 -0.403105 -0.8467 0.354394 -0.396868 -0.89145 0.278244 -0.357627 -0.881195 0.297252 -0.367608 -0.5641 -0.541793 -0.623098 -0.567325 -0.553561 -0.609683 -0.582632 -0.619737 -0.5258 -0.57949 -0.604098 -0.547043 -0.354191 -0.847553 -0.395226 -0.394938 -0.84916 -0.350645 -0.606521 -0.792912 -0.0585096 -0.561787 -0.816763 -0.131504 -0.832483 -0.375515 -0.407382 -0.842462 -0.360821 -0.400083 -0.895341 -0.270734 -0.35365 -0.883396 -0.293265 -0.365524 -0.853911 0 -0.520419 -0.853572 0 -0.520975 -0.853392 0 -0.52127 -0.853124 0 -0.521708 -0.853839 0 -0.520537 -0.854085 0 -0.520134 0.797011 -0.342166 -0.49769 0.783551 -0.0215984 -0.620952 0.809382 -0.00392602 -0.58727 0.825965 -0.226964 -0.516013 -0.532816 -0.342576 -0.773788 -0.651105 -0.0359196 -0.758137 -0.693684 -0.340015 0.634974 -0.652786 -0.0882094 0.752389 -0.677775 -0.0495148 0.7336 -0.72063 -0.225514 0.655619 0.667397 -0.33783 0.663666 0.781233 -0.104643 0.615406 0.766296 -0.0608748 0.639597 0.688654 -0.224009 0.68962 0.807371 0.499525 0.314048 0.899363 0.34589 0.267407 0.919847 0.317094 0.23094 0.902815 0.231014 0.36271 0.956291 0.0901169 0.278183 0.980589 -0.0169873 0.195338 0.709035 0.00908579 -0.705115 0.710956 -0.00993937 -0.703166 -0.388008 0.00171097 -0.921654 -0.603433 0.0519719 -0.795718 0.985142 -0.0430501 0.166257 0.820628 0.190928 0.538625 0.820659 0.190874 0.538596 0.985678 -0.047435 0.161829 0.929718 -0.135246 0.34254 0.938734 -0.210128 0.273177 0.915684 -0.363387 0.171675 0.867368 -0.419818 0.267255 0.874851 -0.417236 0.246068 0.809179 -0.561294 0.173719 0.275372 0.860116 0.429383 0.295053 0.821826 0.487386 -0.837125 -0.0572036 0.544012 -0.661479 -0.00473256 0.749949 -0.55674 0.48308 0.675777 0.925015 -0.190772 -0.328562 0.173581 0.027744 -0.984429 0.172378 -0.120724 -0.977605 0.170721 -0.182825 -0.96821 0.167889 -0.255395 -0.952148 0.17345 -0.047692 -0.983687 0.173425 0.0505886 -0.983547 -0.16665 0.280981 0.945133 -0.108854 0.779125 0.617345 -0.0847633 0.872769 0.480718 -0.0956228 0.834718 0.542311 -0.0979802 0.82561 0.555669 -0.120253 0.721412 0.681985 -0.836462 0 0.548025 -0.848148 0 0.529759 -0.853226 0 0.521541 -0.850854 0 0.525403 -0.850541 0 0.525909 -0.851679 0 0.524064 0.98941 0 -0.145145 0.990193 0 -0.139706 0.990729 0 -0.135854 0.989076 0 -0.147404 0.991756 0 -0.128143 0.993447 0 -0.114294 0.379272 0 -0.925285 0.380997 0 -0.924576 0.383047 0 -0.923729 0.384255 0 -0.923227 0.379787 0 -0.925074 0.380954 0 -0.924594 0.0996455 0 -0.995023 0.0999702 0 -0.99499 0.0973644 0 -0.995249 0.0867586 0 -0.996229 0.110562 0 -0.993869 0.115618 0 -0.993294 -0.0454763 -0.362341 -0.930936 -0.0366253 -0.36314 -0.931015 -0.0277716 -0.36391 -0.93102 -0.0366254 -0.36314 -0.931014 -0.0813576 0.93148 -0.354578 -0.0836474 0.93737 -0.338143 -0.0607548 0.938092 -0.341015 -0.0515506 0.938479 -0.341468 0.119851 0.885727 -0.448469 0.119848 0.8857 -0.448522 0.0996622 0.900715 -0.422823 0.0992153 0.896003 -0.432821 0.0723195 0.922677 -0.378731 0.0752247 0.922691 -0.378129 0.08011 0.919436 -0.384994 0.0660689 0.920577 -0.384933 0.0345778 0.898872 -0.436844 0.0345852 0.89896 -0.436662 0.0561709 0.898538 -0.435286 0.0571367 0.909498 -0.411764 0.992142 0.056795 -0.111487 0.991254 -0.114618 0.0653991 0.990192 -0.105752 0.0913071 0.98929 0.0467062 -0.138286 0.980393 -0.196562 -0.0139169 0.993048 -0.10054 0.0612083 0.991966 -0.0926232 0.0861701 0.978201 -0.203551 -0.0411132 0.990761 -0.0343237 0.131207 0.991104 -0.0355117 0.128263 0.993303 -0.0441596 0.106768 0.992654 -0.0413779 0.113695 0.930093 0.0755206 -0.359478 0.930485 0.0734924 -0.358883 0.99674 -0.0727004 0.0349816 0.996749 -0.0733242 0.033398 0.989785 -0.0311173 0.139131 0.9899 -0.0314834 0.138226 0.9646 0.0303721 0.261963 0.964336 0.0269851 0.263304 0.995413 -0.0937897 -0.0189052 0.995284 -0.0946645 -0.0211567 0.994175 -0.101023 -0.0375626 0.994566 -0.0989794 -0.0322818 0.930781 -0.284892 -0.229092 0.930074 -0.2884 -0.227569 0.978352 -0.143531 -0.149088 0.978746 -0.142813 -0.147177 0.954183 -0.177543 -0.240858 0.953927 -0.177836 -0.241657 0.938627 -0.127416 0.320538 0.938713 -0.127075 0.32042 0.0804705 0.927619 -0.364756 0.0804705 0.92762 -0.364755 0.271065 0.94957 -0.15761 0.271065 0.949571 -0.157605 0.0802397 0.927563 -0.36495 0.0802607 0.927561 -0.36495 0.0809429 0.940915 -0.328827 0.0809309 0.940916 -0.328827 0.0804675 0.927593 -0.364824 0.0804675 0.927593 -0.364824 -0.102749 0.982011 -0.158417 -0.102749 0.982012 -0.158417 0.0803441 0.927554 -0.36495 0.080344 0.927554 -0.36495 0.0796247 0.912817 -0.400532 0.0796248 0.912817 -0.400532 0.0789949 0.896706 -0.43552 -0.260947 0.962846 0.0695289 0.0808786 0.952926 -0.292215 0.423949 0.902883 0.0712014 0.902494 -0.0580338 0.426776 0.744684 0.479251 -0.464505 0.744684 0.479251 -0.464505 0.744684 0.479251 -0.464505 0.880383 -0.329434 -0.341172 0.661694 -0.711516 0.236443 0.661694 -0.711516 0.236443 0.661694 -0.711516 0.236443 0.922197 0.0696787 0.380391 0.662045 -0.662082 0.351204 0.662045 -0.662082 0.351204 0.662045 -0.662082 0.351204 0.885944 0.0136241 -0.463592 0.77316 0.61466 -0.156261 0.77316 0.61466 -0.156261 0.77316 0.61466 -0.156261 -0.0500338 0.930984 -0.361615 -0.0311994 0.931468 -0.362482 0.0797502 0.919812 -0.38417 0.0789386 0.910966 -0.404857 0.104602 0.925152 -0.3649 0.0759366 0.927925 -0.364951 0.076508 0.884216 -0.460769 0.0786105 0.907256 -0.413168 -0.971608 0.0395559 0.233264 -0.973519 0.0525427 0.222484 -0.9735 0.0555245 0.221842 -0.971486 0.0426144 0.233235 -0.688185 -0.02238 -0.72519 -0.695826 -0.0573367 -0.715918 -0.694886 -0.0489886 -0.717449 -0.688114 -0.0265714 -0.725116 0.283918 -0.0258405 -0.9585 0.27908 -0.0242983 -0.959961 0.278394 -0.0276065 -0.96007 0.33336 -0.0271661 -0.942408 0.9723 -0.0120152 -0.233428 0.971443 -0.0163059 -0.23671 0.971826 -0.0101344 -0.235482 0.972305 -0.0115312 -0.23343 0.688324 0.00914819 0.725346 0.686042 0.0147982 0.727412 0.686827 0.00988289 0.726754 0.688322 0.00948607 0.725343 -0.233597 0.0393134 0.971538 -0.292361 0.0432268 0.95533 -0.292015 0.0413749 0.955518 -0.283785 0.0404888 0.958033 -0.971584 0.0401989 0.233258 -0.971599 0.0398043 0.233262 -0.688189 -0.0221423 -0.725194 -0.688185 -0.0223863 -0.72519 0.357809 -0.0285241 -0.933359 0.283911 -0.0268033 -0.958476 0.202618 0.826976 0.524458 0.0497339 0.907122 0.417918 0.0477737 0.914635 0.401447 0.187 0.854835 0.484033 0.2828 -0.897053 -0.339589 0.408442 -0.863661 -0.295406 0.420015 -0.855165 -0.303776 0.278974 -0.899973 -0.334995 -0.283778 0.0410603 0.95801 -0.208177 0.0400018 0.977273 0.981709 4.8292e-07 0.19039 0.947385 1.24778e-07 0.320098 0.955819 1.01529e-07 0.293955 0.969626 5.41063e-07 0.24459 0.939143 -3.53467e-07 0.343526 0.989023 -4.89314e-07 0.147765 -0.082732 0.935287 0.344085 -0.0768839 0.92942 0.360927 0.123369 -0.938731 -0.321813 0.12404 -0.928251 -0.350662 -0.302313 0.0446958 0.95216 -0.300732 0.040766 0.952837 0.681563 0.0209592 0.731459 0.68426 0.0127653 0.729126 0.969686 -0.023344 -0.243239 0.970868 -0.0137236 -0.239221 0.275739 -0.0196888 -0.961031 0.273765 -0.0243418 -0.961488 -0.709545 -0.0743714 -0.700724 -0.704347 -0.0545668 -0.707756 -0.97606 0.0514549 0.211326 -0.976086 0.0520719 0.211056 -0.669334 0 0.742962 0.26285 0 0.964837 0.261337 0 0.965248 -0.660005 0 0.751261 0.959037 0 0.28328 0.959227 0 0.282635 0.742214 0 -0.670162 0.743723 0 -0.668488 -0.176522 0 -0.984297 -0.172473 0 -0.985014 -0.607563 0 -0.794271 -0.600363 0 -0.799728 -0.958268 0 0.28587 -0.954233 0 0.299063 0.142006 -0.866025 -0.47941 0.142006 -0.866025 -0.47941 0.142006 -0.866025 -0.47941 0.142006 -0.866025 -0.47941 0.344182 -0.866023 0.36269 0.344182 -0.866023 0.36269 0.344182 -0.866023 0.36269 0.344182 -0.866023 0.36269 0.97237 0 -0.233443 0.97237 0 -0.233443 0.97237 0 -0.233443 0.97237 0 -0.233443 0.142004 0.866028 -0.479407 0.142004 0.866027 -0.479408 0.142004 0.866027 -0.479408 0.142004 0.866027 -0.479408 0.344188 0.866017 0.362696 0.344184 0.866021 0.362691 0.344174 0.866029 0.362681 0.344178 0.866026 0.362686 0.972371 0 -0.233439 0.972371 0 -0.233439 0.972371 0 -0.233439 0.972371 0 -0.233439 0.97237 0 -0.233445 0.972368 0 -0.233453 0.97237 0 -0.233446 0.97237 0 -0.233443 0.972367 0 -0.233456 0.972372 0 -0.233438 -0.508645 0.0395564 0.860067 -0.517716 0.0525428 0.853938 -0.518164 0.0555246 0.853477 -0.508581 0.0426149 0.859959 -0.999695 -0.0223798 -0.0104623 -0.998354 -0.0573364 0.00147785 -0.998799 -0.0489882 -0.000263263 -0.999592 -0.0265712 -0.0104612 -0.490743 -0.0258408 -0.870921 -0.495158 -0.0242983 -0.868463 -0.495714 -0.0276065 -0.868047 -0.444778 -0.0271664 -0.895229 0.509007 -0.0120152 -0.860678 0.506054 -0.0163069 -0.862348 0.507202 -0.0101362 -0.861768 0.50901 -0.0115312 -0.860683 0.999903 0.00914811 0.010473 0.999799 0.0147984 0.0135499 0.999873 0.00988304 0.0125283 0.9999 0.00948599 0.0104729 0.535122 0.0393134 0.84386 0.482587 0.0432269 0.874781 0.482962 0.0413757 0.874663 0.490496 0.0404888 0.870502 -0.508632 0.0401994 0.860045 -0.50864 0.0398048 0.860059 -0.9997 -0.0221421 -0.0104623 -0.999695 -0.0223861 -0.0104623 -0.421266 -0.0285244 -0.906489 -0.49073 -0.0268036 -0.870899 0.517632 0.826976 0.21947 0.33473 0.907122 0.25512 0.321537 0.914635 0.245065 0.477733 0.854835 0.202554 -0.0470644 -0.897052 -0.439412 0.0721002 -0.86366 -0.498892 0.074143 -0.855164 -0.513028 -0.0464277 -0.899973 -0.433467 0.490484 0.0410603 0.870482 0.556931 0.0400018 0.829595 0.819903 4.82907e-07 -0.572503 0.889166 1.24775e-07 -0.457585 0.876261 1.01524e-07 -0.481836 0.850416 5.41049e-07 -0.52611 0.900258 -3.53464e-07 -0.435356 0.794386 -4.89314e-07 -0.607413 0.189522 0.935286 0.298866 0.205686 0.929419 0.306387 -0.145248 -0.938732 -0.312548 -0.165498 -0.928251 -0.333106 0.473385 0.0446939 0.879721 0.474971 0.0407664 0.879057 0.999588 0.02096 0.0195832 0.99979 0.0127657 0.0160224 0.500143 -0.023344 -0.865628 0.50385 -0.0137259 -0.863682 -0.498251 -0.0196886 -0.866809 -0.499954 -0.0243415 -0.86571 -0.99699 -0.0743717 0.0219038 -0.998422 -0.0545665 0.0132773 -0.527498 0.051455 0.847997 -0.527709 0.0520714 0.847827 0.0677393 0 0.997703 0.875797 0 0.48268 0.875036 0 0.484058 0.0801977 0 0.996779 0.870836 0 -0.491573 0.870509 0 -0.492153 0.0352579 0 -0.999378 0.0375016 0 -0.999297 -0.829693 0 -0.558219 -0.827391 0 -0.561627 -0.993198 0 -0.11644 -0.992105 0 -0.125411 -0.461585 0 0.887096 -0.449302 0 0.89338 -0.245452 -0.866027 -0.435604 -0.245452 -0.866027 -0.435604 -0.245452 -0.866027 -0.435604 -0.245452 -0.866027 -0.435604 0.499978 -0.866022 0.00523358 0.499978 -0.866022 0.00523358 0.499978 -0.866022 0.00523358 0.499978 -0.866022 0.00523358 0.509045 0 -0.86074 0.509044 0 -0.86074 0.509045 0 -0.86074 0.509044 0 -0.86074 -0.245453 0.86603 -0.435597 -0.245453 0.86603 -0.435597 -0.245453 0.86603 -0.435598 -0.245453 0.86603 -0.435598 0.499986 0.866018 0.0052364 0.499979 0.866022 0.00523633 0.499965 0.86603 0.00523618 0.499971 0.866026 0.00523625 0.509049 0 -0.860737 0.509049 0 -0.860737 0.509049 0 -0.860737 0.509049 0 -0.860737 0.509037 0 -0.860745 0.509036 0 -0.860745 0.509042 0 -0.860742 0.509044 0 -0.860741 0.509035 0 -0.860746 0.509046 0 -0.860739 </float_array>
          <technique_common>
            <accessor count="3029" offset="0" source="#meshId0-tangents-array" stride="3">
              <param name="X" type="float" />
              <param name="Y" type="float" />
              <param name="Z" type="float" />
            </accessor>
          </technique_common>
        </source>
        <source id="meshId0-bitangents" name="meshId0-bitangents">
          <float_array id="meshId0-bitangents-array" count="9087"> -0.421206 0.699423 0.577401 -0.409801 0.448299 0.794412 -0.422666 0.627258 0.654141 -0.553877 0.443609 0.704579 -0.471311 0.250565 0.845626 -0.493514 0.297545 0.817258 -0.437252 0.14284 0.887923 -0.363946 0.0374323 0.930668 -0.312528 -0.0317102 0.949379 -0.198163 -0.188517 0.961869 -0.209447 -0.173971 0.96222 -0.065346 -0.34909 0.934808 -0.377356 -0.2106 0.901804 -0.288661 -0.0844057 0.953704 -0.254774 -0.0383104 0.966241 -0.147369 0.104512 0.983545 -0.129694 0.127242 0.983356 -0.0122675 0.272274 0.962142 0.0223505 0.444399 0.89555 -0.0441029 0.340961 0.939042 0.105847 0.564374 0.818705 -0.0953532 0.724608 0.682533 -0.172154 0.499619 0.848966 -0.0827142 0.754075 0.65156 -0.38213 -6.74254e-08 -0.924109 -0.382111 -6.74255e-08 -0.924116 0.160027 -6.74812e-08 -0.987113 0.160025 -6.74812e-08 -0.987113 -0.810825 -6.73091e-08 -0.585288 -0.810804 -6.73093e-08 -0.585318 -0.996154 0.0458447 -0.0746622 -0.995199 0.0457623 -0.0865199 -0.788307 0.0800816 0.610048 -0.77496 0.079285 0.627017 -0.719349 0.080446 0.689975 -0.719559 0.080455 0.689754 0.786106 -6.76717e-08 0.618092 0.775624 -6.75827e-08 0.631196 0.693379 -6.75632e-08 0.720573 0.693378 -6.75632e-08 0.720574 0.965727 -6.72256e-08 0.25956 0.965718 -6.72254e-08 0.259595 0.956826 -6.73883e-08 -0.29066 0.956832 -6.73882e-08 -0.290643 0.65546 -6.74782e-08 -0.75523 0.655466 -6.74782e-08 -0.755225 -0.0648443 0.957155 0.282222 -0.16666 0.95696 0.237596 -0.0230907 0.997597 0.0653162 -0.027023 0.997753 0.061305 -0.251218 0.955607 0.153966 -0.0408449 0.996287 0.0757928 -0.300403 0.952702 0.0460124 -0.0787204 0.993604 0.0809553 -0.30733 0.948231 -0.0800319 -0.121781 0.991173 0.0523915 -0.25489 0.953393 -0.161473 -0.129079 0.991355 0.023522 0.15135 0.988205 -0.0233013 0.232772 0.972504 0.00728582 0.11354 0.992204 0.0513692 0.130673 0.991312 0.0149976 0.267719 0.953232 0.14027 0.0534244 0.993521 0.10031 0.170955 0.954367 0.244862 0.00121132 0.995138 0.0984809 0.0511277 0.956028 0.288784 -0.0231247 0.996732 0.0773976 0.300847 -0.59973 -0.741495 0.293488 -0.506842 -0.81054 0.290241 -0.475128 -0.83067 0.434161 -0.448762 -0.7811 0.341036 -0.246669 -0.90711 0.367874 -0.301753 -0.879553 -0.0354455 0.998195 0.0484905 -0.208517 0.875287 0.43634 -0.211002 0.874341 0.437042 -0.0218608 0.998125 0.0571775 -0.0484817 0.998 0.040555 -0.391602 0.873901 0.288002 -0.390221 0.875653 0.284535 -0.0647061 0.99749 0.0287555 -0.48409 0.872118 0.071188 -0.475846 0.87685 0.0685954 -0.0903046 0.995892 -0.00664969 -0.429322 0.890662 -0.149679 -0.451045 0.877755 -0.16157 0.134675 0.99031 0.0338827 0.479678 0.877378 -0.0108521 0.442547 0.896728 0.00561429 0.0293102 0.998578 0.0445278 0.0296572 0.997928 0.0571031 0.416362 0.877541 0.237833 0.429759 0.869005 0.24523 0.114744 0.988464 0.0988605 -0.00307365 0.997889 0.064875 0.250317 0.877042 0.410047 0.254473 0.871793 0.418594 0.0196463 0.997424 0.0689867 0.0236064 0.876311 0.481168 0.0223653 0.873027 0.487159 0.371662 -0.225466 -0.900573 0.196376 0.0177465 -0.980368 0.277067 -0.0907073 -0.956559 0.196542 0.0178759 -0.980332 0.00700457 0.258287 -0.966043 0.118059 0.120537 -0.985664 0.0479294 0.285443 -0.957196 -0.0753707 0.477005 -0.875663 0.0202069 0.330369 -0.943636 0.0983124 0.602544 -0.792007 0.0612473 0.606504 -0.792718 0.0972756 0.489501 -0.86656 0.0962555 0.538808 -0.836912 0.253066 0.589108 -0.767404 0.273653 0.513855 -0.81306 0.286229 0.475897 -0.831622 0.295661 0.600278 -0.743136 0.430969 0.450252 -0.78201 0.338094 0.24867 -0.907665 0.364656 0.303247 -0.880379 0.369079 0.227282 -0.901179 0.193889 -0.0157988 -0.980896 0.274307 0.0923479 -0.957198 0.194025 -0.0159053 -0.980868 0.00433291 -0.256492 -0.966537 0.115233 -0.118897 -0.986197 0.0448917 -0.283449 -0.957936 -0.0788065 -0.475586 -0.876132 0.0168077 -0.328915 -0.94421 0.0807057 -0.533936 -0.841665 0.0571894 -0.606307 -0.793172 0.0943113 -0.489067 -0.867133 0.0121748 0.999926 -0.000552713 -0.00704099 0.99993 -0.00946542 -0.0331065 0.988143 0.149922 -0.0895607 0.988087 0.125155 0.0179157 0.999553 0.0239143 -0.133068 0.987602 0.0832806 0.000598563 0.998767 0.049636 -0.16072 0.986631 0.0269776 -0.0718879 0.997124 0.0239988 -0.163095 0.985854 -0.038632 -0.110426 0.993531 -0.0265104 -0.0990601 0.994479 -0.0346198 -0.152084 0.985949 -0.0691025 0.0420244 0.99805 0.0461522 0.029815 0.998504 0.0458447 0.00157428 0.99813 0.0611119 0.0826217 0.996464 0.0152358 0.289053 0.95357 -0.084577 0.22776 0.973682 -0.00827487 -0.0197933 0.99851 0.0508591 -0.0233332 0.997918 0.0601195 0.138361 0.987461 0.0760076 -0.0305458 0.99927 0.0229405 -0.0271308 0.99916 0.0307096 0.0938933 0.98746 0.126914 -0.0252841 0.99968 0.000426494 0.0311458 0.987901 0.151924 -0.046423 0.998884 0.00866675 -0.0153304 0.999828 -0.0104111 -0.0413749 0.988874 0.142888 0.00736528 0.987945 0.154627 -0.0556537 0.997006 0.0536825 0.0634943 0.986014 0.154096 -0.0181576 0.995801 0.0897243 0.128461 0.984814 0.116788 0.0749102 0.99408 0.0786999 0.153783 0.98652 0.0559445 0.0480066 0.9691 -0.24195 0.0368654 0.977133 -0.209409 0.0399387 0.976513 -0.211725 0.0452605 0.969634 -0.240338 0.081685 0.948269 -0.306779 0.0867985 0.946878 -0.309659 0.127354 0.990946 0.0425057 0.142469 0.989523 0.0233785 -0.0804993 0.905494 -0.416654 -0.0613207 0.928734 -0.365639 -0.0550638 0.933523 -0.354264 -0.0799269 0.90594 -0.415793 -0.166863 0.795082 -0.583097 -0.167999 0.793724 -0.584618 -0.0823839 0.995187 0.0530625 -0.118211 0.992986 0.00216955 -0.262952 0.947788 -0.180429 -0.236326 0.969154 -0.0699317 -0.00786334 0.995492 0.0945237 -0.161818 0.984528 0.067234 0.027705 0.998245 0.0523289 -0.119149 0.987306 0.105024 0.0210597 0.99975 0.0075676 -0.0809798 0.988823 0.125188 -0.125684 0.690016 0.712798 -0.144034 0.558557 0.816865 -0.146502 0.536852 0.830859 -0.131818 0.650956 0.747583 0.170838 0.179149 -0.968876 0.162609 0.350827 -0.922214 0.16241 0.353876 -0.921084 0.17083 0.179406 -0.96883 0.133096 0.642268 -0.754836 0.129948 0.663298 -0.736987 0.0537299 0.950925 -0.304721 0.0415282 0.970982 -0.235521 -0.0522693 0.95362 0.296442 -0.0655386 0.926038 0.371696 0.0607793 0.936742 -0.344702 0.0923182 0.846973 -0.523559 0.093731 0.841811 -0.531571 0.0618354 0.934447 -0.350692 0.138506 0.603159 -0.785503 0.143698 0.561435 -0.814949 0.173594 -0.0252346 -0.984494 0.172586 -0.110489 -0.978778 0.146794 -0.534227 -0.832498 0.140773 -0.585509 -0.798349 0.12401 -0.70002 -0.703273 0.118815 -0.729286 -0.673814 0.0295989 0.985365 -0.167869 0.0308376 0.984104 -0.174894 0.176071 -0.501031 -0.84733 -0.142027 -0.464836 -0.873931 -0.24717 -0.441588 -0.862501 0.0738034 -0.494925 -0.865796 -0.541592 -0.831246 -0.125334 -0.649494 -0.745363 -0.150305 -0.683375 -0.712732 -0.158146 -0.578157 -0.804881 -0.133796 0.846441 0.3565 -0.395532 0.890048 0.322549 -0.322144 0.903201 0.310349 -0.296497 0.861532 0.345696 -0.371829 0.976691 0.0769289 0.200389 0.975222 0.0803166 0.206136 0.97471 0.081471 0.208094 0.976214 0.0780405 0.202275 0.705787 0.703149 0.0862906 0.597579 0.798474 0.0730609 0.557817 0.827157 0.0681995 0.671932 0.736043 0.0821513 0.4841 0.452996 -0.748626 0.309637 0.485824 -0.817374 0.247583 0.493001 -0.834058 0.428824 0.465579 -0.774175 0.671381 0.440335 -0.596115 0.52494 0.477397 -0.704649 0.470858 0.486266 -0.736096 0.625922 0.454175 -0.633992 0.190352 0.980727 0.0440511 -0.0668919 0.99764 -0.01548 -0.153549 0.987502 -0.035534 0.107478 0.993896 0.0248724 -0.352105 0.498495 0.792165 -0.650291 0.447051 0.614221 -0.733781 0.417 0.536355 -0.454705 0.488489 0.744729 -0.927582 -0.214391 0.305986 -0.944026 -0.192838 0.267636 -0.949157 -0.185391 0.254424 -0.933201 -0.207374 0.293482 0.974287 0.191247 0.119118 0.9737 0.194257 0.119047 0.973498 0.195283 0.119022 0.974096 0.192234 0.119095 0.936064 -0.203668 -0.286887 0.928321 -0.213486 -0.304374 0.925583 -0.216812 -0.310305 0.933572 -0.206899 -0.292637 0.132638 0.645364 -0.752271 0.0563825 0.945826 -0.319742 0.0479936 0.961052 -0.272169 0.130201 0.661623 -0.738446 -0.0449269 0.965948 0.254805 -0.0544945 0.94948 0.30906 -0.128453 0.672897 0.728498 -0.132947 0.643298 0.753985 -0.146506 0.536743 0.830929 -0.147915 0.523767 0.838922 0.170413 0.191809 -0.966524 0.162048 0.359129 -0.919112 0.161752 0.363527 -0.917434 0.17036 0.193367 -0.966223 0.173647 0.00141342 -0.984807 0.143821 -0.560375 -0.815657 0.139052 -0.598971 -0.788605 0.173346 -0.0587718 -0.983106 0.120362 -0.7208 -0.682613 0.116791 -0.74003 -0.662356 0.0225433 0.991537 -0.127851 0.0598013 0.938829 -0.339151 0.0614064 0.935387 -0.348254 0.0243039 0.990157 -0.137836 0.0901962 0.854516 -0.511534 0.0914393 0.850123 -0.518584 0.140668 0.586317 -0.797775 0.144423 0.555213 -0.819073 0.107925 -0.499537 -0.859543 0.461246 -0.473046 -0.750653 0.557065 -0.451977 -0.696703 0.217958 -0.498808 -0.838859 0.52156 -0.848244 0.0919668 0.660356 -0.74187 0.116441 0.698831 -0.704593 0.123225 0.565892 -0.818419 0.0997838 -0.633357 0.333535 -0.698293 -0.709041 0.293481 -0.641194 -0.730763 0.280566 -0.622308 -0.657299 0.321619 -0.681557 -0.995109 0.0520168 -0.0839745 -0.995623 0.0582686 -0.0730698 -0.995749 0.0601854 -0.0697208 -0.995284 0.0539364 -0.0806293 -0.724511 0.677321 -0.127747 -0.637865 0.761891 -0.11247 -0.60937 0.785572 -0.107446 -0.699068 0.704351 -0.123261 -0.270656 0.455175 -0.84827 0.0126109 0.495187 -0.868695 0.0993383 0.499333 -0.860696 -0.186108 0.47147 -0.862021 -0.457392 0.404443 -0.791971 -0.236215 0.462279 -0.854693 -0.165682 0.474835 -0.864339 -0.392262 0.424624 -0.815981 -0.215476 0.97577 -0.0379931 0.119543 0.992605 0.0210781 0.219599 0.974821 0.0387201 -0.115346 0.993117 -0.020338 0.070605 0.487679 0.870163 0.430181 0.413224 0.802615 0.5286 0.378907 0.759613 0.18202 0.472161 0.862515 0.741096 -0.274166 0.612871 0.783941 -0.245603 0.570189 0.796387 -0.236616 0.556579 0.754597 -0.26553 0.600064 -0.958105 0.231282 -0.168948 -0.965492 0.197081 -0.17025 -0.967521 0.186536 -0.170608 -0.960497 0.220816 -0.169369 -0.796988 -0.236169 -0.555908 -0.782087 -0.246908 -0.572168 -0.777419 -0.250174 -0.577089 -0.792466 -0.23948 -0.560934 0.131676 0.651879 -0.746804 0.0613105 0.935591 -0.347721 0.046406 0.963627 -0.263191 0.127801 0.676974 -0.724826 -0.0362647 0.977949 0.205673 -0.0555101 0.947526 0.314823 -0.127671 0.677795 0.724081 -0.13817 0.605672 0.783626 -0.155026 0.450455 0.879237 -0.159752 0.391888 0.906037 0.170096 0.201033 -0.964704 0.162325 0.355083 -0.920634 0.162262 0.356028 -0.92028 0.170194 0.198269 -0.965258 0.173609 0.0215453 -0.984579 0.146557 -0.53634 -0.831181 0.136794 -0.615959 -0.775811 0.172972 -0.0882454 -0.980965 0.115816 -0.745079 -0.656844 0.105568 -0.793968 -0.598724 0.0501971 0.957307 -0.284682 0.0545179 0.949439 -0.309181 0.0526098 0.953002 -0.29836 0.0485886 0.960055 -0.275559 0.0865919 0.866801 -0.491078 0.0884517 0.860552 -0.501625 0.142083 0.574924 -0.805776 0.148474 0.518606 -0.842023 0.163075 -0.499959 -0.850557 -0.0987288 -0.484357 -0.869282 -0.228407 -0.463799 -0.855991 0.0322392 -0.496454 -0.867464 -0.44034 -0.894467 -0.0776439 -0.519939 -0.849269 -0.0916794 -0.558458 -0.823667 -0.0984714 -0.481026 -0.872594 -0.0848181 0.769666 0.372131 -0.51878 0.908498 0.271639 -0.317558 0.95461 0.213687 -0.207503 0.846615 0.324656 -0.421714 0.936153 0.0981127 0.337627 0.932776 0.102903 0.345456 0.931036 0.105319 0.349399 0.934458 0.100534 0.341586 0.689162 0.714345 0.121518 0.631429 0.767399 0.111338 0.600762 0.792379 0.105931 0.660534 0.741707 0.11647 0.517297 0.461605 -0.720642 0.288889 0.49492 -0.819511 0.166598 0.499932 -0.84989 0.406032 0.482117 -0.776338 0.645789 0.425284 -0.634106 0.510701 0.463076 -0.724393 0.437061 0.477277 -0.762354 0.5798 0.445864 -0.681936 0.194319 0.98034 0.0342635 -0.0667784 0.997698 -0.0117748 -0.196903 0.979808 -0.0347191 0.0641484 0.997876 0.011311 -0.331681 0.491201 0.805425 -0.587521 0.443679 0.676733 -0.698047 0.40553 0.590149 -0.464481 0.472451 0.749031 -0.828028 -0.337561 0.447686 -0.836213 -0.332011 0.436482 -0.840277 -0.329179 0.430786 -0.832186 -0.334766 0.442038 0.961782 0.214974 0.16959 0.973411 0.151692 0.17164 0.977753 0.119483 0.172406 0.968156 0.183115 0.170714 0.925862 -0.252605 -0.281017 0.925633 -0.252873 -0.28153 0.925517 -0.253009 -0.281789 0.925746 -0.25274 -0.281276 0.136217 0.620194 -0.772531 0.0582731 0.94201 -0.330486 0.0440927 0.967225 -0.250064 0.132721 0.644841 -0.752705 -0.0510771 0.955768 0.289653 -0.0678893 0.920415 0.385003 -0.148146 0.521684 0.840178 -0.156185 0.437048 0.885774 -0.171333 0.162537 0.971713 -0.173109 0.0783316 0.981783 0.171799 0.145313 -0.974356 0.164488 0.320394 -0.932894 0.164706 0.316663 -0.934129 0.171964 0.138689 -0.975291 0.173234 -0.0690055 -0.98246 0.128652 -0.671633 -0.729629 0.117546 -0.736048 -0.666646 0.171294 -0.16409 -0.971459 0.0784401 -0.892154 -0.444869 0.0648773 -0.92758 -0.367949 0.0133361 0.997047 -0.075627 0.024168 0.990268 -0.137058 0.0219845 0.991954 -0.124675 0.0111482 0.997937 -0.0632187 0.0780931 0.893169 -0.442889 0.0803672 0.886454 -0.455786 0.143328 0.564556 -0.812855 0.148929 0.514236 -0.844619 -0.0230266 -0.492393 -0.870068 0.199221 -0.499379 -0.843167 0.395338 -0.483637 -0.780899 0.181898 -0.499742 -0.846859 0.236021 -0.970856 0.0416167 0.291101 -0.955314 0.0513288 0.34103 -0.938127 0.0601326 0.286848 -0.95664 0.0505788 -0.813764 0.223469 -0.536517 -0.858541 0.185677 -0.477946 -0.894613 0.149694 -0.421021 -0.85526 0.188671 -0.482632 -0.987546 0.13992 0.0719467 -0.994716 0.10255 0.00495931 -0.996095 0.0675474 -0.0568452 -0.994369 0.105486 0.0101829 -0.628173 0.770149 -0.110763 -0.614629 0.781336 -0.108375 -0.601967 0.791436 -0.106143 -0.615689 0.780475 -0.108562 -0.258139 0.457836 -0.850735 -0.166083 0.474775 -0.864295 -0.0798688 0.486633 -0.869948 -0.173324 0.473605 -0.863514 -0.422691 0.41555 -0.805388 -0.343085 0.438043 -0.83091 -0.267391 0.455876 -0.848928 -0.349389 0.436406 -0.829143 -0.232437 0.971748 -0.0409843 -0.0640689 0.997881 -0.0112969 0.0929088 0.99554 0.0163821 -0.0774093 0.996906 -0.0136492 -0.0738851 0.49851 0.863729 0.107184 0.483284 0.868877 0.27104 0.455094 0.84819 0.0930168 0.485067 0.869516 0.337673 -0.439431 0.832392 0.337637 -0.439441 0.832402 0.337605 -0.439449 0.832411 0.33764 -0.43944 0.832401 -0.980032 0.0983588 -0.172808 -0.981016 0.0876682 -0.172981 -0.981822 0.0778 -0.173124 -0.980943 0.0884999 -0.172969 -0.789557 -0.24159 -0.564122 -0.805862 -0.229539 -0.545801 -0.820365 -0.218273 -0.528543 -0.804615 -0.230483 -0.547241 0.129386 0.666873 -0.733853 0.0565219 0.945524 -0.320608 0.0334737 0.981238 -0.189872 0.124622 0.69632 -0.706829 -0.0666559 0.923384 0.378046 -0.0988432 0.822142 0.560635 -0.160757 0.377938 0.911768 -0.17079 0.180231 0.968683 -0.173004 -0.0854975 0.981203 -0.165669 -0.299509 0.9396 0.173219 0.0695688 -0.982423 0.16335 0.339089 -0.926464 0.161779 0.363217 -0.917552 0.172894 0.0926234 -0.980576 0.172126 -0.132093 -0.976178 0.121761 -0.712979 -0.690532 0.100358 -0.816085 -0.569151 0.165299 -0.306327 -0.937465 0.0501349 -0.957419 -0.284316 0.00868431 -0.998749 -0.049243 -0.0334483 0.981275 0.189684 0.0202354 0.993186 -0.114767 0.0220985 0.991869 -0.125333 -0.0328201 0.981979 0.186121 0.0741594 0.904217 -0.420585 0.082254 0.880692 -0.466493 0.129493 0.666247 -0.734402 0.144151 0.557546 -0.817534 0.0602112 -0.49793 -0.865125 -0.0600467 -0.488823 -0.870314 -0.31119 -0.445961 -0.839214 -0.194892 -0.469955 -0.860906 -0.291483 -0.955194 -0.0513962 -0.690633 -0.712879 -0.121777 -0.850133 0.504781 -0.149901 -0.983456 0.0523832 -0.173409 0.989637 0.131721 -0.0571691 0.97201 0.181953 -0.148623 0.898749 0.281324 -0.336313 0.939133 0.23607 -0.249602 0.980246 0.0138979 0.197292 0.996013 -0.065295 0.060789 0.945662 -0.227111 -0.232689 0.983308 -0.153831 -0.0971659 0.536969 0.838271 0.094682 0.559144 0.823187 0.098592 0.604638 0.789333 0.106614 0.58335 0.805681 0.10286 0.37855 0.485878 -0.787796 0.260673 0.496801 -0.827791 -0.00185599 0.49413 -0.869386 0.122399 0.4998 -0.857449 0.625499 0.432091 -0.649652 0.631893 0.429994 -0.644838 0.645258 0.425469 -0.634522 0.638956 0.427627 -0.63943 0.196299 0.979933 0.0346131 0.103058 0.994509 0.018172 -0.0970456 0.995133 -0.0171119 -0.0028276 0.999996 -0.000498586 -0.207441 0.49915 0.841319 -0.461912 0.472923 0.750321 -0.881682 0.296903 0.366722 -0.724419 0.394181 0.565542 -0.620292 -0.433763 0.65352 -0.886189 -0.292943 0.358962 -0.833368 0.207684 -0.512216 -0.984181 0.00205408 -0.177152 0.978156 0.116026 0.172477 0.953729 0.249237 0.16817 0.843909 0.515437 0.148805 0.904785 0.394857 0.159539 0.952179 -0.217484 -0.214607 0.996222 -0.0762157 0.0416168 0.783992 0.245567 0.570134 0.929543 0.107365 0.352735 -0.984808 -0 -0.173648 -0.984808 -0 -0.173648 -0.984808 -0 -0.173647 -0.984808 -0 -0.173648 -0.984808 -0 -0.173648 -0.984808 -0 -0.173648 -0.984808 -0 -0.173648 -0.984808 -0 -0.173648 2.53357e-07 1 -1.43687e-06 2.53357e-07 1 -1.43687e-06 2.53357e-07 1 -1.43687e-06 2.53357e-07 1 -1.43687e-06 -0.984808 0 -0.173648 -0.984808 4.62895e-06 -0.173648 -0.984808 4.81644e-06 -0.173648 -0.984808 1.87489e-07 -0.173648 -3.385e-07 -1 1.91973e-06 -4.97846e-07 -1 2.82342e-06 -5.08793e-07 -1 2.88551e-06 -3.49447e-07 -1 1.98181e-06 -0.984808 0 -0.173646 -0.984808 0 -0.173647 -0.984808 0 -0.173649 -0.984808 0 -0.173648 0.984808 1.28333e-06 0.173648 0.984808 1.13436e-06 0.173648 0.984808 -0 0.173648 0.984808 1.48965e-07 0.173648 -0.173647 -1.28332e-06 0.984808 -0.173647 -1.13435e-06 0.984808 -0.173647 0 0.984808 -0.173647 -1.48964e-07 0.984808 -0.984808 0 -0.173647 -0.984808 0 -0.173647 -0.984808 0 -0.173647 -0.984808 0 -0.173647 0.17365 0 -0.984807 0.17365 1.48966e-07 -0.984807 0.17365 1.28333e-06 -0.984807 0.17365 1.13436e-06 -0.984807 0.984808 -0 0.173647 0.984808 -0 0.173647 0.984808 -0 0.173647 0.984808 -0 0.173647 0.173647 3.83914e-06 -0.984808 0.173647 3.83914e-06 -0.984808 0.173647 3.83914e-06 -0.984808 0.173647 3.83914e-06 -0.984808 -0.984808 3.81831e-06 -0.173647 -0.984808 4.4322e-07 -0.173647 -0.984808 0 -0.173647 -0.984808 3.37509e-06 -0.173647 -0.173647 0 0.984808 -0.173647 0 0.984808 -0.173647 0 0.984808 -0.173647 0 0.984808 0.984808 1.30898e-06 0.173648 0.984808 1.30898e-06 0.173648 0.984808 1.30898e-06 0.173648 0.984808 1.30898e-06 0.173648 0.17365 1.3085e-06 -0.984807 0.17365 2.44683e-06 -0.984807 0.17365 2.59632e-06 -0.984807 0.17365 1.45799e-06 -0.984807 -0.984808 -0 -0.173647 -0.984808 1.13833e-06 -0.173647 -0.984808 1.28781e-06 -0.173647 -0.984808 1.49486e-07 -0.173647 -0.173647 1.2878e-06 0.984808 -0.173647 1.2878e-06 0.984808 -0.173647 1.2878e-06 0.984808 -0.173647 1.2878e-06 0.984808 0.984808 0 0.173648 0.984808 0 0.173648 0.984808 0 0.173648 0.984808 0 0.173648 -0.173647 0 0.984808 -0.173647 3.03583e-07 0.984808 -0.173647 2.61535e-06 0.984808 -0.173647 2.31177e-06 0.984808 -0.984808 -2.61538e-06 -0.173647 -0.984808 -2.61538e-06 -0.173647 -0.984808 -2.61538e-06 -0.173647 -0.984808 -2.61538e-06 -0.173647 0.173652 -2.61539e-06 -0.984807 0.173652 -2.3118e-06 -0.984807 0.173652 0 -0.984807 0.173652 -3.03588e-07 -0.984807 -0.819159 0 0.573567 -0.81916 0 0.573565 -0.819161 0 0.573563 -0.81916 0 0.573565 0.819152 1.46456e-05 -0.573576 0.819152 2.82852e-05 -0.573576 0.819152 2.92913e-05 -0.573576 0.819152 1.56518e-05 -0.573576 -9.07504e-07 -1 -1.29605e-06 -6.2345e-08 -1 -8.90379e-08 0 -1 0 -8.45159e-07 -1 -1.20701e-06 0.819152 -4.39365e-05 -0.573576 0.819152 -3.02971e-05 -0.573576 0.819152 -2.92909e-05 -0.573576 0.819152 -4.29303e-05 -0.573576 -6.36733e-06 1 -9.09348e-06 -7.21719e-06 1 -1.03072e-05 -7.27988e-06 1 -1.03967e-05 -6.43002e-06 1 -9.18302e-06 0.819145 0 -0.573586 0.819148 0 -0.573582 0.819151 0 -0.573577 0.819148 0 -0.573582 0 1 0 0 1 0 0 1 0 0 1 0 -6.51765e-06 1 -9.30826e-06 -6.51765e-06 1 -9.30826e-06 -6.51765e-06 1 -9.30826e-06 -6.51765e-06 1 -9.30826e-06 9.30823e-06 1 -6.51768e-06 9.30823e-06 1 -6.51768e-06 9.30823e-06 1 -6.51768e-06 9.30823e-06 1 -6.51768e-06 6.51773e-06 1 9.30828e-06 6.51773e-06 1 9.30828e-06 6.51773e-06 1 9.30828e-06 6.51773e-06 1 9.30828e-06 0.81915 -2.73302e-06 -0.573579 0.81915 -2.30798e-06 -0.573579 0.81915 0 -0.573579 0.81915 -4.25039e-07 -0.573579 0.573576 1.63985e-05 0.819152 0.573576 1.46982e-05 0.819152 0.573576 5.46592e-06 0.819152 0.573576 7.16614e-06 0.819152 -0.819155 5.46602e-06 0.573573 -0.819155 4.61595e-06 0.573573 -0.819155 0 0.573573 -0.819155 8.5007e-07 0.573573 -0.573575 0 -0.819153 -0.573575 -4.25027e-07 -0.819153 -0.573575 -2.73297e-06 -0.819153 -0.573575 -2.30794e-06 -0.819153 -0.819152 0 0.573576 -0.819152 0 0.573576 -0.819152 0 0.573576 -0.819152 0 0.573576 -0.573573 -0 -0.819155 -0.573573 -0 -0.819155 -0.573573 -0 -0.819155 -0.573573 -0 -0.819155 0.81915 0 -0.573579 0.81915 0 -0.573579 0.81915 0 -0.573579 0.81915 0 -0.573579 0.573576 0 0.819152 0.573576 0 0.819152 0.573576 0 0.819152 0.573576 0 0.819152 3.78661e-05 -1 -2.65141e-05 2.60882e-05 -1 -1.82671e-05 -3.7867e-05 -1 2.65147e-05 -2.60891e-05 -1 1.82677e-05 0 -1 0 -1.05644e-06 -1 -1.50876e-06 -6.793e-06 -1 -9.70144e-06 -5.73656e-06 -1 -8.19269e-06 2.84779e-05 -1 -1.99406e-05 1.96203e-05 -1 -1.37384e-05 -2.84774e-05 -1 1.99402e-05 -1.96198e-05 -1 1.3738e-05 1.31473e-05 -1 1.87764e-05 1.41696e-05 -1 2.02365e-05 1.97209e-05 -1 2.81647e-05 1.86986e-05 -1 2.67046e-05 0.81416 -0.11026 -0.570075 0.81416 -0.11026 -0.570075 0.81416 -0.110259 -0.570075 0.81416 -0.110259 -0.570075 0.573575 -5.96046e-08 0.819153 0.573575 -2.64496e-07 0.819153 0.573575 -2.48104e-06 0.819153 0.573575 -2.27615e-06 0.819153 -0.814159 0.110256 0.570078 -0.814159 0.110256 0.570078 -0.814159 0.110256 0.570078 -0.814159 0.110256 0.570078 -0.573579 -3.00631e-06 -0.81915 -0.573579 -2.94298e-06 -0.81915 -0.573579 -2.25753e-06 -0.81915 -0.573579 -2.32458e-06 -0.81915 0.814157 -0.110261 -0.570079 0.814157 -0.110261 -0.570079 0.814157 -0.110261 -0.570079 0.814157 -0.110261 -0.570079 0.573576 -1.0021e-06 0.819152 0.573576 -9.49949e-07 0.819152 0.573576 -3.98606e-07 0.819152 0.573576 -4.5076e-07 0.819152 -0.814158 0.110258 0.570078 -0.814158 0.110257 0.570078 -0.814158 0.110257 0.570078 -0.814158 0.110257 0.570078 -0.573583 -1.8701e-06 -0.819147 -0.573583 -1.91107e-06 -0.819147 -0.573583 -2.36183e-06 -0.819147 -0.573583 -2.31713e-06 -0.819147 -0.573595 0 -0.819139 -0.57359 0 -0.819142 -0.573585 0 -0.819146 -0.57359 0 -0.819142 -0.573563 0 -0.819161 -0.57356 0 -0.819164 -0.573557 0 -0.819166 -0.57356 0 -0.819164 -0.813718 0.139172 0.564352 -0.813718 0.139172 0.564353 -0.813717 0.139172 0.564354 -0.813718 0.139172 0.564354 -0.114004 -0.990268 0.0798258 -0.114004 -0.990268 0.0798258 -0.114004 -0.990268 0.079826 -0.114004 -0.990268 0.079826 0.813721 -0.139172 -0.564349 0.813721 -0.139172 -0.564349 0.813722 -0.139172 -0.564348 0.813721 -0.139172 -0.564348 0.114005 0.990268 -0.0798243 0.114005 0.990268 -0.0798243 0.114005 0.990268 -0.0798245 0.114005 0.990268 -0.0798245 -0.81372 0.139171 0.56435 -0.813721 0.139171 0.564349 -0.813721 0.139171 0.564348 -0.813721 0.139171 0.564349 -0.114 -0.990269 0.0798236 -0.114 -0.990269 0.0798237 -0.114 -0.990269 0.0798238 -0.114 -0.990269 0.0798238 0.81372 -0.139172 -0.56435 0.81372 -0.139172 -0.56435 0.81372 -0.139172 -0.56435 0.81372 -0.139172 -0.56435 0.114007 0.990268 -0.0798284 0.114007 0.990268 -0.0798284 0.114007 0.990268 -0.0798282 0.114007 0.990268 -0.0798282 -0.0871382 -0 -0.996196 -0.0871366 -0 -0.996196 -0.0871351 -0 -0.996197 -0.0871366 -0 -0.996196 0.0871555 0 0.996195 0.0871555 -1.3446e-05 0.996195 0.0871555 -1.44379e-05 0.996195 0.0871555 -9.91877e-07 0.996195 -1.56226e-06 1 1.36681e-07 -1.07327e-07 1 9.38996e-09 0 1 0 -1.45494e-06 1 1.27291e-07 0.0871558 1.44377e-05 0.996195 0.0871558 1.44377e-05 0.996195 0.0871558 1.44377e-05 0.996195 0.0871558 1.44377e-05 0.996195 1.40181e-05 -1 -1.22643e-06 1.69206e-05 -1 -1.48036e-06 1.71347e-05 -1 -1.49909e-06 1.42322e-05 -1 -1.24516e-06 0.0871693 -0 0.996194 0.0871615 -0 0.996194 0.0871538 -0 0.996195 0.0871615 -0 0.996194 3.81891e-06 1 4.36494e-05 3.37225e-06 1 3.85441e-05 9.46845e-07 1 1.08222e-05 1.39351e-06 1 1.59275e-05 1.11828e-05 1 -9.78351e-07 1.11828e-05 1 -9.78351e-07 1.11828e-05 1 -9.78351e-07 1.11828e-05 1 -9.78351e-07 0 1 0 1.47246e-07 1 1.68304e-06 9.4681e-07 1 1.08222e-05 7.99564e-07 1 9.13915e-06 1.08221e-05 1 -9.46799e-07 7.456e-06 1 -6.52308e-07 -1.08222e-05 1 9.46805e-07 -7.45606e-06 1 6.52313e-07 -9.43732e-07 -1 -1.0787e-05 -9.43732e-07 -1 -1.0787e-05 -9.43732e-07 -1 -1.0787e-05 -9.43732e-07 -1 -1.0787e-05 -1.07867e-05 -1 9.43759e-07 -2.26415e-05 -1 1.98098e-06 -8.7014e-05 -1 7.61314e-06 -7.51592e-05 -1 6.57592e-06 -1.88747e-06 -1 -2.15736e-05 -1.88748e-06 -1 -2.15736e-05 -1.88747e-06 -1 -2.15736e-05 -1.88748e-06 -1 -2.15736e-05 -3.27201e-05 -1 2.86259e-06 -2.76315e-05 -1 2.4174e-06 0 -1 0 -5.0886e-06 -1 4.45188e-07 0.0871544 -5.61519e-06 0.996195 0.0871544 -4.74192e-06 0.996195 0.0871544 0 0.996195 0.0871544 -8.73267e-07 0.996195 -0.996195 0 0.0871491 -0.996195 4.36634e-07 0.0871491 -0.996195 2.80759e-06 0.0871491 -0.996195 2.37096e-06 0.0871491 -0.0871549 -8.42301e-06 -0.996195 -0.0871549 -7.5497e-06 -0.996195 -0.0871549 -2.80761e-06 -0.996195 -0.0871549 -3.68091e-06 -0.996195 0.996195 -2.80762e-06 -0.0871547 0.996195 -3.24427e-06 -0.0871547 0.996195 -5.61531e-06 -0.0871547 0.996195 -5.17866e-06 -0.0871547 0.0871577 2.76753e-06 0.996195 0.0871577 2.76753e-06 0.996195 0.0871577 2.76753e-06 0.996195 0.0871577 2.76753e-06 0.996195 -0.996194 2.76752e-06 0.08716 -0.996194 2.33712e-06 0.08716 -0.996194 0 0.08716 -0.996194 4.30404e-07 0.08716 -0.0871544 -0 -0.996195 -0.0871544 -4.30403e-07 -0.996195 -0.0871544 -2.76752e-06 -0.996195 -0.0871544 -2.33712e-06 -0.996195 0.996195 -2.76757e-06 -0.0871547 0.996195 -1.90676e-06 -0.0871547 0.996195 2.76751e-06 -0.0871547 0.996195 1.9067e-06 -0.0871547 0.0866264 0.110258 0.990121 0.0866264 0.110258 0.990121 0.0866264 0.110259 0.990121 0.0866264 0.110259 0.990121 -0.996195 -7.54371e-08 0.0871544 -0.996195 -2.07685e-07 0.0871544 -0.996195 -1.63727e-06 0.0871546 -0.996195 -1.50595e-06 0.0871546 -0.0866235 -0.110259 -0.990121 -0.0866235 -0.110259 -0.990121 -0.0866235 -0.110258 -0.990121 -0.0866235 -0.110258 -0.990121 0.996195 1.96137e-06 -0.0871549 0.996195 1.75927e-06 -0.0871549 0.996195 -4.38653e-07 -0.0871546 0.996195 -2.34693e-07 -0.0871546 0.0866258 0.110261 0.99012 0.0866258 0.110261 0.99012 0.0866258 0.11026 0.990121 0.0866258 0.11026 0.990121 -0.996195 1.58325e-08 0.0871544 -0.996195 1.32248e-07 0.0871544 -0.996195 1.3886e-06 0.0871543 -0.996195 1.27219e-06 0.0871543 -0.086623 -0.110259 -0.990121 -0.086623 -0.110259 -0.990121 -0.086623 -0.110259 -0.990121 -0.086623 -0.110259 -0.990121 0.996195 2.79397e-09 -0.0871547 0.996195 1.27591e-07 -0.0871547 0.996195 1.47056e-06 -0.0871548 0.996195 1.34576e-06 -0.0871548 0.996194 0 -0.0871655 0.996194 0 -0.0871675 0.996194 0 -0.0871696 0.996194 0 -0.0871675 0.996193 0 -0.0871697 0.996193 0 -0.0871735 0.996193 0 -0.0871772 0.996193 0 -0.0871735 0.0818817 0.139173 0.986877 0.0818816 0.139173 0.986877 0.0818806 0.139173 0.986877 0.0818807 0.139173 0.986877 0.0121291 -0.990269 0.138638 0.0121293 -0.990269 0.138638 0.0121313 -0.990269 0.138638 0.0121311 -0.990269 0.138638 -0.081879 -0.139173 -0.986877 -0.0818789 -0.139173 -0.986877 -0.0818784 -0.139173 -0.986877 -0.0818784 -0.139173 -0.986877 -0.0121271 0.990269 -0.138639 -0.0121271 0.990269 -0.138639 -0.012127 0.990269 -0.138639 -0.012127 0.990269 -0.138639 0.0818811 0.139173 0.986877 0.0818811 0.139173 0.986877 0.0818811 0.139173 0.986877 0.0818811 0.139173 0.986877 0.0121231 -0.990269 0.138639 0.0121242 -0.990269 0.138639 0.0121356 -0.990269 0.138638 0.0121344 -0.990269 0.138638 -0.0818765 -0.139173 -0.986878 -0.0818772 -0.139173 -0.986877 -0.0818847 -0.139173 -0.986877 -0.0818839 -0.139173 -0.986877 -0.0121315 0.990269 -0.138638 -0.0121312 0.990269 -0.138638 -0.012129 0.990269 -0.138638 -0.0121292 0.990269 -0.138638 -0.984808 -0 -0.173647 -0.984808 -3.60036e-08 -0.173647 -0.984808 -1.22576e-06 -0.173647 -0.984808 -1.18975e-06 -0.173647 0.173648 -1.22572e-06 -0.984808 0.173648 -1.24372e-06 -0.984808 0.173648 -1.8386e-06 -0.984808 0.173648 -1.8206e-06 -0.984808 0.984807 -1.83859e-06 0.17365 0.984807 -1.85659e-06 0.17365 0.984807 -2.45148e-06 0.17365 0.984807 -2.43348e-06 0.17365 -0.173648 -2.45151e-06 0.984808 -0.173648 -2.3615e-06 0.984808 -0.173648 6.12836e-07 0.984808 -0.173648 5.22828e-07 0.984808 -0.984808 -0 -0.173647 -0.984808 -1.43961e-07 -0.173647 -0.984808 -4.90122e-06 -0.173647 -0.984808 -4.75726e-06 -0.173647 0.173648 -4.89896e-06 -0.984808 0.173648 -5.56487e-06 -0.984808 0.173648 -2.75702e-05 -0.984808 0.173648 -2.69043e-05 -0.984808 0.984808 -2.75539e-05 0.173647 0.984808 -2.72481e-05 0.173647 0.984808 -1.71408e-05 0.173647 0.984808 -1.74467e-05 0.173647 -0.173648 -1.71533e-05 0.984808 -0.173648 -1.72973e-05 0.984808 -0.173648 -2.20565e-05 0.984808 -0.173648 -2.19125e-05 0.984808 0.000182722 1 3.22185e-05 0.000175441 1 3.09347e-05 -6.51657e-05 1 -1.14904e-05 -5.78846e-05 1 -1.02066e-05 -3.89774e-05 1 0.000221053 -4.00561e-05 1 0.000227171 -7.57025e-05 1 0.000429333 -7.46238e-05 1 0.000423215 0.000835667 1 0.00014735 0.000806542 1 0.000142214 -0.000155896 1 -2.74885e-05 -0.000126771 1 -2.23531e-05 5.52019e-05 1 -0.000313068 5.46659e-05 1 -0.000310028 3.69513e-05 1 -0.000209563 3.74874e-05 1 -0.000212603 -0.000123997 -1 -2.18642e-05 -0.000219013 -1 -3.86182e-05 -0.000221889 -1 -3.91252e-05 -0.000126873 -1 -2.23712e-05 -2.30147e-06 -1 1.30523e-05 -9.00306e-06 -1 5.10591e-05 -9.20586e-06 -1 5.22092e-05 -2.50427e-06 -1 1.42025e-05 -0.000261044 -1 -4.60287e-05 4.3007e-05 -1 7.58323e-06 5.2208e-05 -1 9.2056e-06 -0.000251843 -1 -4.44063e-05 -1.15075e-06 -1 6.52623e-06 2.2305e-05 -1 -0.000126498 2.30148e-05 -1 -0.000130524 -4.40945e-07 -1 2.50072e-06 -0.00125425 -0.999999 -0.000221163 0.00106889 -0.999999 0.000188478 0.00113919 -0.999999 0.000200875 -0.00118394 -0.999999 -0.000208767 0.000269709 -0.999999 -0.0015296 0.000209462 -0.999999 -0.00118792 0.000207639 -0.999999 -0.00117758 0.000267886 -0.999999 -0.00151926 0.00127997 -0.999999 0.000225691 0.00118058 -0.999999 0.000208167 0.00117758 -0.999999 0.000207637 0.00127696 -0.999999 0.000225161 -0.000249396 -0.999999 0.00141439 -0.000206675 -0.999999 0.00117211 -0.000205382 -0.999999 0.00116478 -0.000248103 -0.999999 0.00140706 -0.00024792 1 -4.37146e-05 -4.52771e-05 1 -7.98351e-06 -3.91448e-05 1 -6.90224e-06 -0.000241787 1 -4.26334e-05 -2.30076e-06 1 1.30483e-05 -1.18417e-06 1 6.7158e-06 -1.15038e-06 1 6.52416e-06 -2.26697e-06 1 1.28567e-05 1.30483e-05 1 2.30075e-06 -2.49467e-05 1 -4.39875e-06 -2.60965e-05 1 -4.60149e-06 1.18985e-05 1 2.09801e-06 -4.60151e-06 1 2.60966e-05 4.3312e-06 1 -2.45636e-05 4.60152e-06 1 -2.60967e-05 -4.33119e-06 1 2.45636e-05 0.0986729 -0.82361 -0.558506 0.264763 -0.816997 -0.512266 0.264636 -0.81698 -0.512358 0.0986714 -0.82361 -0.558507 -0.61501 -0.5633 0.551775 -0.615223 -0.56328 0.551558 -0.759821 -0.570908 0.311024 -0.759471 -0.570991 0.311725 -0.814902 -0.573568 -0.0833911 -0.814891 -0.573543 -0.0836779 -0.774073 -0.560215 -0.294907 -0.774157 -0.560239 -0.29464 -0.66531 -0.573781 -0.477637 -0.665429 -0.573801 -0.477448 0.245639 -0.403672 -0.881312 0.237488 -0.407286 -0.881883 0.0374188 -0.483751 -0.874406 0.0470391 -0.480596 -0.87568 0.940128 0.168768 -0.296101 0.943949 0.178607 -0.277597 0.890517 0.435801 0.130601 0.897985 0.42731 0.105024 0.818775 0.545866 0.177868 0.812885 0.548819 0.194978 0.828045 0.560565 -0.0104036 0.828033 0.560587 -0.0101496 0.760436 0.564004 -0.321927 0.757181 0.563147 -0.330972 0.637196 0.562008 -0.527378 0.625599 0.55996 -0.543204 0.429475 0.562707 -0.706337 0.42962 0.56272 -0.706239 -0.0700941 -0.816611 -0.572917 -0.0700737 -0.816608 -0.572922 -0.143569 -0.567159 0.810999 0.395039 -0.562859 0.72604 0.3949 -0.56287 0.726107 -0.143518 -0.567159 0.811008 -0.159973 0.56256 -0.811132 -0.159998 0.562562 -0.811125 -0.402513 0.560015 -0.724132 -0.416564 0.561788 -0.714751 -0.579444 0.560246 -0.59192 -0.589236 0.561801 -0.580673 -0.771621 0.559473 -0.30264 -0.771584 0.559461 -0.302755 -0.832408 0.542349 -0.113818 -0.832326 0.541868 -0.11667 -0.866678 0.47152 -0.162909 -0.8665 0.467992 -0.173668 -0.844878 0.308616 -0.436964 -0.847994 0.314581 -0.42655 0.149432 -0.985253 0.0833451 -0.377732 -0.786848 0.488046 -0.640876 -0.430912 0.63529 -0.209358 -0.904949 0.370454 0.339116 -0.427572 -0.837963 0.331703 -0.425426 -0.842013 0.168576 -0.372276 -0.912684 0.17769 -0.375529 -0.909618 0.78844 -0.573767 -0.221708 0.788461 -0.573775 -0.22161 0.828638 -0.559358 -0.0218486 0.828644 -0.559344 -0.0219917 0.800331 -0.571615 0.180902 0.800388 -0.571595 0.180715 0.610759 -0.570445 0.549151 0.61052 -0.57048 0.549379 0.143515 0.567157 -0.811009 0.143563 0.567157 -0.811001 -0.284716 -0.741538 -0.607502 -0.231255 -0.810408 -0.538293 -0.360807 -0.809747 -0.46274 -0.43434 -0.750211 -0.49853 -0.522261 -0.812335 -0.25953 -0.522149 -0.812278 -0.259933 -0.673976 -0.728734 -0.12126 -0.586125 -0.796655 -0.14764 -0.659209 -0.722552 -0.208237 -0.719486 -0.670331 -0.18165 -0.717762 -0.628532 -0.299608 -0.717189 -0.630753 -0.296295 0.196965 -0.774407 0.601247 -0.1399 -0.987515 0.0724029 -0.339428 -0.886436 -0.314674 -0.0274954 -0.964038 0.264339 0.72891 -0.683574 -0.037645 0.745215 -0.665928 0.0345458 0.701322 -0.71219 -0.0305433 0.729453 -0.682949 -0.0384558 0.602998 -0.795249 0.0630298 0.67116 -0.729687 0.130775 0.578806 -0.813505 -0.0565071 0.578852 -0.813435 -0.0570493 0.588134 -0.750951 -0.300284 0.50488 -0.81343 -0.288838 0.405001 -0.81143 -0.421372 0.479689 -0.740593 -0.470554 -0.563659 -0.800026 0.205541 -0.563659 -0.800025 0.205541 -0.563665 -0.800021 0.205543 -0.563664 -0.800022 0.205543 0.38254 0.0606682 0.921945 0.298226 -0.0589924 0.952671 0.34119 0.000664681 0.939994 0.34119 0.000664085 0.939994 0.563638 0.800043 -0.205531 0.563639 0.800043 -0.205531 0.563661 0.800025 -0.205539 0.56366 0.800025 -0.205539 -0.341208 -0.000645086 -0.939987 -0.341209 -0.000645041 -0.939987 -0.341209 -0.000644356 -0.939987 -0.341209 -0.000644386 -0.939987 -0.457064 -0.802253 -0.384035 -0.457065 -0.802252 -0.384036 -0.457129 -0.80219 -0.384089 -0.457128 -0.802191 -0.384089 -0.607272 0.0611437 0.792138 -0.677573 -0.0623135 0.73281 -0.643371 0.00133334 0.765553 -0.643367 0.00132935 0.765557 0.460062 0.798979 0.387266 0.460061 0.79898 0.387265 0.460029 0.799012 0.387238 0.46003 0.799011 0.387239 0.642938 0.000726268 -0.765918 0.642934 0.000730708 -0.765921 0.642835 0.000828132 -0.766005 0.642839 0.000823706 -0.766001 -0.564479 0.799014 0.207219 -0.56448 0.799014 0.207219 -0.564535 0.79897 0.207239 -0.564534 0.79897 0.207239 0.385488 -0.0606095 0.92072 0.299562 0.0610099 0.952124 0.3426 0.00121947 0.939481 0.342605 0.00122379 0.939479 0.56114 -0.802212 -0.203906 0.561139 -0.802213 -0.203905 0.56108 -0.802259 -0.203884 0.561082 -0.802258 -0.203884 -0.342081 0.000832513 -0.93967 -0.342086 0.000828236 -0.939668 -0.342204 0.000735253 -0.939626 -0.342198 0.000739589 -0.939628 -0.466181 0.79497 -0.3882 -0.466181 0.79497 -0.3882 -0.466182 0.794968 -0.3882 -0.466182 0.794969 -0.3882 -0.609758 -0.0647251 0.78994 -0.679282 0.0539635 0.731891 -0.647012 -0.0042243 0.762468 -0.647012 -0.00422421 0.762468 0.466181 -0.794968 0.388201 0.466181 -0.794968 0.388201 0.466184 -0.794966 0.388204 0.466184 -0.794966 0.388203 0.647011 0.00422297 -0.762469 0.647012 0.00422303 -0.762469 0.647013 0.00422493 -0.762467 0.647013 0.00422485 -0.762467 -0.171151 -0.0756586 0.982335 -0.170937 -0.0744291 0.982467 -0.172722 -0.0645156 0.982855 -0.174895 -0.0678847 0.982244 -0.17072 -0.0731962 0.982597 -0.17121 -0.0610475 0.983341 -0.170456 -0.0488545 0.984153 -0.172083 -0.0545657 0.98357 -0.175053 -0.0600365 0.982727 -0.00711976 0.999974 -0.00125536 -0.00677327 0.999976 -0.00119426 0.00323575 0.999995 0.000570527 0.00288925 0.999996 0.000509432 -0.000441732 0.999997 0.0025052 -0.000379446 0.999998 0.00215196 0.0014197 0.999967 -0.00805154 0.00135741 0.999969 -0.00769831 -0.00244061 0.999997 -0.000430348 -0.00245803 0.999997 -0.00043342 -0.00296129 0.999995 -0.000522158 -0.00294386 0.999995 -0.000519086 -0.00131291 0.999971 0.00744585 -0.00125126 0.999974 0.00709625 0.000529449 0.999995 -0.00300265 0.000467803 0.999996 -0.00265303 -0.155802 -0.81041 0.564767 -0.164777 -0.793828 0.585393 -0.17771 -0.789612 0.587309 -0.224836 -0.786653 0.575 0.00416663 -0.289138 0.957278 -0.0247169 -0.232333 0.972322 -0.190138 0.027066 0.981384 -0.144991 -0.0489129 0.988223 0.409642 0.524027 0.746719 0.377901 0.537734 0.75368 0.1702 0.690273 0.703246 0.296842 0.620251 0.726067 -0.184072 0.801252 0.569308 -0.175118 0.79048 0.58692 -0.195361 0.783607 0.58974 -0.224313 0.786855 0.574929 0.00902226 0.296575 0.954967 -0.0368179 0.214225 0.97609 -0.214821 -0.0681344 0.974274 -0.149226 0.0417444 0.987921 0.393533 -0.539001 0.744722 0.347467 -0.563768 0.749287 0.187899 -0.679416 0.709287 0.28764 -0.627264 0.723743 -0.816787 0 -0.576939 -0.813801 0 -0.581144 -0.731007 0 -0.68237 -0.740866 0 -0.671653 -0.782271 0 -0.622938 -0.782122 0 -0.623126 -0.824879 0 -0.565309 -0.816943 0 -0.576718 -0.735227 0 -0.677821 -0.743697 0 -0.668517 -0.785417 0 -0.618967 -0.791356 0 -0.611355 -0.290729 -0.772855 0.564067 -0.196273 -0.810436 0.55197 -0.17941 0.0105226 0.983718 -0.0547175 -0.207673 0.976667 0.331013 0.609058 0.720749 0.387562 0.559823 0.732389 -0.264841 0.784087 0.561308 -0.2166 0.803128 0.55504 -0.173839 -0.000347987 0.984774 -0.0430672 0.227098 0.972919 0.307867 -0.627763 0.714934 0.379447 -0.567209 0.730954 -0.582647 0.797904 -0.154506 -0.700764 0.709845 -0.0710602 -0.738791 0.672736 -0.0401707 -0.642184 0.757954 -0.114483 -0.643704 0.29474 -0.706239 -0.775364 -0.03567 -0.630506 -0.798037 -0.154816 -0.582383 -0.718839 0.13851 -0.681238 -0.212298 -0.740681 -0.637433 -0.225452 -0.759653 -0.609999 -0.23017 -0.766318 -0.599815 -0.218723 -0.750018 -0.624206 -0.582644 -0.797906 -0.154509 -0.700757 -0.709852 -0.0710658 -0.738784 -0.672744 -0.0401773 -0.642178 -0.757958 -0.114488 -0.643709 -0.294736 -0.706237 -0.775361 0.0356507 -0.630511 -0.798034 0.154789 -0.582393 -0.718838 -0.138517 -0.681238 -0.21228 0.74065 -0.637476 -0.225441 0.759633 -0.610027 -0.230162 0.766303 -0.599838 -0.218709 0.749992 -0.624242 0.019508 0 0.99981 0.0157978 0 0.999875 0.0147876 0 0.999891 0.0167148 0 0.99986 0.0138706 0 0.999904 0.0136335 0 0.999907 -0.798996 0 -0.601337 -0.798916 0 -0.601443 -0.798915 0 -0.601444 -0.798923 0 -0.601434 -0.798908 0 -0.601454 -0.798978 0 -0.60136 -0.841434 0.17342 -0.511776 -0.892252 0.169193 -0.41864 -0.759382 0.176006 -0.626387 0.0374494 0.849273 0.526625 0.0181323 0.818687 0.573954 0.241775 0.767478 0.593736 0.875058 0.461519 0.145856 0.917577 0.397447 -0.00942695 0.917577 0.397447 -0.00942695 0.934112 0.273968 -0.22886 0.87739 0.212074 -0.430362 0.944317 0.3287 0.0148766 0.0837733 0.130488 -0.987904 -0.149877 0.139532 -0.978809 -0.289445 0.141312 -0.946706 -0.581999 0.169718 -0.795282 -0.84076 0.178477 -0.511145 -0.538651 0.166476 -0.825918 -0.954801 0.0961479 0.281268 -0.959094 -0.00697733 0.283 -0.999726 -0.0233934 0.000560599 -0.994681 0.102884 -0.00489753 -0.994565 0.103688 -0.00945437 -0.950025 0.106459 0.29346 -0.141604 0.662256 0.735775 -0.132412 0.726047 0.674776 -0.149322 0.596648 0.788489 -0.102058 0.580184 0.808066 -0.103929 0.571569 0.813946 0.0809508 0.559241 0.825043 0.41778 0.839236 0.348055 0.533604 0.67979 0.503143 0.539017 0.602024 0.589091 0.308799 0.789687 0.53013 0.512395 0.575565 0.637319 0.520095 0.461292 0.718826 0.531862 0.406483 0.742896 0.521728 0.508885 0.684716 0.434723 0.399492 -0.807107 0.708376 0.138947 -0.692024 0.900774 0.121184 -0.417038 0.717679 0.390551 -0.576547 0.770509 0.41969 -0.479767 0.790062 0.358479 -0.497287 0.113938 0.301906 -0.946505 0.0706403 0.259991 -0.963024 0.301623 0.218981 -0.927939 0.449334 0.352948 -0.820687 0.14496 0.247849 -0.957892 0.156415 0.144197 -0.977109 -0.937117 -0.0837635 -0.338814 -0.819179 -0.0381918 -0.572265 -0.941645 0.162863 -0.294584 -0.923047 0.189575 -0.334733 0.22872 -0.652951 0.72204 0.248954 -0.639067 0.727746 0.365939 -0.54814 0.752085 0.337866 -0.571706 0.747662 -0.178683 -0.00823345 0.983872 -0.150262 0.037899 0.987919 0.0280259 0.30973 0.950411 -0.015758 0.245656 0.969229 -0.243089 0.765811 0.595349 -0.228025 0.771669 0.593744 -0.137247 0.802277 0.580961 -0.159737 0.79543 0.584615 0.227357 0.653854 0.721653 0.241944 0.643922 0.725829 0.326999 0.580506 0.74571 0.306391 0.596764 0.741618 -0.205298 0.0522085 0.977306 -0.174219 0.000932008 0.984706 0.0239974 -0.303906 0.9524 -0.0247313 -0.232312 0.972327 -0.25354 -0.761621 0.596365 -0.235775 -0.768691 0.594579 -0.128391 -0.804849 0.579426 -0.155013 -0.796915 0.583865 0.0020859 -0 0.999998 0.00143366 -0 0.999999 0.00108754 -0 0.999999 0.000574882 -0 1 0.00194631 -0 0.999998 0.00241896 -0 0.999997 0.801844 0.580565 0.141387 0.798776 0.584909 0.140847 0.795685 0.589237 0.140302 0.798776 0.584909 0.140847 0.1447 0.552819 -0.820642 0.144448 0.555008 -0.819207 0.144194 0.557194 -0.817767 0.144448 0.555008 -0.819207 -0.77293 0.22706 0.592472 -0.812387 0.00272884 0.583112 -0.768103 -0.226977 0.598748 -0.793699 -0.0100315 0.608228 -0.13313 0.642055 0.755011 -0.133412 0.640108 0.756613 -0.133694 0.638156 0.75821 -0.133412 0.640108 0.756613 -0.714177 0.688544 -0.12593 -0.723966 0.677921 -0.127656 -0.733602 0.667155 -0.129355 -0.723966 0.677921 -0.127656 0.736421 -0 0.676523 0.712958 -0 0.701206 0.703426 -0 0.710769 0.733369 -0 0.67983 0.654629 0 -0.75595 0.652276 0 -0.757981 0.651341 0 -0.758785 0.654319 0 -0.756219 -0.594096 0 -0.804394 -0.574219 0 -0.818702 -0.566241 0 -0.824239 -0.591489 0 -0.806313 -0.762929 0 0.646483 -0.79097 0 0.611856 -0.801654 0 0.597789 -0.766721 0 0.64198 -0.769232 0.609219 0.192701 -0.754504 0.624022 0.203276 -0.75122 0.627221 0.205579 -0.763553 0.615017 0.196827 0.162927 0.566575 0.807742 0.183854 0.596695 0.781123 0.188391 0.603134 0.775073 0.171108 0.578431 0.797584 0.870028 0.481457 -0.106071 0.858838 0.498636 -0.117302 0.856322 0.502365 -0.119756 0.865732 0.488171 -0.110446 -0.0867727 0.451535 -0.888024 -0.0922706 0.46011 -0.883054 -0.0934744 0.461982 -0.88195 -0.0889126 0.454877 -0.886105 -0.337706 -0.0783021 0.937989 -0.322044 -0.0795696 0.943375 -0.338451 -0.0784193 0.937711 0.101121 0.790428 0.60415 0.0507791 0.813879 0.578811 0.10139 0.790023 0.604635 0.928003 0.174952 0.328941 0.920032 0.205339 0.33373 0.927778 0.174922 0.329589 0.406527 -0.658057 0.633796 0.40483 -0.641123 0.651977 0.4067 -0.657292 0.634478 0.725518 -0.568932 -0.387221 0.725273 -0.569392 -0.387003 0.725028 -0.569851 -0.386786 0.725273 -0.569392 -0.387003 -0.106517 -0.11352 0.987809 -0.103681 -0.15005 0.983227 -0.103699 -0.150051 0.983225 -0.106535 -0.113522 0.987807 -0.11383 -0.0593157 0.991728 -0.116657 -0.0416333 0.992299 -0.116653 -0.0416326 0.9923 -0.113799 -0.0593112 0.991732 0.439506 -0.700651 0.56207 0.464604 -0.725072 0.508344 0.464318 -0.725668 0.507754 0.438606 -0.703125 0.559678 0.95941 0.118178 0.256059 0.979542 0.095963 0.176888 0.979921 0.0962156 0.174637 0.95893 0.118004 0.257933 0.228312 0.733566 0.640121 0.295715 0.712692 0.6361 0.296376 0.71175 0.636846 0.227829 0.734272 0.639483 -0.301481 -0.095833 0.948644 -0.22252 -0.115486 0.968064 -0.220746 -0.115322 0.96849 -0.29659 -0.0952465 0.950243 -0.112169 0.822349 0.557817 0.145865 0.821332 0.551487 0.145862 0.821332 0.551488 -0.112186 0.822349 0.557814 0.38519 0.820003 0.423348 0.385195 0.820004 0.423342 0.542449 0.81913 0.186484 0.542454 0.819131 0.18646 0.534388 0.838978 -0.102695 0.534913 0.838843 -0.101044 0.46278 0.866088 -0.189014 0.508646 0.853433 -0.11371 -0.473198 0.845251 -0.248262 -0.501619 0.833118 -0.233006 -0.50249 0.83293 -0.231801 -0.530898 0.824397 -0.196259 -0.574123 0.818751 -0.00535896 -0.574141 0.81874 -0.00521412 -0.514266 0.821097 0.247651 -0.514226 0.821092 0.247749 -0.346815 0.822181 0.451374 -0.346798 0.82218 0.451388 0.545918 0.568724 -0.615245 0.129632 0.56882 -0.812182 0.129658 0.56882 -0.812178 0.54589 0.568724 -0.61527 -0.328818 0.568132 -0.75439 -0.328808 0.568133 -0.754394 -0.67669 0.567252 -0.469379 -0.676696 0.567251 -0.46937 -0.822059 0.566671 -0.0557112 -0.822061 0.566669 -0.055685 -0.743497 0.567021 0.354541 -0.743518 0.567023 0.354493 -0.626456 0.581165 0.519423 -0.626453 0.581164 0.519427 0.691441 -0.500404 -0.521061 0.822995 -0.527125 -0.211702 0.823066 -0.527116 -0.211449 0.666865 -0.487303 -0.563761 0.79107 -0.566574 0.230658 0.791063 -0.566572 0.230683 0.578645 -0.567181 0.586069 0.578642 -0.567181 0.586071 0.231914 -0.568097 0.789609 0.231939 -0.568098 0.789601 -0.155974 -0.568821 0.807536 -0.155981 -0.568821 0.807535 -0.50965 -0.568699 0.645631 -0.509718 -0.5687 0.645575 -0.752196 -0.567954 0.334111 -0.75224 -0.567958 0.334005 -0.82293 -0.566203 -0.0468947 -0.8229 -0.566221 -0.0472139 -0.713384 -0.56333 -0.416824 -0.713202 -0.563356 -0.417101 -0.513052 -0.563934 -0.647114 -0.486771 -0.555975 -0.673755 0.396164 0.361812 0.843887 0.588106 0.457845 0.666715 0.589391 0.457999 0.665474 0.396691 0.361846 0.843626 0.789996 0.566525 0.234426 0.790076 0.566542 0.234116 0.790636 0.567994 -0.228644 0.790575 0.568 -0.228838 -0.687629 0.241419 -0.684751 -0.681555 0.255224 -0.685816 -0.6706 0.279137 -0.687297 -0.679232 0.260398 -0.686176 -0.672182 0.409952 -0.616531 -0.670682 0.413585 -0.615738 -0.668351 0.419164 -0.614498 -0.669695 0.415957 -0.615214 0.345803 0.928978 -0.131986 0.348258 0.92456 -0.154612 0.35209 0.915674 -0.193838 0.349133 0.92277 -0.163099 0.139851 0.957597 -0.251891 0.139808 0.957681 -0.251597 0.139741 0.95781 -0.251144 0.139779 0.957736 -0.251404 0.485735 0.863254 0.137311 0.498635 0.856959 0.130325 0.520808 0.845469 0.118074 0.503452 0.854536 0.12769 0.422697 0.904321 -0.0594106 0.435856 0.897674 -0.0648947 0.455906 0.887004 -0.0733067 0.444408 0.893204 -0.0684742 0.272704 0.772423 0.573581 0.284569 0.7636 0.579599 0.305069 0.747763 0.589732 0.289011 0.760233 0.581823 0.393782 0.810164 0.434245 0.397015 0.80732 0.436593 0.401973 0.802903 0.440187 0.399124 0.805449 0.438123 -0.341291 0.627692 0.699659 -0.341022 0.626146 0.701175 -0.340548 0.623444 0.703807 -0.34092 0.625564 0.701743 -0.191824 0.690092 0.697837 -0.192052 0.68686 0.700956 -0.192395 0.681858 0.70573 -0.192199 0.684739 0.702988 -0.87369 0.462924 0.149557 -0.868972 0.473443 0.144012 -0.860411 0.491587 0.134294 -0.867161 0.477378 0.141922 -0.797481 0.556925 0.232072 -0.797647 0.556651 0.232161 -0.797902 0.556228 0.232298 -0.797755 0.556471 0.23222 -0.644385 0.472526 -0.601238 -0.645985 0.469167 -0.602151 -0.646844 0.467353 -0.602639 -0.645189 0.470841 -0.601698 0.137749 0.961517 -0.23772 0.135725 0.965034 -0.22425 0.134622 0.966852 -0.216967 0.136736 0.963306 -0.230964 0.405086 0.912793 -0.0520992 0.394922 0.917464 -0.0479121 0.373742 0.926702 -0.0392381 0.384783 0.92197 -0.0437509 0.339298 0.854127 0.394137 0.339311 0.854117 0.394147 0.339319 0.854111 0.394153 0.339305 0.854122 0.394142 -0.185258 0.762814 0.619511 -0.185946 0.756534 0.626961 -0.186309 0.753117 0.630954 -0.185605 0.759671 0.623258 -0.771719 0.597253 0.218493 -0.761083 0.612682 0.21301 -0.738184 0.643826 0.201423 -0.75024 0.627765 0.207488 -0.927512 0.0594411 0.369037 -0.990143 0.101719 -0.0962772 -0.986717 0.100128 -0.12792 -0.94995 0.0530551 0.307863 -0.882124 0.0759288 -0.464857 -0.499735 0.106017 -0.859666 -0.491853 0.105666 -0.864243 -0.881889 0.0758863 -0.46531 0.591834 0.100904 -0.799719 0.622001 0.0989332 -0.776742 0.940525 0.0874414 0.328279 0.912848 0.0817125 0.400039 -0.0635382 0.0670213 0.995726 -0.16214 0.0576849 0.98508 -0.481119 0.0172654 -0.876486 -0.827886 -0.0460976 -0.558999 -0.867452 -0.0382926 -0.496045 -0.564761 0.0281781 -0.824773 -0.985371 -0.0743809 0.153336 -0.97428 -0.0689602 0.214529 -0.51471 -0.0878809 0.852849 -0.486176 -0.085494 0.869669 0.296692 -0.100158 0.949706 0.309423 -0.0994615 0.945709 0.923208 -0.107039 0.369094 0.924086 -0.106957 0.366913 0.992935 -0.107682 -0.0498419 0.992975 -0.107657 -0.0490979 0.278121 0.914831 0.2928 0.277906 0.914773 0.293188 0.302246 0.891593 0.337208 0.30325 0.891905 0.335477 0.390122 0.62624 0.675003 0.390881 0.626582 0.674246 0.379655 0.671275 0.636594 0.381391 0.672076 0.634709 0.278311 0.913931 0.295422 0.278545 0.913828 0.295517 0.281646 0.895171 0.345464 0.279866 0.895988 0.344791 0.381944 0.623896 0.681816 0.381614 0.624097 0.681816 0.362855 0.676066 0.641305 0.375509 0.66833 0.642127 0.27747 0.914653 0.293972 0.277288 0.914603 0.294301 0.301386 0.891323 0.338688 0.302318 0.891616 0.337084 0.376423 0.619977 0.688429 0.377122 0.620301 0.687754 0.380737 0.671775 0.635419 0.375921 0.669543 0.640622 0.274736 0.915483 0.293958 0.275197 0.915284 0.294147 0.280855 0.895535 0.345164 0.27871 0.896517 0.344352 0.374752 0.628263 0.681797 0.374129 0.628638 0.681793 0.371433 0.670844 0.641877 0.36132 0.676991 0.641195 0.331793 0.795903 0.506411 0.324573 0.799974 0.504671 0.34863 0.794886 0.496601 0.34482 0.793218 0.5019 0.324037 0.800274 0.50454 0.336623 0.79314 0.507556 0.346748 0.794067 0.499224 0.346729 0.794058 0.49925 -0.767273 -0.460162 0.446703 -0.757283 -0.474824 0.448402 -0.747123 -0.489237 0.449949 -0.760036 -0.470833 0.447952 -0.770554 -0.541031 0.336944 -0.770325 -0.541386 0.336898 -0.770203 -0.541575 0.336873 -0.770416 -0.541245 0.336916 -0.0876861 -0.238631 0.967143 -0.0807512 -0.256574 0.963145 -0.0738321 -0.274299 0.958806 -0.0826491 -0.251682 0.964275 -0.119729 -0.403549 0.907091 -0.11865 -0.409722 0.904461 -0.11807 -0.413018 0.903037 -0.119077 -0.407283 0.905506 0.353989 -0.927887 -0.117123 0.377508 -0.921183 -0.0943968 0.400451 -0.913507 -0.0717198 0.371121 -0.923117 -0.100619 0.268671 -0.957739 0.102718 0.275449 -0.955146 0.108737 0.279067 -0.953723 0.111955 0.272772 -0.956182 0.106358 0.289508 -0.860797 -0.418584 0.309995 -0.851605 -0.422696 0.330184 -0.842035 -0.426562 0.304413 -0.854161 -0.421595 0.375115 -0.897908 -0.230326 0.381466 -0.894717 -0.232304 0.384856 -0.892989 -0.233357 0.378957 -0.895985 -0.231523 -0.159796 -0.772431 -0.614668 -0.153134 -0.761149 -0.630239 -0.146453 -0.749632 -0.645448 -0.15496 -0.764263 -0.626011 0.0253832 -0.801743 -0.59713 0.0278452 -0.794301 -0.606887 0.0291613 -0.790266 -0.61207 0.026872 -0.797259 -0.603039 -0.712952 -0.624106 -0.319674 -0.713915 -0.622135 -0.321362 -0.714866 -0.620172 -0.323037 -0.713652 -0.622674 -0.320901 -0.592896 -0.693929 -0.408579 -0.598212 -0.686081 -0.414046 -0.601029 -0.681847 -0.416952 -0.596118 -0.689195 -0.41189 -0.706771 -0.629417 0.322968 -0.713876 -0.620485 0.324621 -0.728258 -0.601766 0.327901 -0.720832 -0.611541 0.326219 -0.108997 -0.46278 0.879747 -0.1084 -0.465943 0.878149 -0.107162 -0.472461 0.874813 -0.107806 -0.469075 0.876554 0.28609 -0.95088 0.118234 0.26186 -0.960249 0.0967016 0.248668 -0.964848 0.085043 0.273968 -0.955719 0.107442 0.315158 -0.925213 -0.21132 0.31597 -0.924876 -0.211581 0.317648 -0.924178 -0.212119 0.316776 -0.924542 -0.211839 0.00915944 -0.847374 -0.530917 0.00928511 -0.847043 -0.531443 0.00954477 -0.846359 -0.532528 0.00940976 -0.846715 -0.531964 -0.561142 -0.737179 -0.376413 -0.551054 -0.749757 -0.366338 -0.545531 -0.756429 -0.360849 -0.556103 -0.743527 -0.371373 -0.660005 -0.0704896 -0.747947 -0.726563 -0.0620749 -0.68429 -0.943725 -0.0582172 0.325568 -0.961855 -0.0641355 0.265935 -0.694594 -0.101584 0.712194 -0.716897 -0.10308 0.689516 -0.366235 -0.0749587 0.927498 -0.366167 -0.0749525 0.927526 0.185913 -0.105373 0.9769 0.173279 -0.105874 0.979166 0.980588 -0.0975249 0.170108 0.974086 -0.0993697 0.203182 0.470441 -0.0841515 -0.87841 0.531548 -0.0892603 -0.842312 -0.282783 0.0452481 0.958116 -0.360223 0.0366328 0.932147 -0.904086 0.064935 0.422389 -0.876296 0.0704381 0.476595 -0.932414 0.0856946 -0.351086 -0.944548 0.0883364 -0.316269 -0.344936 0.0979579 -0.933501 -0.359082 0.0987899 -0.928063 0.473582 0.106897 -0.874239 0.47191 0.106964 -0.875134 0.796417 0.107882 -0.595047 0.796725 0.107899 -0.594632 0.18154 -0.0187754 0.983204 0.084776 -0.0295751 0.995961 0.361434 -0.914783 -0.180381 0.399819 -0.89201 -0.210862 0.399419 -0.891655 -0.213109 0.361364 -0.914724 -0.180824 0.595799 -0.62499 -0.504393 0.574454 -0.671248 -0.468432 0.573425 -0.670413 -0.470882 0.596272 -0.625347 -0.503389 0.362423 -0.913989 -0.182412 0.380645 -0.896103 -0.228273 0.381013 -0.895945 -0.228278 0.362697 -0.913878 -0.182423 0.597433 -0.620405 -0.508105 0.569707 -0.670115 -0.475794 0.557127 -0.678052 -0.479432 0.596967 -0.620712 -0.508278 0.36126 -0.914636 -0.181474 0.399395 -0.891633 -0.213247 0.399108 -0.891377 -0.214848 0.361199 -0.914584 -0.181856 0.590866 -0.621259 -0.514699 0.57215 -0.669376 -0.473899 0.574907 -0.671617 -0.467345 0.591238 -0.621541 -0.51393 0.35902 -0.915358 -0.182278 0.378244 -0.897127 -0.228242 0.382229 -0.895423 -0.228294 0.359551 -0.915145 -0.182299 0.596326 -0.621135 -0.508514 0.564166 -0.673641 -0.477414 0.574265 -0.66718 -0.474437 0.595506 -0.621674 -0.508816 0.48219 -0.797455 -0.362711 0.488981 -0.793667 -0.361926 0.495272 -0.792825 -0.355154 0.497012 -0.79447 -0.348992 0.484997 -0.795897 -0.36239 0.472938 -0.802511 -0.363739 0.497103 -0.794559 -0.348662 0.4972 -0.79465 -0.348317 -0.632919 0.624512 0.457601 -0.634876 0.622529 0.457591 -0.636815 0.620554 0.457579 -0.634342 0.623071 0.457594 -0.662559 0.680814 0.312262 -0.667345 0.675571 0.313457 -0.669892 0.67275 0.314089 -0.665456 0.677648 0.312986 0.00306587 0.459814 0.88801 0.00967234 0.474797 0.880042 0.0162311 0.489522 0.87184 0.00786757 0.470719 0.882248 -0.0920889 0.547504 0.83172 -0.0920755 0.547568 0.83168 -0.0920683 0.547602 0.831659 -0.0920808 0.547543 0.831696 0.793747 0.240606 0.558637 0.793721 0.258272 0.55073 0.793401 0.275722 0.542672 0.793757 0.253454 0.552911 0.722105 0.416178 0.552594 0.720663 0.421087 0.550755 0.719882 0.423709 0.549764 0.721235 0.419147 0.551484 0.0791728 0.92717 -0.36618 0.111228 0.920201 -0.375312 0.142939 0.912223 -0.383951 0.102479 0.922212 -0.372859 0.23172 0.955201 -0.184108 0.22424 0.95746 -0.181622 0.22023 0.958642 -0.180286 0.2272 0.956574 -0.182607 -0.219135 0.862675 -0.45582 -0.212924 0.854198 -0.474351 -0.20666 0.845395 -0.492544 -0.214631 0.856553 -0.469309 -0.0103266 0.894471 -0.447007 -0.00810875 0.889535 -0.456796 -0.00692115 0.886847 -0.462012 -0.00898603 0.8915 -0.452931 -0.614384 0.770073 -0.171812 -0.624737 0.758433 -0.185695 -0.634751 0.746545 -0.199404 -0.621935 0.761646 -0.18191 -0.488985 0.816998 -0.305626 -0.500789 0.805427 -0.317014 -0.507025 0.799099 -0.323057 -0.496145 0.810042 -0.312525 -0.596937 0.746014 0.295177 -0.602536 0.740898 0.296681 -0.613993 0.730187 0.299732 -0.608056 0.73578 0.298155 -0.0747243 0.624988 0.77705 -0.0752596 0.62273 0.778809 -0.0763638 0.618046 0.782424 -0.07579 0.620484 0.780548 0.708099 0.460674 0.53514 0.704226 0.471896 0.530453 0.702089 0.477916 0.527889 0.706169 0.466317 0.532798 0.204076 0.963209 -0.174875 0.197586 0.964954 -0.172695 0.184144 0.968407 -0.168163 0.191138 0.966637 -0.170524 -0.0200464 0.914798 -0.403413 -0.0202782 0.915258 -0.402358 -0.0207573 0.916203 -0.400176 -0.0205082 0.915712 -0.401311 -0.444582 0.856148 -0.263357 -0.441042 0.858994 -0.260022 -0.439127 0.860517 -0.25822 -0.442807 0.85758 -0.261684 -0.490583 0.0871145 -0.867029 -0.548729 0.0820564 -0.831963 -0.963048 0.0645644 0.261475 -0.983335 0.0732522 0.166393 -0.133308 0.0525597 0.98968 -0.197339 0.0589482 0.978562 0.286882 0.100679 0.952661 0.258412 0.102128 0.960621 0.606915 0.0763479 0.791091 0.608718 0.0761597 0.789723 0.938729 0.105405 0.328143 0.935479 0.105781 0.337179 0.652892 0.0986459 -0.751 0.681256 0.100662 -0.725091 0.0220967 -0.0745515 0.996972 -0.0358974 -0.0695136 0.996935 -0.757905 -0.0870747 0.646528 -0.735476 -0.0894342 0.671622 -0.984082 -0.0990875 -0.147527 -0.985962 -0.099818 -0.133846 -0.528285 -0.107229 -0.842269 -0.529641 -0.107284 -0.84141 -0.140077 -0.107107 -0.98433 -0.139074 -0.107142 -0.984469 0.938422 0.0200303 0.344911 0.905151 0.0295196 0.424065 0.653373 -0.040284 0.755964 0.705928 -0.0477918 0.706669 0.361438 0.914786 -0.18036 0.399702 0.891905 -0.211527 0.399294 0.891543 -0.21381 0.361366 0.914725 -0.180813 0.59196 0.622089 -0.512434 0.575526 0.672118 -0.465862 0.574474 0.671265 -0.468383 0.592661 0.62262 -0.510978 0.362339 0.914023 -0.182409 0.380163 0.896309 -0.228267 0.380619 0.896114 -0.228273 0.362607 0.913914 -0.182419 0.596213 0.621209 -0.508556 0.56931 0.670369 -0.475911 0.556301 0.678564 -0.479666 0.595769 0.6215 -0.50872 0.361251 0.914628 -0.181533 0.399415 0.891651 -0.213134 0.399126 0.891393 -0.21475 0.36119 0.914576 -0.181912 0.594788 0.624228 -0.506524 0.572406 0.669584 -0.473296 0.575178 0.671836 -0.466696 0.595059 0.624432 -0.505953 0.358976 0.915375 -0.182275 0.377586 0.897407 -0.228232 0.381472 0.895748 -0.228284 0.359493 0.915168 -0.182296 0.589805 0.625389 -0.5109 0.564801 0.673239 -0.47723 0.57558 0.666326 -0.474043 0.589376 0.625666 -0.511056 0.479771 0.798788 -0.362984 0.48599 0.795343 -0.362275 0.495329 0.792881 -0.354951 0.49703 0.794489 -0.348926 0.484772 0.796022 -0.362416 0.473144 0.8024 -0.363716 0.496105 0.793616 -0.352212 0.496205 0.793711 -0.351858 -0.51519 -0.533795 -0.670554 -0.51204 -0.537854 -0.669723 -0.506517 -0.544893 -0.668231 -0.510852 -0.539376 -0.669405 -0.554192 -0.628668 -0.545571 -0.555657 -0.62654 -0.546528 -0.557905 -0.623255 -0.547993 -0.556613 -0.625146 -0.547151 0.271697 -0.321955 -0.906932 0.274281 -0.331552 -0.902687 0.278706 -0.348182 -0.895037 0.275244 -0.33515 -0.901064 0.198483 -0.497361 -0.844533 0.198479 -0.498372 -0.843938 0.198472 -0.499926 -0.84302 0.198476 -0.499032 -0.843549 0.184727 -0.943246 0.275975 0.206961 -0.941175 0.267129 0.245415 -0.936267 0.251347 0.21529 -0.940255 0.263762 0.201592 -0.979043 0.0288852 0.198215 -0.979694 0.0301824 0.19301 -0.980669 0.0321788 0.196004 -0.980112 0.0310308 0.0408692 -0.899192 0.435642 0.0519834 -0.894972 0.443084 0.071325 -0.887197 0.455844 0.0561591 -0.893339 0.44586 0.194361 -0.939097 0.28341 0.197967 -0.937487 0.286229 0.203509 -0.934966 0.290556 0.200323 -0.936422 0.28807 -0.36283 -0.825425 0.432467 -0.36269 -0.816769 0.448714 -0.362151 -0.801024 0.476662 -0.362605 -0.813443 0.454784 -0.164845 -0.885531 0.43435 -0.166426 -0.878879 0.447072 -0.168791 -0.86828 0.466477 -0.167441 -0.874428 0.455345 -0.697027 -0.717008 -0.00719847 -0.703377 -0.710812 -0.0026328 -0.714274 -0.699846 0.00532323 -0.705746 -0.708465 -0.00091657 -0.631521 -0.76063 0.15041 -0.636388 -0.756113 0.152653 -0.643821 -0.749085 0.156092 -0.639556 -0.753138 0.154117 -0.508029 -0.690597 -0.514765 -0.516593 -0.679808 -0.520569 -0.521164 -0.673927 -0.523651 -0.512342 -0.685201 -0.517693 0.197941 -0.547401 -0.813124 0.197932 -0.547908 -0.812786 0.197927 -0.548181 -0.812603 0.197936 -0.547655 -0.812954 0.187902 -0.981595 0.0341286 0.174377 -0.983895 0.0392914 0.14631 -0.987978 0.0499332 0.16092 -0.985968 0.0444059 0.165258 -0.951218 0.260528 0.163682 -0.95183 0.259284 0.162831 -0.952158 0.258612 0.164467 -0.951525 0.259904 -0.1602 -0.903296 0.397986 -0.160034 -0.903883 0.396717 -0.159945 -0.904199 0.396032 -0.160117 -0.903591 0.397349 -0.578456 -0.805866 0.126366 -0.564005 -0.817014 0.119942 -0.533474 -0.839082 0.106525 -0.549454 -0.827776 0.113522 -0.814128 -0.0802087 0.57512 -0.858259 -0.0717054 -0.508183 -0.829776 -0.0668934 -0.554073 -0.855414 -0.0740461 0.512625 -0.501399 -0.106089 -0.858687 -0.477204 -0.104994 -0.872498 -0.177897 -0.0868552 -0.980209 0.396049 -0.109548 -0.911671 0.398374 -0.109482 -0.910666 -0.17747 -0.086824 -0.980289 0.994309 -0.105255 0.0164741 0.993812 -0.104367 0.0380175 0.304422 -0.0954732 0.947741 0.254004 -0.0921929 0.962799 0.161598 0.0554062 -0.9853 -0.539668 0.0828852 -0.837788 -0.577792 0.0792926 -0.812323 0.100865 0.0492627 -0.99368 -0.986659 0.095279 -0.132009 -0.989434 0.093948 -0.110431 -0.741639 0.104672 0.662582 -0.738354 0.104465 0.666273 0.0414793 0.110022 0.993063 0.0392257 0.110075 0.993149 0.45217 0.103791 0.885872 0.449853 0.103677 0.887065 0.602157 -0.00587838 -0.798356 0.526829 -0.0161674 -0.849818 0.275643 -0.914145 0.297255 0.275425 -0.914083 0.297645 0.30054 -0.891055 0.340142 0.301845 -0.891467 0.337899 0.383317 -0.623152 0.681725 0.384131 -0.623524 0.680927 0.374974 -0.669101 0.641637 0.377197 -0.670137 0.639249 0.27298 -0.916239 0.293238 0.273286 -0.916107 0.293363 0.276927 -0.897328 0.343676 0.277617 -0.897015 0.343938 0.380885 -0.624542 0.681817 0.3807 -0.624655 0.681817 0.366282 -0.67399 0.641541 0.380518 -0.665213 0.642415 0.279049 -0.915083 0.291127 0.278842 -0.915027 0.291499 0.302305 -0.891612 0.337105 0.303062 -0.891847 0.335801 0.379993 -0.621626 0.684971 0.380541 -0.621878 0.684438 0.379625 -0.671262 0.636626 0.374452 -0.668857 0.642197 0.278386 -0.913898 0.295452 0.278873 -0.913685 0.295651 0.282599 -0.894731 0.345823 0.277572 -0.897036 0.34392 0.385792 -0.621535 0.681805 0.384741 -0.622182 0.681809 0.372273 -0.670328 0.64193 0.360667 -0.677384 0.641148 0.33118 -0.796251 0.506264 0.327015 -0.798606 0.505263 0.345652 -0.793585 0.500747 0.342252 -0.792078 0.505447 0.324529 -0.799999 0.504661 0.334382 -0.794425 0.507027 0.345098 -0.793342 0.501513 0.34446 -0.79306 0.502397 -0.7561 0.418659 0.503029 -0.807325 0.360436 0.467239 -0.812859 0.357093 0.460157 -0.766569 0.41392 0.490961 -0.568998 0.448826 0.689055 -0.563652 0.450254 0.692508 -0.454716 0.867599 -0.201259 -0.531806 0.813498 -0.235379 -0.539926 0.807076 -0.238974 -0.4621 0.862921 -0.204527 -0.441991 0.893628 -0.0779349 -0.440312 0.894482 -0.0776389 -0.141241 0.428351 -0.892506 -0.143984 0.411199 -0.900102 -0.137968 0.413465 -0.900006 -0.128414 0.432416 -0.892483 -0.295441 0.449652 -0.842928 -0.298768 0.448884 -0.842164 -0.0752552 -0.48023 -0.873908 -0.032679 -0.495252 -0.868134 -0.0259371 -0.495725 -0.868092 -0.0761345 -0.480103 -0.873902 -0.292454 -0.450336 -0.843605 -0.297065 -0.449278 -0.842557 -0.341529 -0.930003 -0.135839 -0.283309 -0.952386 -0.112683 -0.278507 -0.954024 -0.110773 -0.342395 -0.929634 -0.136184 -0.442547 -0.893343 -0.078033 -0.443818 -0.892693 -0.0782571 -0.744213 -0.462193 0.482208 -0.721134 -0.498122 0.481497 -0.719984 -0.498455 0.482872 -0.744112 -0.46223 0.482328 -0.571595 -0.448123 0.687361 -0.566664 -0.449452 0.690568 -0.302935 0.48376 0.821101 -0.295788 0.48481 0.823085 -0.263748 0.494939 0.827932 -0.264792 0.49486 0.827647 -0.32017 0.947112 0.0216831 -0.319672 0.947281 0.0216494 -0.253595 0.967158 0.0171744 -0.250139 0.968062 0.0169404 -0.402318 0.509014 -0.76095 -0.409238 0.507995 -0.757935 -0.359654 0.538015 -0.762358 -0.355867 0.538294 -0.763936 -0.495892 -0.410455 -0.765257 -0.489118 -0.412681 -0.768413 -0.51177 -0.371854 -0.774478 -0.515277 -0.370471 -0.772813 -0.511417 -0.8592 0.0150862 -0.505101 -0.862932 0.0148999 -0.561005 -0.827647 0.016549 -0.566451 -0.823926 0.0167096 -0.350239 -0.462632 0.814435 -0.355318 -0.461376 0.812946 -0.363904 -0.448178 0.816523 -0.364351 -0.44804 0.8164 -0.0100062 0.377069 -0.926131 -0.0237958 0.289325 -0.956935 -0.0274639 0.265322 -0.963769 -0.509013 0.368617 -0.777835 -0.574751 0.224062 -0.787056 -0.609862 0.126545 -0.782339 -0.629123 0.136465 -0.765233 -0.695183 -0.0329157 -0.718078 -0.738003 -0.20869 -0.641716 -0.115699 0.382295 0.916768 -0.0978733 0.275841 0.956207 -0.0899092 0.229511 0.969145 0.450421 0.36041 0.816839 0.52047 0.209278 0.827836 0.560342 0.101656 0.821999 0.582081 0.112482 0.805313 0.646445 -0.0534083 0.761089 0.691375 -0.229701 0.685009 0.63212 0.739925 -0.230076 0.346579 0.827368 -0.441979 0.313825 0.84337 -0.436166 0.644908 0.72732 -0.234731 0.121219 0.716032 -0.687463 -0.135752 0.708109 -0.692931 -0.135671 0.707964 -0.693095 0.122402 0.709326 -0.694172 -0.51783 0.736923 -0.434507 -0.699697 0.657639 -0.279169 -0.691106 0.6724 -0.265048 -0.512715 0.742993 -0.430215 -0.626843 0.744994 0.22815 -0.51039 0.724969 0.462517 -0.512254 0.723563 0.462659 -0.638602 0.733597 0.23243 -0.122023 0.711493 0.692017 0.0953279 0.63343 0.767905 0.100081 0.642512 0.759712 -0.121651 0.7136 0.68991 0.529809 0.722262 0.444568 0.767057 0.489973 0.414187 0.755545 0.529173 0.386171 0.528009 0.724505 0.443057 0.827214 0.554741 -0.0893275 0.860318 0.494336 -0.124435 0.347606 0.609278 -0.712706 0.344361 0.593061 -0.727801 -0.350348 0.700344 -0.621913 -0.350749 0.699991 -0.622084 -0.753208 0.657374 0.0231938 -0.774464 0.631295 0.0408856 -0.359406 0.67451 0.644876 -0.358754 0.670555 0.649347 0.163637 0.833548 0.527656 0.198468 0.813068 0.547294 0.86686 -0.240495 -0.436711 0.804726 0.0995242 -0.585245 0.849575 -0.0642182 -0.523544 0.800332 0.096396 -0.591758 0.693477 0.358466 -0.624974 0.763994 0.206055 -0.611436 0.249281 0.230292 -0.940651 0.207407 0.382248 -0.900483 0.237507 0.276164 -0.931302 -0.905723 -0.214322 0.365694 -0.845214 0.130186 0.518328 -0.891052 -0.0383421 0.452279 -0.836823 0.123522 0.533357 -0.739433 0.367708 0.563941 -0.804947 0.222308 0.550127 -0.364307 0.268147 0.891839 -0.33608 0.37636 0.863367 -0.359006 0.290256 0.887055 -0.00332486 -0.999994 -0.000586294 -0.00200215 -0.999998 -0.000353052 0.0540777 -0.998491 0.00953586 0.0527569 -0.998564 0.00930296 0.00296419 -0.999854 -0.0168112 0.0030177 -0.999849 -0.0171147 0.00528595 -0.999536 -0.0299788 0.00523246 -0.999546 -0.0296755 0.0167735 -0.999855 0.00295747 0.018303 -0.999827 0.00322715 0.083107 -0.996433 0.0146533 0.0815826 -0.996563 0.0143845 -0.000620175 -0.999994 0.00351717 -0.000665024 -0.999993 0.00377151 -0.00256635 -0.999891 0.0145544 -0.0025215 -0.999895 0.0143001 -0.156819 0 0.987627 -0.156833 0 0.987625 -0.156846 0 0.987623 -0.156833 0 0.987625 -0.35889 -0.928937 -0.0909567 -0.166199 -0.986022 0.0117274 0.157677 -0.987428 -0.0111261 -0.172899 -0.983964 -0.0438193 0.16024 0 -0.987078 0.132446 0 -0.99119 0.12942 0 -0.99159 0.157226 0 -0.987563 0.543613 0.827951 0.137774 0.469131 0.882508 -0.0331017 0.549538 0.834569 -0.0387751 0.625588 0.763873 0.15855 0.263765 -0.0767412 0.961529 0.581816 0 0.81332 0.589936 0 0.80745 0.289373 -0.0810345 0.95378 -0.31065 -0.947924 -0.0702601 -0.381629 -0.920277 -0.0863137 0.309017 -0.0875899 -0.947015 0.442377 -0.290516 -0.848471 0.442644 -0.290825 -0.848226 0.308445 -0.0872134 -0.947236 0.704449 0.69164 0.159327 0.678154 0.718736 0.153379 0.380529 -0.0936701 0.920013 0.358502 -0.090147 0.929166 -0.557971 -0.82468 -0.0925846 -0.39208 -0.917628 -0.0650582 0.257079 -0.0550549 -0.964821 0.24293 -0.0456332 -0.96897 0.657699 0.751233 0.05551 0.730401 0.680231 0.061646 0.703658 -0.00815366 0.710492 0.699687 -0.00812138 0.714404 0.691322 -0.0232881 0.722171 0.787954 0.568923 0.235491 0.346171 -0.191749 -0.918367 -0.599765 -0.745633 -0.290369 0.874619 -1.18092e-06 0.48481 0.874619 -1.15657e-06 0.48481 0.874619 -0 0.48481 0.874619 -2.43426e-08 0.48481 -0.484809 2.00761e-05 0.87462 -0.484809 2.00598e-05 0.87462 -0.484809 1.92883e-05 0.87462 -0.484809 1.93045e-05 0.87462 -0.874621 1.92869e-05 -0.484808 -0.874621 1.90191e-05 -0.484808 -0.874621 6.29523e-06 -0.484808 -0.874621 6.56304e-06 -0.484808 0.484808 6.29635e-06 -0.874621 0.484808 6.14222e-06 -0.874621 0.484808 -1.18029e-06 -0.874621 0.484808 -1.02616e-06 -0.874621 -0.875127 0 -0.483893 -0.875101 0 -0.48394 -0.875075 0 -0.483988 -0.875101 0 -0.48394 -0.127624 -0.988294 -0.0835836 0.0425134 -0.999031 0.0113626 0.0719779 -0.997221 0.0192377 -0.0984851 -0.993046 -0.0644998 0.568568 -0.0177282 -0.822445 0.347354 0 -0.937734 0.348301 0 -0.937383 0.587366 -0.0218561 -0.809026 0.183796 0.975566 0.120372 0.100856 0.994536 0.0269559 0.103383 0.994258 0.0276312 0.204344 0.969708 0.133829 -0.400128 -0.00643948 0.916436 -0.163776 0 0.986497 -0.164394 0 0.986395 -0.378793 -0.00801136 0.925447 -0.13836 -0.986676 -0.085601 -0.160469 -0.982035 -0.0992792 0.561054 -0.0219862 -0.827487 0.547157 -0.017888 -0.836839 0.248385 0.956394 0.153672 0.238337 0.959923 0.147455 -0.315893 -0.0122335 0.948716 -0.334728 -0.0109275 0.942251 -0.245172 -0.960357 -0.132682 -0.212952 -0.970242 -0.115245 0.45805 0.0077017 -0.888893 0.446433 0.0110035 -0.894749 0.264376 0.957328 0.116737 0.282731 0.95104 0.124842 -0.0966038 -0.00146751 0.995322 -0.101074 -0.0014523 0.994878 -0.175222 -0.00345403 0.984523 0.334095 0.911594 0.239536 0.612835 -0.0600576 -0.787925 -0.305268 -0.902608 -0.303497 -0.983254 8.04429e-06 -0.182238 -0.983254 7.87845e-06 -0.182238 -0.983254 -0 -0.182238 -0.983254 1.65838e-07 -0.182238 0.182238 1.94747e-05 -0.983254 0.182238 1.93176e-05 -0.983254 0.182238 1.18569e-05 -0.983254 0.182238 1.2014e-05 -0.983254 0.983255 1.18559e-05 0.182235 0.983255 1.17599e-05 0.182235 0.983255 7.19924e-06 0.182235 0.983255 7.29524e-06 0.182235 -0.182237 7.19671e-06 0.983255 -0.182237 7.21416e-06 0.983255 -0.182237 8.04317e-06 0.983255 -0.182237 8.02572e-06 0.983255 0.983513 -0 0.180837 0.983519 -0 0.180802 0.983526 -0 0.180768 0.983519 -0 0.180802 -0.148678 -0.988114 -0.0390647 0.0441155 -0.999023 -0.00272624 0.07469 -0.997196 -0.00461568 -0.114627 -0.992952 -0.030118 0.277623 -0.0176167 -0.960528 0.0322267 0 -0.999481 0.0332278 0 -0.999448 0.2996 -0.021724 -0.953817 0.211788 0.97573 0.0556468 0.104617 0.994492 -0.00646525 0.107295 0.994205 -0.00663075 0.235318 0.96995 0.0618292 -0.0899508 -0.00635153 0.995926 0.158234 0 0.987402 0.157628 0 0.987499 -0.0666753 -0.00793629 0.997743 -0.164111 -0.985685 -0.0386257 -0.188566 -0.981057 -0.0443817 0.264963 -0.0208341 -0.964033 0.248636 -0.0166942 -0.968453 0.279447 0.957906 0.0657719 0.267106 0.961614 0.0628673 -0.00451768 -0.0118418 0.99992 -0.0242135 -0.0105486 0.999651 -0.282984 -0.957847 -0.049497 -0.246933 -0.96807 -0.0431912 0.143901 0.00986524 -0.989543 0.131039 0.0131583 -0.99129 0.279436 0.959811 0.0260419 0.299433 0.953709 0.0279055 0.214981 -0.00143546 0.976617 0.210572 -0.00142012 0.977577 0.136229 -0.00335206 0.990672 0.385563 0.914988 0.118905 0.323387 -0.0568726 -0.944556 -0.392193 -0.899168 -0.194118 0.51632 0.851231 -0.0939179 0.574027 0.818719 0.0138685 0.643255 -0.435158 -0.629969 0.675922 -0.480183 -0.559064 -0.572741 0.805566 -0.151758 -0.516541 0.83164 -0.203864 -0.438581 -0.475084 -0.762851 -0.396538 -0.439594 -0.805924 0.00541637 0.999974 0.00478854 0.00515278 0.999976 0.0045555 -0.0024616 0.999995 -0.00217627 -0.002198 0.999996 -0.00194322 0.00168494 0.999997 -0.00190582 0.00144735 0.999997 -0.0016371 -0.00541527 0.999966 0.00612518 -0.00517769 0.999969 0.00585646 0.00185669 0.999997 0.0016415 0.00186995 0.999997 0.00165321 0.00225279 0.999995 0.00199169 0.00223954 0.999996 0.00197997 0.0050079 0.999971 -0.00566435 0.00477276 0.999974 -0.00539839 -0.00201951 0.999995 0.00228423 -0.00178436 0.999996 0.00201826 0.427792 -0.810412 -0.400284 0.446217 -0.793831 -0.413186 0.458247 -0.789615 -0.408067 0.492011 -0.786655 -0.372961 0.496339 -0.289135 -0.818565 0.528827 -0.23233 -0.816312 0.674637 0.0270743 -0.737653 0.639703 -0.0489114 -0.767064 0.0405834 0.524026 -0.850735 0.0712892 0.537732 -0.840096 0.222082 0.69027 -0.688627 0.125997 0.62025 -0.774219 0.454273 0.801253 -0.389397 0.455834 0.79048 -0.409093 0.47457 0.783608 -0.400927 0.491527 0.786855 -0.373176 0.490992 0.296573 -0.819129 0.541113 0.214227 -0.813206 0.691976 -0.0681483 -0.718696 0.643159 0.0417392 -0.764594 0.053282 -0.539005 -0.840616 0.0949545 -0.563774 -0.820453 0.210145 -0.679415 -0.703017 0.132633 -0.627265 -0.767429 0.3953 -0 0.918552 0.390556 -0 0.920579 0.267071 -0 0.963677 0.281079 -0 0.959685 0.341839 -0 0.939758 0.341613 -0 0.93984 0.408273 -0 0.91286 0.395548 -0 0.918445 0.273067 -0 0.961995 0.285148 -0 0.958483 0.346597 -0 0.938014 0.355637 -0 0.934624 0.542497 -0.772855 -0.329229 0.455626 -0.810436 -0.368237 0.666701 0.0105184 -0.745251 0.55668 -0.207672 -0.80435 0.0940777 0.609058 -0.787526 0.0519291 0.559823 -0.826983 0.518979 0.784086 -0.340396 0.474563 0.803128 -0.360243 0.662503 -0.000347197 -0.749059 0.544791 0.227092 -0.807237 0.110782 -0.627765 -0.770479 0.058103 -0.567211 -0.82152 0.416215 0.7979 0.436028 0.56052 0.709844 0.426543 0.60908 0.672735 0.420058 0.487887 0.757951 0.432985 0.180164 0.294746 0.938438 0.331997 -0.0356696 0.942606 0.376463 -0.154818 0.913404 0.257298 0.138514 0.956353 -0.151814 -0.740682 0.654479 -0.126269 -0.759654 0.637951 -0.116928 -0.766319 0.63173 -0.139427 -0.750019 0.646554 0.416204 -0.797906 0.436028 0.56051 -0.709851 0.426544 0.609071 -0.672743 0.420059 0.487877 -0.757957 0.432986 0.180174 -0.294733 0.93844 0.331994 0.0356518 0.942608 0.376457 0.15479 0.913411 0.257301 -0.138514 0.956352 -0.151857 0.740651 0.654504 -0.1263 0.759634 0.637969 -0.116953 0.766303 0.631745 -0.139464 0.749993 0.646576 0.505462 0 -0.862849 0.50866 0 -0.860967 0.50953 0 -0.860453 0.50787 0 -0.861434 0.510319 0 -0.859985 0.510524 0 -0.859864 0.367388 -0 0.930068 0.367259 -0 0.930119 0.367257 -0 0.93012 0.367274 -0 0.930113 0.367242 -0 0.930125 0.367351 -0 0.930083 0.450346 0.17342 0.87585 0.542318 0.169194 0.822961 0.320521 0.176006 0.930746 0.243064 0.849274 -0.468672 0.284254 0.818688 -0.498948 0.103855 0.76748 -0.632605 -0.670104 0.461516 -0.581347 -0.787454 0.397444 -0.471121 -0.787454 0.397444 -0.471121 -0.916142 0.27397 -0.292616 -0.972993 0.212077 -0.0911501 -0.797567 0.3287 -0.505809 -0.58733 0.130484 0.79876 -0.383315 0.139528 0.913018 -0.247522 0.141309 0.958522 0.0810484 0.169717 0.982154 0.450101 0.178477 0.87496 0.0280811 0.166476 0.985646 0.961152 0.0961462 0.258731 0.965719 -0.00698151 0.259496 0.852881 -0.0233975 0.521581 0.845729 0.102882 0.523601 0.84325 0.103688 0.527427 0.963446 0.106462 0.24584 0.504984 0.662258 -0.553539 0.465292 0.726049 -0.506317 0.539092 0.596653 -0.594462 0.50901 0.580184 -0.635842 0.513678 0.571565 -0.639881 0.361801 0.559243 -0.745887 -0.174538 0.839236 -0.514995 -0.192327 0.679789 -0.707741 -0.15206 0.602022 -0.783867 0.0134839 0.789687 -0.613362 -0.104173 0.575563 -0.811095 -0.068176 0.46129 -0.884626 -0.0656427 0.406481 -0.911298 -0.0873815 0.508883 -0.856389 -0.792214 0.399492 0.461305 -0.965494 0.138952 0.22026 -0.985978 0.12119 -0.114723 -0.913126 0.390552 0.116921 -0.907643 0.419688 0.00679891 -0.933468 0.358474 0.0115298 -0.591437 0.301906 0.7477 -0.563137 0.259988 0.7844 -0.741803 0.218974 0.63386 -0.811767 0.352946 0.465257 -0.623839 0.247848 0.741213 -0.643643 0.144199 0.751619 0.622266 -0.0837657 0.778311 0.399781 -0.0381935 0.915814 0.649227 0.16286 0.742954 0.6124 0.189573 0.767482 0.181988 -0.652949 -0.735212 0.167712 -0.639066 -0.750645 0.0806561 -0.548139 -0.832489 0.102287 -0.571705 -0.814058 0.666167 -0.00824106 -0.745757 0.644042 0.0378928 -0.764051 0.472406 0.309729 -0.825167 0.519573 0.245654 -0.818351 0.518203 0.765813 -0.380784 0.504517 0.771671 -0.387281 0.420423 0.802279 -0.423784 0.441512 0.795432 -0.415156 0.182948 0.653859 -0.734165 0.172689 0.643927 -0.745344 0.110538 0.580514 -0.806712 0.125975 0.596771 -0.792461 0.685437 0.0522206 -0.726256 0.662797 0.000941396 -0.748799 0.476873 -0.303914 -0.82476 0.528839 -0.232316 -0.816308 0.527644 -0.761623 -0.376194 0.511562 -0.768693 -0.383947 0.412071 -0.80485 -0.4271 0.437092 -0.796916 -0.416983 0.520419 -0 -0.853911 0.520975 -0 -0.853572 0.52127 -0 -0.853392 0.521708 -0 -0.853124 0.520537 -0 -0.853839 0.520134 -0 -0.854085 -0.534809 -0.0169452 -0.844803 -0.589437 -0.341904 -0.731891 -0.572635 -0.227227 -0.787692 -0.532096 -0.0116042 -0.846605 -0.823101 -0.00252397 0.567889 -0.705202 -0.340697 0.621785 0.663362 0.0418841 0.747126 0.731614 -0.331035 0.595951 0.723622 -0.221801 0.653586 0.66786 0.0281156 0.743756 0.71831 0.0568824 -0.693393 0.557604 -0.326212 -0.763324 0.614926 -0.218955 -0.757578 0.713277 0.038308 -0.699834 -0.144763 -0.348284 0.926144 -0.128522 -0.375445 0.917891 -0.0348837 -0.520263 0.853293 -0.179614 -0.563786 0.806154 -0.197414 -0.502843 0.841532 -0.16505 -0.609317 0.775559 -0.106776 0.989771 -0.0946158 -0.0931285 0.989763 -0.108151 0.181327 0.980596 -0.0745166 0.114599 0.993167 -0.022038 -0.0887526 0.701166 0.707452 -0.459563 0.78071 0.423431 -0.459507 0.780723 0.423468 -0.0825889 0.700883 0.708478 -0.352734 -0.59436 0.722713 -0.341781 -0.465638 0.816313 -0.34433 -0.489052 0.801414 -0.452452 -0.441559 0.774798 -0.386182 -0.29413 0.874272 -0.357778 -0.236171 0.903448 -0.28259 0.499342 -0.819024 -0.261975 0.560129 -0.785891 -0.124522 0.988334 -0.0876902 -0.166453 0.975965 -0.140658 0.828974 0.375315 0.414658 0.376171 0.581235 0.721569 -0.00481769 0.999615 0.0273225 0.0209635 0.992686 -0.11889 0.0317471 0.983146 -0.180047 0.0443488 0.966837 -0.251515 0.0082816 0.998862 -0.0469674 -0.0087846 0.99872 0.0498201 0.0487913 0.959713 -0.276713 0.135293 0.626869 -0.767288 0.151554 0.488134 -0.859509 0.144945 0.550677 -0.822037 0.143367 0.564241 -0.813067 0.125273 0.692506 -0.710452 0.548025 -0 0.836462 0.529759 -0 0.848148 0.521541 -0 0.853226 0.525403 -0 0.850854 0.525909 -0 0.850541 0.524064 -0 0.851679 -0.145145 0 -0.98941 -0.139706 0 -0.990193 -0.135854 0 -0.990729 -0.147404 0 -0.989076 -0.128143 0 -0.991756 -0.114294 0 -0.993447 -0.925285 0 -0.379272 -0.924576 0 -0.380997 -0.923729 0 -0.383047 -0.923227 0 -0.384255 -0.925074 0 -0.379787 -0.924594 0 -0.380954 -0.995023 0 -0.0996455 -0.99499 0 -0.0999702 -0.995249 0 -0.0973644 -0.996229 0 -0.0867586 -0.993869 0 -0.110562 -0.993294 0 -0.115618 -0.99572 0.0915012 0.0130267 -0.996085 0.0882774 0.00475277 -0.996371 0.0850467 -0.00352143 -0.996085 0.0882774 0.00475283 0.996469 0.0834222 -0.00948787 0.992838 0.0493478 -0.108803 0.997648 0.0462026 -0.0506416 0.998166 0.0375483 -0.0474942 -0.0446662 -0.446457 -0.89369 -0.0446734 -0.44651 -0.893663 -0.0398507 -0.420984 -0.906192 -0.0409507 -0.430922 -0.901459 -0.997211 0.05988 -0.044538 -0.993309 0.10266 0.0528975 -0.996163 0.0874977 0.00167776 -0.997193 0.0745369 0.00710106 0.0363367 0.435686 0.899365 0.0363297 0.435504 0.899453 0.0379222 0.43374 0.90024 0.0364509 0.410262 0.911239 0.0915342 -0.936948 0.337268 -0.130323 -0.928158 0.348624 -0.131871 -0.923308 0.360711 0.0924718 -0.933585 0.346219 0.176498 0.907338 -0.381558 0.116257 0.919135 -0.376397 0.117787 0.924722 -0.361962 0.17427 0.912325 -0.370529 0.109174 -0.372134 -0.921736 0.10601 -0.372022 -0.92215 0.0829164 -0.371095 -0.924886 0.0903565 -0.371415 -0.92406 0.183447 -0.943355 0.276457 0.181447 -0.943515 0.277229 -0.00591491 0.366576 0.930369 -0.00421833 0.366452 0.930427 -0.117694 0.372418 0.920572 -0.116721 0.372387 0.920709 0.0706434 0.927284 -0.367633 0.074166 0.927388 -0.366674 -0.0517638 -0.361753 -0.930836 -0.0541714 -0.361525 -0.930787 -0.0717091 -0.3598 -0.93027 -0.0660651 -0.360367 -0.930468 0.179903 0.902478 -0.391367 0.183521 0.901363 -0.392255 0.190667 0.345054 0.919012 0.188633 0.345352 0.91932 0.288201 0.32885 0.899332 0.289049 0.328692 0.899118 -0.233298 -0.918988 0.317858 -0.232949 -0.919035 0.317977 0.0334722 0.363221 0.931102 0.0334722 0.363221 0.931102 -0.0232308 0.170146 0.985145 -0.0232321 0.170142 0.985146 -0.996213 0.0869292 0.00190844 -0.996211 0.0869487 0.00190074 -0.996256 0.0864285 0.00207411 -0.996257 0.0864171 0.00207806 -0.0334776 -0.36329 -0.931075 -0.0334776 -0.36329 -0.931075 -0.0558467 -0.164704 -0.984761 -0.0558467 -0.164704 -0.984761 0.996204 -0.0870262 -0.00186976 0.996204 -0.0870261 -0.00186982 0.996154 -0.0876054 -0.00162078 0.996154 -0.0876055 -0.00162075 0.996089 -0.0883507 -0.00123698 -0.152541 0.0299929 -0.987842 -0.996353 0.0852974 0.00239048 -0.153082 -0.00604927 0.988195 -0.206014 -0.928343 0.309415 0.213151 0.488749 0.845985 0.213151 0.488749 0.845985 0.213151 0.488749 0.845985 0.178582 0.896698 -0.405021 -0.0442706 -0.351878 -0.934998 -0.0442706 -0.351878 -0.934998 -0.0442706 -0.351878 -0.934998 0.0804551 0.927542 -0.364955 -0.0385811 0.437879 0.898206 -0.0385811 0.437879 0.898206 -0.0385811 0.437879 0.898206 0.148624 -0.955195 0.255954 0.0470058 -0.301246 -0.952387 0.0470058 -0.301246 -0.952387 0.0470058 -0.301246 -0.952387 0.998186 0.0344681 -0.0493722 0.998952 0.0169039 -0.0425434 -0.035153 -0.382562 -0.923261 -0.0369394 -0.403172 -0.914378 -0.99395 0.109611 -0.00702244 -0.99655 0.0829245 0.00348838 0.0417637 0.458876 0.887518 0.0376574 0.411452 0.910653 0.0384629 0.999217 -0.0092342 0.00471576 0.977637 -0.210248 0.00768526 0.977472 -0.210925 0.041437 0.999092 -0.00994821 -0.0154055 0.99975 -0.0162338 0.107141 0.977368 -0.18241 0.113079 0.977821 -0.17629 -0.0182906 0.999647 -0.0192741 0.00733904 0.999666 -0.0247764 0.202233 0.978746 0.0340193 0.203175 0.978659 0.0307743 0.00905943 0.999631 -0.025611 0.0116832 0.999928 -0.00280489 0.0637243 0.978912 0.194087 0.0575989 0.978996 0.195576 0.0112126 0.999934 -0.0026919 -0.00629719 0.999958 -0.00663588 -0.158096 0.978936 0.12919 -0.15465 0.978998 0.13284 -0.00652976 0.999955 -0.00688096 0.00919061 0.999227 -0.038224 -0.182514 0.978093 -0.100112 -0.183067 0.978173 -0.098303 0.0114996 0.99918 -0.0388215 0.0390882 0.999192 -0.00938431 0.0387045 0.999207 -0.0092922 -0.0152418 0.999755 -0.0160614 -0.0154098 0.999749 -0.0162384 0.0102103 0.999593 -0.026634 0.00761248 0.999641 -0.0256995 -0.298024 0.562237 -0.771409 -0.107195 0.420867 -0.900766 -0.108082 0.40428 -0.908227 -0.308064 0.5189 -0.797396 0.57405 0.441924 -0.689326 0.699811 0.504073 -0.506138 0.692927 0.518355 -0.501159 0.575919 0.435945 -0.69157 0.0116619 0.999157 -0.0393694 0.00833412 0.9992 -0.039124 0.19039 -1.06087e-06 -0.981709 0.320098 -8.44736e-07 -0.947385 0.293955 -8.47845e-07 -0.955819 0.24459 -1.03243e-06 -0.969626 0.343526 -7.11796e-07 -0.939143 0.147765 -6.26231e-07 -0.989023 0.21865 0.353891 -0.90937 0.193639 0.369025 -0.909024 0.336023 0.34465 -0.87653 0.309556 0.371954 -0.875114 -0.368011 0.91598 -0.159842 -0.369304 0.916163 -0.155756 -0.304884 0.916829 0.257816 -0.298782 0.91698 0.264342 0.117802 0.916773 0.38164 0.107621 0.916968 0.384171 0.388317 0.916858 0.0926322 0.389711 0.916747 0.0877536 0.23245 0.914049 -0.332388 0.247755 0.915445 -0.317141 -0.0383777 0.915624 -0.400199 -0.03772 0.915589 -0.400341 0.742962 -0 0.669334 0.964837 0 -0.26285 0.965248 0 -0.261337 0.751261 -0 0.660005 0.28328 0 -0.959037 0.282635 0 -0.959227 -0.670162 0 -0.742214 -0.668488 0 -0.743723 -0.984297 0 0.176522 -0.985014 0 0.172473 -0.794271 0 0.607563 -0.799728 0 0.600363 0.28587 -0 0.958268 0.299063 -0 0.954233 0.245962 0.5 -0.830363 0.245962 0.5 -0.830363 0.245962 0.5 -0.830363 0.245962 0.5 -0.830363 -0.596133 -0.500005 -0.628189 -0.596133 -0.500005 -0.628189 -0.596133 -0.500005 -0.628189 -0.596133 -0.500005 -0.628189 0 -1 -0 0 -1 -0 0 -1 -0 0 -1 -0 0.24596 -0.499996 -0.830366 0.24596 -0.499997 -0.830366 0.24596 -0.499997 -0.830365 0.24596 -0.499997 -0.830366 -0.596129 0.500014 -0.628185 -0.596132 0.500007 -0.628188 -0.596137 0.499993 -0.628194 -0.596135 0.5 -0.628191 -0 1 0 -0 1 0 -0 1 0 -0 1 0 -0.233445 0 -0.97237 -0.233453 0 -0.972368 -0.233446 0 -0.97237 -0.233443 0 -0.97237 -0.233456 0 -0.972367 -0.233438 0 -0.972372 0.0201359 0.999217 -0.0340478 -0.147703 0.977637 -0.149702 -0.146123 0.977472 -0.152306 0.0216928 0.999092 -0.0366804 -0.0223786 0.999749 -0.000234202 -0.056433 0.977367 -0.203885 -0.0479055 0.977821 -0.20389 -0.0265697 0.999647 -0.000278064 -0.0126854 0.999666 -0.0225128 0.165168 0.978746 -0.121555 0.163493 0.978658 -0.12449 -0.0120875 0.999631 -0.0243291 0.00611625 0.999928 -0.0103419 0.183728 0.978912 0.0893067 0.180535 0.978995 0.0947406 0.00586988 0.999933 -0.00992536 -0.00914761 0.999958 -9.58118e-05 -0.0172467 0.978936 0.203436 -0.0122266 0.978998 0.203502 -0.00948546 0.999955 -9.93505e-05 -0.0210537 0.999227 -0.0332006 -0.198909 0.978093 0.0613993 -0.197995 0.978173 0.0630547 -0.0198759 0.99918 -0.0352746 0.0204632 0.999192 -0.0346012 0.0202624 0.999207 -0.0342617 -0.0221409 0.999755 -0.000231714 -0.0223849 0.999749 -0.000234268 -0.0120212 0.999593 -0.0258675 -0.0131581 0.999641 -0.0233516 -0.761369 0.562237 -0.322812 -0.721462 0.420868 -0.549874 -0.727438 0.404281 -0.554429 -0.787017 0.5189 -0.333687 -0.0955348 0.441925 -0.89195 0.123533 0.504075 -0.854779 0.122318 0.518358 -0.846371 -0.0958459 0.435946 -0.894854 -0.0201565 0.999157 -0.0357724 -0.0222961 0.9992 -0.0332119 -0.572503 -1.06088e-06 -0.819903 -0.457585 -8.44737e-07 -0.889166 -0.481836 -8.47846e-07 -0.876261 -0.52611 -1.03244e-06 -0.850416 -0.435356 -7.11797e-07 -0.900258 -0.607413 -6.26231e-07 -0.794386 -0.500879 0.353892 -0.789861 -0.518037 0.369025 -0.771659 -0.395616 0.344649 -0.851296 -0.413019 0.371953 -0.831304 -0.370893 0.915978 0.153045 -0.36886 0.916161 0.156815 -0.0270291 0.916831 0.39836 -0.0180949 0.916982 0.398519 0.35605 0.916771 0.180995 0.350784 0.916965 0.190066 0.336758 0.916857 -0.214398 0.334225 0.916746 -0.218794 -0.0769339 0.914047 -0.398245 -0.0553325 0.915443 -0.398626 -0.314102 0.915623 -0.250946 -0.313747 0.915588 -0.251517 0.997703 0 -0.0677393 0.48268 0 -0.875797 0.484058 0 -0.875036 0.996779 0 -0.0801977 -0.491573 0 -0.870836 -0.492153 0 -0.870509 -0.999378 0 -0.0352579 -0.999297 0 -0.0375016 -0.558219 0 0.829693 -0.561627 0 0.827391 -0.11644 0 0.993198 -0.125411 0 0.992105 0.887096 -0 0.461585 0.89338 -0 0.449302 -0.425138 0.499997 -0.754493 -0.425138 0.499997 -0.754493 -0.425138 0.499997 -0.754493 -0.425138 0.499997 -0.754493 -0.865975 -0.500006 -0.00906469 -0.865975 -0.500006 -0.00906469 -0.865975 -0.500006 -0.00906469 -0.865975 -0.500006 -0.00906469 0 -1 -0 0 -1 -0 0 -1 -0 0 -1 -0 -0.425146 -0.499992 -0.754493 -0.425146 -0.499992 -0.754493 -0.425145 -0.499993 -0.754492 -0.425146 -0.499992 -0.754492 -0.86597 0.500013 -0.00906939 -0.865974 0.500006 -0.00906943 -0.865982 0.499992 -0.00906952 -0.865978 0.499999 -0.00906948 -0 1 0 -0 1 0 -0 1 0 -0 1 0 -0.860745 0 -0.509037 -0.860745 0 -0.509036 -0.860742 0 -0.509042 -0.860741 0 -0.509044 -0.860746 0 -0.509035 -0.860739 0 -0.509046 </float_array>
          <technique_common>
            <accessor count="3029" offset="0" source="#meshId0-bitangents-array" stride="3">
              <param name="X" type="float" />
              <param name="Y" type="float" />
              <param name="Z" type="float" />
            </accessor>
          </technique_common>
        </source>
        <source id="meshId0-tex0" name="meshId0-tex0">
          <float_array id="meshId0-tex0-array" count="6058"> 0.482294 0.367096 0.501483 0.507247 0.410634 0.396019 0.410634 0.396019 0.501483 0.507247 0.364225 0.456754 0.364225 0.456754 0.501483 0.507247 0.355 0.531622 0.355 0.531622 0.501483 0.507247 0.383991 0.600306 0.631889 0.573434 0.501483 0.507247 0.645 0.499441 0.645 0.499441 0.501483 0.507247 0.618705 0.427842 0.618705 0.427842 0.501483 0.507247 0.558998 0.378868 0.558998 0.378868 0.501483 0.507247 0.482294 0.367096 0.581895 0.011548 0.581825 0.0131494 0.488652 0.0108352 0.488676 0.00923318 0.674887 0.0171577 0.67477 0.0187456 0.766671 0.0247719 0.766532 0.0263675 0.85744 0.0331181 0.857428 0.0347415 0.972615 0.0422609 0.972782 0.0438822 0.116365 0.028495 0.116348 0.0301073 0.00177254 0.0349514 0.00202362 0.0333433 0.207917 0.0189386 0.208063 0.0205472 0.30155 0.0122766 0.301628 0.0138772 0.395279 0.0090111 0.395302 0.0106124 0.486662 0.152277 0.39771 0.153046 0.397126 0.128632 0.486983 0.127775 0.308509 0.156451 0.30716 0.132063 0.219167 0.163027 0.217091 0.138735 0.129387 0.172978 0.126862 0.148676 0.0391516 0.186428 0.0324443 0.163086 0.929917 0.182414 0.8425 0.176894 0.844603 0.152688 0.935479 0.162297 0.753482 0.168844 0.755591 0.144356 0.664464 0.161282 0.66625 0.136673 0.575513 0.155447 0.57668 0.131206 0.169656 0.712232 0.0849048 0.686286 0.17564 0.541343 0.0849048 0.686286 0.0245313 0.621412 0.17564 0.541343 0.594632 0.320379 0.594544 0.348815 0.503192 0.349417 0.502842 0.320776 0.685666 0.321495 0.685095 0.34966 0.594544 0.348815 0.775713 0.324239 0.774658 0.352086 0.685095 0.34966 0.864549 0.328499 0.863194 0.356026 0.774658 0.352086 0.225224 0.329196 0.226486 0.358026 0.134131 0.362291 0.13277 0.333675 0.31791 0.325391 0.31895 0.354236 0.226486 0.358026 0.225224 0.329196 0.410527 0.322511 0.411255 0.351288 0.31895 0.354236 0.31791 0.325391 0.503192 0.349417 0.411255 0.351288 0.0245313 0.621412 0.00472875 0.535029 0.17564 0.541343 0.00472875 0.535029 0.0308101 0.450334 0.17564 0.541343 0.0308101 0.450334 0.09576 0.390045 0.17564 0.541343 0.0977109 0.386704 0.181597 0.367682 0.17564 0.541343 0.09576 0.390045 0.264214 0.392486 0.265904 0.395949 0.17564 0.541343 0.181597 0.367682 0.265904 0.395949 0.326469 0.46064 0.17564 0.541343 0.326469 0.46064 0.346572 0.546963 0.17564 0.541343 0.346572 0.546963 0.320784 0.631762 0.17564 0.541343 0.320784 0.631762 0.256015 0.69227 0.17564 0.541343 0.256015 0.69227 0.169656 0.712232 0.17564 0.541343 0.594977 0.254691 0.502206 0.254682 0.501823 0.194992 0.595667 0.195275 0.687132 0.256366 0.689035 0.197389 0.778344 0.259841 0.781657 0.201605 0.867869 0.264933 0.872294 0.207655 0.967185 0.279511 0.956106 0.335527 0.988513 0.214115 0.12977 0.267711 0.13277 0.333675 0.0377351 0.340363 0.0266617 0.28212 0.00508192 0.214115 0.125677 0.208377 0.222435 0.262807 0.225224 0.329196 0.219485 0.203076 0.315703 0.258921 0.225224 0.329196 0.313546 0.199071 0.409045 0.256156 0.407717 0.196323 0.579351 0.0686695 0.487808 0.0661299 0.488652 0.0108352 0.581825 0.0131494 0.670445 0.0741008 0.67477 0.0187456 0.760909 0.0816404 0.766532 0.0263675 0.850389 0.0897836 0.857428 0.0347415 0.950451 0.108203 0.936976 0.162211 0.935479 0.162297 0.949034 0.107836 0.972782 0.0438822 0.97406 0.0448963 0.949034 0.107836 0.972782 0.0438822 0.0221218 0.102469 0.0324443 0.163086 0.0308691 0.162775 0.0206726 0.102702 0.000457853 0.0359243 0.00177254 0.0349514 0.121776 0.0855528 0.0221218 0.102469 0.00177254 0.0349514 0.116348 0.0301073 0.21265 0.0760928 0.208063 0.0205472 0.304322 0.0694615 0.301628 0.0138772 0.396082 0.0661548 0.395302 0.0106124 0.719652 0.597129 0.728342 0.593572 0.727932 0.595461 0.720819 0.598582 0.739196 0.625523 0.730072 0.627136 0.730248 0.625291 0.737897 0.624021 0.721089 0.623002 0.72225 0.621719 0.715978 0.615256 0.717514 0.614658 0.714593 0.60576 0.71637 0.606157 0.544034 0.683823 0.554422 0.684158 0.55368 0.68594 0.544642 0.685545 0.561635 0.691216 0.560247 0.692135 0.564643 0.700036 0.562916 0.700254 0.562555 0.709988 0.561005 0.708977 0.555396 0.716184 0.555093 0.714247 0.536341 0.6893 0.538159 0.689946 0.562916 0.700254 0.561005 0.708977 0.558562 0.707605 0.560428 0.700456 0.561005 0.708977 0.555093 0.714247 0.55332 0.712268 0.558562 0.707605 0.538159 0.689946 0.544642 0.685545 0.545477 0.688119 0.539628 0.69203 0.544642 0.685545 0.55368 0.68594 0.552684 0.688572 0.545477 0.688119 0.55368 0.68594 0.560247 0.692135 0.558167 0.693462 0.552684 0.688572 0.560247 0.692135 0.562916 0.700254 0.560428 0.700456 0.558167 0.693462 0.72225 0.621719 0.717514 0.614658 0.719795 0.613862 0.723933 0.619692 0.717514 0.614658 0.71637 0.606157 0.719046 0.606724 0.719795 0.613862 0.71637 0.606157 0.720819 0.598582 0.722722 0.600704 0.719046 0.606724 0.720819 0.598582 0.727932 0.595461 0.728998 0.597851 0.722722 0.600704 0.737897 0.624021 0.730248 0.625291 0.730577 0.622636 0.737419 0.621379 0.730248 0.625291 0.72225 0.621719 0.723933 0.619692 0.730577 0.622636 0.723933 0.619692 0.719795 0.613862 0.720635 0.613578 0.724505 0.618995 0.719046 0.606724 0.719943 0.607012 0.722722 0.600704 0.723292 0.60144 0.728998 0.597851 0.728826 0.598874 0.737419 0.621379 0.730577 0.622636 0.730679 0.621698 0.736721 0.620591 0.560428 0.700456 0.558562 0.707605 0.557789 0.707101 0.559509 0.700509 0.55332 0.712268 0.553145 0.711253 0.539628 0.69203 0.545477 0.688119 0.545767 0.688994 0.540606 0.692423 0.552684 0.688572 0.552386 0.689477 0.558167 0.693462 0.557489 0.693989 0.559509 0.700509 0.557789 0.707101 0.556095 0.706099 0.557671 0.700619 0.557789 0.707101 0.553145 0.711253 0.551871 0.709809 0.556095 0.706099 0.540606 0.692423 0.545767 0.688994 0.546369 0.690777 0.541805 0.693903 0.545767 0.688994 0.552386 0.689477 0.551819 0.691371 0.546369 0.690777 0.552386 0.689477 0.557489 0.693989 0.555934 0.695135 0.551819 0.691371 0.557489 0.693989 0.559509 0.700509 0.557671 0.700619 0.555934 0.695135 0.724505 0.618995 0.720635 0.613578 0.722369 0.613009 0.725715 0.617473 0.720635 0.613578 0.719943 0.607012 0.721881 0.607499 0.722369 0.613009 0.719943 0.607012 0.723292 0.60144 0.724577 0.602953 0.721881 0.607499 0.723292 0.60144 0.728826 0.598874 0.729418 0.600581 0.724577 0.602953 0.736721 0.620591 0.730679 0.621698 0.7308 0.619748 0.736359 0.61879 0.730679 0.621698 0.724505 0.618995 0.725715 0.617473 0.7308 0.619748 0.725715 0.617473 0.722369 0.613009 0.723631 0.612616 0.726506 0.616464 0.721881 0.607499 0.723203 0.607946 0.724577 0.602953 0.725375 0.603991 0.729418 0.600581 0.728964 0.60195 0.736359 0.61879 0.7308 0.619748 0.730895 0.6184 0.735239 0.617762 0.557671 0.700619 0.556095 0.706099 0.554995 0.705372 0.556397 0.700718 0.551871 0.709809 0.551772 0.708387 0.541805 0.693903 0.546369 0.690777 0.54683 0.692033 0.543241 0.694186 0.551819 0.691371 0.551394 0.692654 0.555934 0.695135 0.554962 0.695959 0.556397 0.700718 0.554995 0.705372 0.553399 0.704495 0.554496 0.700753 0.554995 0.705372 0.551772 0.708387 0.550519 0.707273 0.553399 0.704495 0.543241 0.694186 0.54683 0.692033 0.547353 0.693842 0.544184 0.69531 0.54683 0.692033 0.551394 0.692654 0.550792 0.694539 0.547353 0.693842 0.551394 0.692654 0.554962 0.695959 0.553375 0.697112 0.550792 0.694539 0.554962 0.695959 0.556397 0.700718 0.554496 0.700753 0.553375 0.697112 0.726506 0.616464 0.723631 0.612616 0.725399 0.612068 0.727765 0.615079 0.723631 0.612616 0.723203 0.607946 0.725157 0.608384 0.725399 0.612068 0.723203 0.607946 0.725375 0.603991 0.726823 0.60529 0.725157 0.608384 0.725375 0.603991 0.728964 0.60195 0.7298 0.603285 0.726823 0.60529 0.735239 0.617762 0.730895 0.6184 0.731222 0.616474 0.735026 0.616076 0.730895 0.6184 0.726506 0.616464 0.727765 0.615079 0.731222 0.616474 0.727765 0.615079 0.725399 0.612068 0.726124 0.611836 0.728229 0.614589 0.725157 0.608384 0.725898 0.608544 0.726823 0.60529 0.727402 0.605689 0.7298 0.603285 0.729771 0.603889 0.735026 0.616076 0.731222 0.616474 0.731369 0.615781 0.734541 0.615572 0.554496 0.700753 0.553399 0.704495 0.552736 0.704257 0.553776 0.700894 0.550519 0.707273 0.550405 0.70665 0.544184 0.69531 0.547353 0.693842 0.547389 0.69453 0.544724 0.695574 0.550792 0.694539 0.550462 0.69523 0.553375 0.697112 0.552828 0.697567 0.553776 0.700894 0.552736 0.704257 0.55042 0.703703 0.55155 0.701451 0.552736 0.704257 0.550405 0.70665 0.548235 0.705892 0.55042 0.703703 0.544724 0.695574 0.547389 0.69453 0.54706 0.696782 0.544494 0.697535 0.547389 0.69453 0.550462 0.69523 0.549385 0.697046 0.54706 0.696782 0.550462 0.69523 0.552828 0.697567 0.551129 0.698937 0.549385 0.697046 0.552828 0.697567 0.553776 0.700894 0.55155 0.701451 0.551129 0.698937 0.728229 0.614589 0.726124 0.611836 0.728191 0.611085 0.729784 0.61286 0.726124 0.611836 0.725898 0.608544 0.728257 0.608752 0.728191 0.611085 0.725898 0.608544 0.727402 0.605689 0.729583 0.606605 0.728257 0.608752 0.727402 0.605689 0.729771 0.603889 0.731788 0.604806 0.729583 0.606605 0.734541 0.615572 0.731369 0.615781 0.732185 0.613754 0.735039 0.613586 0.731369 0.615781 0.728229 0.614589 0.729784 0.61286 0.732185 0.613754 0.729784 0.61286 0.728191 0.611085 0.72908 0.610798 0.730444 0.61227 0.728257 0.608752 0.729118 0.608742 0.729583 0.606605 0.730524 0.60687 0.731788 0.604806 0.732431 0.605454 0.735039 0.613586 0.732185 0.613754 0.7328 0.613011 0.734561 0.612787 0.55155 0.701451 0.55042 0.703703 0.549486 0.703525 0.550587 0.701773 0.548235 0.705892 0.547524 0.705267 0.544494 0.697535 0.54706 0.696782 0.546771 0.697674 0.545074 0.698143 0.549385 0.697046 0.548633 0.697714 0.551129 0.698937 0.550492 0.69941 0.550587 0.701773 0.549486 0.703525 0.547413 0.702548 0.548474 0.701484 0.549486 0.703525 0.547524 0.705267 0.544777 0.701251 0.547413 0.702548 0.545074 0.698143 0.546771 0.697674 0.546298 0.700274 0.544777 0.701251 0.546771 0.697674 0.548633 0.697714 0.547884 0.699711 0.546298 0.700274 0.548633 0.697714 0.550492 0.69941 0.54842 0.700449 0.547884 0.699711 0.550492 0.69941 0.550587 0.701773 0.548474 0.701484 0.54842 0.700449 0.730444 0.61227 0.72908 0.610798 0.731084 0.610041 0.732025 0.610719 0.72908 0.610798 0.729118 0.608742 0.731386 0.608939 0.731084 0.610041 0.729118 0.608742 0.730524 0.60687 0.732737 0.60834 0.731386 0.608939 0.730524 0.60687 0.732431 0.605454 0.734992 0.609314 0.732737 0.60834 0.734561 0.612787 0.7328 0.613011 0.733383 0.610236 0.734992 0.609314 0.7328 0.613011 0.730444 0.61227 0.732025 0.610719 0.733383 0.610236 0.00548645 0.980794 0.00548645 0.778655 0.127625 0.778655 0.127625 0.980794 0.262138 0.980794 0.262138 0.778655 0.274514 0.778655 0.274513 0.980794 0.262138 0.778655 0.14 0.778655 0.14 0.76628 0.262138 0.76628 0.14 0.778655 0.14 0.980794 0.127625 0.980794 0.127625 0.778655 0.14 0.980794 0.262138 0.980794 0.262138 0.993169 0.14 0.99317 0.262138 0.980794 0.14 0.980794 0.14 0.778655 0.262138 0.778655 0.792724 0.606526 0.792724 0.615089 0.746278 0.615089 0.746278 0.606526 0.792724 0.580835 0.792724 0.589398 0.746278 0.589398 0.746278 0.580835 0.792724 0.589398 0.792724 0.597962 0.746278 0.597962 0.746278 0.589398 0.792724 0.597962 0.792724 0.606526 0.746278 0.606526 0.746278 0.597962 0.84985 0.590884 0.803077 0.590884 0.803077 0.582259 0.84985 0.582259 0.84985 0.616756 0.803077 0.616756 0.803077 0.608132 0.84985 0.608132 0.84985 0.608132 0.803077 0.608132 0.803077 0.599508 0.84985 0.599508 0.84985 0.599508 0.803077 0.599508 0.803077 0.590884 0.84985 0.590884 0.749757 0.635903 0.795739 0.635903 0.795739 0.644381 0.749757 0.644381 0.749757 0.644381 0.795739 0.644381 0.795739 0.652859 0.749757 0.652859 0.749757 0.618947 0.795739 0.618947 0.795739 0.627425 0.749757 0.627425 0.749757 0.627425 0.795739 0.627425 0.795739 0.635903 0.749757 0.635903 0.804324 0.638177 0.804324 0.629773 0.849904 0.629773 0.849904 0.638177 0.804324 0.629773 0.804324 0.621369 0.849904 0.621369 0.849904 0.629773 0.804324 0.654986 0.804324 0.646581 0.849904 0.646582 0.849904 0.654986 0.804324 0.646581 0.804324 0.638177 0.849904 0.638177 0.849904 0.646582 0.449459 0.841693 0.449458 0.766558 0.524593 0.766557 0.524594 0.841692 0.449459 0.849832 0.449457 0.924967 0.441318 0.924966 0.44132 0.849832 0.449457 0.924967 0.524591 0.924967 0.524591 0.933106 0.449457 0.933106 0.524591 0.924967 0.524594 0.849831 0.532734 0.849832 0.532731 0.924967 0.524594 0.849831 0.449459 0.849832 0.449459 0.841693 0.524594 0.841692 0.449459 0.849832 0.524594 0.849831 0.524591 0.924967 0.449457 0.924967 0.65042 0.925804 0.640016 0.925804 0.640015 0.884065 0.65042 0.884065 0.681632 0.925804 0.671228 0.925804 0.671228 0.884065 0.681632 0.884065 0.671228 0.925804 0.660824 0.925804 0.660824 0.884065 0.671228 0.884065 0.660824 0.925804 0.65042 0.925804 0.65042 0.884065 0.660824 0.884065 0.747619 0.865102 0.747619 0.875975 0.703999 0.875975 0.703998 0.865102 0.74762 0.832485 0.74762 0.843357 0.703998 0.843357 0.703998 0.832484 0.74762 0.843357 0.747619 0.85423 0.703998 0.85423 0.703998 0.843357 0.747619 0.85423 0.747619 0.865102 0.703998 0.865102 0.703998 0.85423 0.646057 0.855072 0.646057 0.844354 0.689057 0.844354 0.689057 0.855072 0.646057 0.844354 0.646057 0.833636 0.689056 0.833636 0.689057 0.844354 0.646056 0.876508 0.646056 0.86579 0.689056 0.86579 0.689056 0.876508 0.646056 0.86579 0.646057 0.855072 0.689057 0.855072 0.689056 0.86579 0.865067 0.809654 0.875381 0.809654 0.875381 0.851037 0.865067 0.851038 0.875381 0.809654 0.885696 0.809654 0.885696 0.851037 0.875381 0.851037 0.844437 0.809655 0.854752 0.809654 0.854752 0.851038 0.844437 0.851038 0.854752 0.809654 0.865067 0.809654 0.865067 0.851038 0.854752 0.851038 0.500829 0.974679 0.501996 0.985188 0.423007 0.985188 0.421841 0.974679 0.501996 0.94302 0.501996 0.953594 0.423006 0.953595 0.423006 0.94302 0.501996 0.953594 0.500829 0.964104 0.421841 0.964105 0.423006 0.953595 0.500829 0.964104 0.500829 0.974679 0.421841 0.974679 0.421841 0.964105 0.616905 0.970176 0.618076 0.98073 0.538763 0.98073 0.537593 0.970177 0.618076 0.98073 0.618076 0.991348 0.538764 0.991348 0.538763 0.98073 0.618076 0.949005 0.616905 0.959558 0.537593 0.959558 0.538764 0.949005 0.616905 0.959558 0.616905 0.970176 0.537593 0.970177 0.537593 0.959558 0.616905 0.959558 0.627524 0.959558 0.627523 0.970176 0.616905 0.970176 0.511404 0.974679 0.500829 0.974679 0.500829 0.964104 0.511404 0.964105 0.643184 0.755978 0.642344 0.747666 0.698841 0.747666 0.699682 0.755978 0.642344 0.781016 0.642344 0.772653 0.698843 0.772653 0.698842 0.781016 0.642344 0.772653 0.643184 0.764341 0.699683 0.764341 0.698843 0.772653 0.643184 0.764341 0.643184 0.755978 0.699682 0.755978 0.699683 0.764341 0.644152 0.797451 0.643311 0.789138 0.699812 0.789138 0.700653 0.797451 0.643311 0.822489 0.643311 0.814126 0.699812 0.814126 0.699812 0.822489 0.643311 0.814126 0.644152 0.805814 0.700653 0.805814 0.699812 0.814126 0.644152 0.805814 0.644152 0.797451 0.700653 0.797451 0.700653 0.805814 0.621126 0.854795 0.621128 0.93101 0.544914 0.931011 0.544912 0.854796 0.621129 0.846539 0.621127 0.770323 0.629384 0.770323 0.629382 0.846539 0.621127 0.770323 0.544913 0.770323 0.544913 0.762066 0.621127 0.762066 0.544913 0.770323 0.544912 0.84654 0.536655 0.84654 0.536656 0.770323 0.544912 0.84654 0.621129 0.846539 0.621126 0.854795 0.544912 0.854796 0.621129 0.846539 0.544912 0.84654 0.544913 0.770323 0.621127 0.770323 0.660714 0.982691 0.649831 0.982691 0.649831 0.939032 0.660714 0.939032 0.693363 0.982691 0.68248 0.982691 0.68248 0.939031 0.693363 0.939031 0.68248 0.982691 0.671597 0.982691 0.671597 0.939032 0.68248 0.939031 0.671597 0.982691 0.660714 0.982691 0.660714 0.939032 0.671597 0.939032 0.741334 0.938877 0.752252 0.938877 0.752252 0.982679 0.741334 0.982679 0.708579 0.938877 0.719497 0.938877 0.719497 0.982679 0.708579 0.98268 0.719497 0.938877 0.730416 0.938876 0.730416 0.982679 0.719497 0.982679 0.730416 0.938876 0.741334 0.938877 0.741334 0.982679 0.730416 0.982679 0.70282 0.909496 0.70282 0.898912 0.745279 0.898912 0.745279 0.909496 0.70282 0.898912 0.70282 0.888329 0.745279 0.888329 0.745279 0.898912 0.70282 0.930663 0.70282 0.92008 0.745279 0.92008 0.745279 0.930664 0.70282 0.92008 0.70282 0.909496 0.745279 0.909496 0.745279 0.92008 0.757675 0.710268 0.757675 0.699531 0.800751 0.699531 0.800751 0.710268 0.757675 0.699531 0.757675 0.688794 0.800751 0.688794 0.800751 0.699531 0.757675 0.731742 0.757674 0.721005 0.800751 0.721005 0.800751 0.731742 0.757674 0.721005 0.757675 0.710268 0.800751 0.710268 0.800751 0.721005 0.826336 0.763682 0.825145 0.752947 0.905823 0.752947 0.907014 0.763682 0.825146 0.796019 0.825145 0.785218 0.905823 0.785218 0.905823 0.796019 0.825145 0.785218 0.826336 0.774483 0.907014 0.774483 0.905823 0.785218 0.826336 0.774483 0.826336 0.763682 0.907014 0.763682 0.907014 0.774483 0.320375 0.964202 0.319182 0.953443 0.400041 0.953443 0.401235 0.964202 0.319182 0.953443 0.319182 0.942618 0.400042 0.942618 0.400041 0.953443 0.319182 0.985786 0.320375 0.975027 0.401235 0.975027 0.400041 0.985786 0.320375 0.975027 0.320375 0.964202 0.401235 0.964202 0.401235 0.975027 0.320375 0.975027 0.30955 0.975027 0.30955 0.964202 0.320375 0.964202 0.815535 0.763682 0.826336 0.763682 0.826336 0.774483 0.815535 0.774483 0.712274 0.795165 0.711415 0.786668 0.769167 0.786668 0.770026 0.795165 0.711414 0.820758 0.711414 0.812209 0.769167 0.812209 0.769167 0.820758 0.711414 0.812209 0.712274 0.803713 0.770027 0.803713 0.769167 0.812209 0.712274 0.803713 0.712274 0.795165 0.770026 0.795165 0.770027 0.803713 0.710334 0.750071 0.709475 0.741575 0.767225 0.741575 0.768084 0.750071 0.709475 0.775664 0.709475 0.767115 0.767225 0.767116 0.767225 0.775664 0.709475 0.767115 0.710334 0.75862 0.768084 0.75862 0.767225 0.767116 0.710334 0.75862 0.710334 0.750071 0.768084 0.750071 0.768084 0.75862 0.66396 0.578319 0.663961 0.569339 0.858803 0.569339 0.858802 0.578319 0.663961 0.569339 0.66396 0.560358 0.858804 0.560358 0.858803 0.569339 0.66396 0.560358 0.663961 0.551377 0.858803 0.551378 0.858804 0.560358 0.663961 0.551377 0.663963 0.542397 0.858802 0.542397 0.858803 0.551378 0.662641 0.533602 0.662655 0.524617 0.86068 0.524618 0.860691 0.533602 0.662655 0.524617 0.662641 0.515629 0.860668 0.515635 0.86068 0.524618 0.662641 0.515629 0.662654 0.50664 0.860681 0.506644 0.860668 0.515635 0.662654 0.50664 0.66264 0.497656 0.860669 0.49766 0.860681 0.506644 0.995996 0.569932 0.987015 0.569934 0.987015 0.374973 0.995996 0.374973 0.987015 0.569934 0.978034 0.569936 0.978034 0.374977 0.987015 0.374973 0.978034 0.569936 0.969054 0.569928 0.969054 0.374978 0.978034 0.374977 0.969054 0.569928 0.960073 0.569931 0.960073 0.37498 0.969054 0.374978 0.987312 0.578368 0.987312 0.773177 0.978331 0.773179 0.978331 0.57837 0.978331 0.57837 0.978331 0.773179 0.969351 0.773179 0.969351 0.57837 0.969351 0.57837 0.969351 0.773179 0.96037 0.77318 0.96037 0.578367 0.996293 0.578368 0.996293 0.773176 0.987312 0.773177 0.987312 0.578368 0.957418 0.57622 0.957418 0.774892 0.948393 0.774881 0.948391 0.576232 0.948391 0.576232 0.948393 0.774881 0.939368 0.774871 0.939364 0.576218 0.939364 0.576218 0.939368 0.774871 0.930336 0.774881 0.930334 0.57623 0.930334 0.57623 0.930336 0.774881 0.921311 0.774871 0.921308 0.576216 0.921068 0.566837 0.921068 0.37197 0.930063 0.371971 0.930063 0.566839 0.930063 0.566839 0.930063 0.371971 0.939058 0.371971 0.939058 0.56684 0.939058 0.56684 0.939058 0.371971 0.948053 0.37197 0.948053 0.56684 0.948053 0.56684 0.948053 0.37197 0.957048 0.371971 0.957048 0.566839 0.382054 0.759054 0.279139 0.753998 0.279963 0.746914 0.382054 0.751992 0.280421 0.741605 0.279963 0.746914 0.196801 0.73396 0.196392 0.728566 0.183726 0.72634 0.181752 0.731336 0.116626 0.720232 0.11765 0.715041 0.0604097 0.709267 0.0603454 0.703827 0.0585085 0.702623 0.0538045 0.705118 0.0189894 0.662746 0.021702 0.657891 0.00815332 0.66822 0.0139021 0.667075 0.0489919 0.710711 0.0456269 0.714843 0.0557421 0.720619 0.0579131 0.715681 0.115371 0.727303 0.114451 0.732543 0.181222 0.738382 0.181202 0.743744 0.192836 0.745734 0.194718 0.740764 0.279139 0.753998 0.278535 0.759244 0.484464 0.746895 0.485264 0.753968 0.382054 0.746727 0.484012 0.741592 0.484464 0.746895 0.382054 0.751992 0.485917 0.75924 0.485264 0.753968 0.570371 0.740178 0.572216 0.74516 0.584388 0.742949 0.584148 0.737618 0.650972 0.725259 0.652071 0.730433 0.70843 0.713755 0.710576 0.718606 0.720565 0.71318 0.717358 0.709003 0.754523 0.666344 0.759775 0.66822 0.746784 0.65722 0.759775 0.66822 0.754523 0.666344 0.749033 0.662675 0.746784 0.65722 0.749033 0.662675 0.712714 0.703259 0.7081 0.700491 0.706053 0.701909 0.705977 0.707251 0.649685 0.718213 0.648638 0.713053 0.583579 0.730568 0.581672 0.725623 0.568694 0.728075 0.568141 0.733402 0.382053 0.764385 0.382054 0.759054 0.568141 0.733402 0.570371 0.740178 0.584148 0.737618 0.583579 0.730568 0.649685 0.718213 0.650972 0.725259 0.705977 0.707251 0.70843 0.713755 0.717358 0.709003 0.712714 0.703259 0.749033 0.662675 0.754523 0.666344 0.00815332 0.66822 0.021702 0.657891 0.0189894 0.662746 0.0139021 0.667075 0.0189894 0.662746 0.0538045 0.705118 0.0489919 0.710711 0.0139021 0.667075 0.0579131 0.715681 0.0604097 0.709267 0.116626 0.720232 0.115371 0.727303 0.181752 0.731336 0.181222 0.738382 0.194718 0.740764 0.196801 0.73396 0.498862 0.681302 0.497014 0.686702 0.293102 0.686703 0.294961 0.681302 0.497014 0.686702 0.49699 0.700511 0.293127 0.700517 0.293102 0.686703 0.49699 0.700511 0.498849 0.705911 0.295005 0.705911 0.293127 0.700517 0.498849 0.705911 0.498795 0.71972 0.295027 0.71972 0.295005 0.705911 0.863633 0.453275 0.861758 0.458684 0.656386 0.45861 0.658271 0.453179 0.861758 0.458684 0.861713 0.47255 0.656722 0.472505 0.656386 0.45861 0.861713 0.47255 0.863586 0.477957 0.658641 0.477924 0.656722 0.472505 0.863586 0.477957 0.863564 0.491824 0.658332 0.491824 0.658641 0.477924 0.620364 0.386376 0.62222 0.380989 0.823482 0.380941 0.821616 0.386344 0.62222 0.380989 0.62221 0.367174 0.823809 0.367092 0.823482 0.380941 0.62221 0.367174 0.620359 0.361779 0.821967 0.361681 0.823809 0.367092 0.620379 0.400198 0.620364 0.386376 0.821616 0.386344 0.821959 0.400198 0.647972 0.43018 0.649744 0.424781 0.847516 0.424781 0.845738 0.430181 0.649744 0.424781 0.649641 0.411003 0.847419 0.411003 0.847516 0.424781 0.649641 0.411003 0.647869 0.405603 0.84565 0.405603 0.847419 0.411003 0.647881 0.443959 0.647972 0.43018 0.845738 0.430181 0.845641 0.443959 0.915202 0.737953 0.915283 0.698421 0.864362 0.698397 0.864312 0.737901 0.915399 0.658891 0.864459 0.658918 0.813332 0.659006 0.813436 0.698456 0.813313 0.737953 0.996029 0.920693 0.988077 0.920638 0.98839 0.777165 0.996333 0.777141 0.988077 0.920638 0.980145 0.920657 0.980447 0.777104 0.98839 0.777165 0.980145 0.920657 0.972211 0.920676 0.972504 0.777126 0.980447 0.777104 0.972211 0.920676 0.96426 0.920619 0.964561 0.777149 0.972504 0.777126 0.80822 0.831257 0.807209 0.837334 0.789146 0.843403 0.784432 0.839345 0.784432 0.839345 0.789146 0.843403 0.785838 0.86217 0.779976 0.864072 0.779976 0.864072 0.785838 0.86217 0.800156 0.874609 0.79892 0.880972 0.79892 0.880972 0.800156 0.874609 0.818104 0.86834 0.822679 0.872282 0.822679 0.872282 0.818104 0.86834 0.821654 0.849665 0.827761 0.8475 0.827761 0.8475 0.821654 0.849665 0.807209 0.837334 0.80822 0.831257 0.950874 0.847429 0.945005 0.84421 0.94438 0.81632 0.950182 0.812802 0.919744 0.796154 0.919931 0.802895 0.896073 0.817361 0.890204 0.814142 0.890894 0.848769 0.896696 0.845251 0.921333 0.865418 0.921146 0.858677 0.77549 0.831649 0.810475 0.819066 0.768256 0.868114 0.77549 0.831649 0.796698 0.892568 0.768256 0.868114 0.832074 0.880376 0.796698 0.892568 0.838901 0.843583 0.832074 0.880376 0.810475 0.819066 0.838901 0.843583 0.921446 0.847798 0.935727 0.838512 0.945005 0.84421 0.921146 0.858677 0.935727 0.838512 0.934815 0.821501 0.94438 0.81632 0.945005 0.84421 0.934815 0.821501 0.919631 0.813773 0.919931 0.802895 0.94438 0.81632 0.919631 0.813773 0.905351 0.823059 0.896073 0.817361 0.919931 0.802895 0.905351 0.823059 0.906262 0.84007 0.896696 0.845251 0.896073 0.817361 0.906262 0.84007 0.921446 0.847798 0.921146 0.858677 0.896696 0.845251 0.807209 0.837334 0.821654 0.849665 0.785838 0.86217 0.789146 0.843403 0.818104 0.86834 0.800156 0.874609 0.935727 0.838512 0.921446 0.847798 0.919631 0.813773 0.934815 0.821501 0.906262 0.84007 0.905351 0.823059 0.80537 0.962503 0.80018 0.97244 0.769188 0.961079 0.777315 0.92689 0.789883 0.931837 0.769188 0.961079 0.789883 0.931837 0.80295 0.937184 0.769188 0.961079 0.80295 0.937184 0.806352 0.945887 0.769188 0.961079 0.806352 0.945887 0.807954 0.954599 0.769188 0.961079 0.807954 0.954599 0.80537 0.962503 0.769188 0.961079 0.828871 0.973287 0.80018 0.97244 0.80537 0.962503 0.827871 0.963217 0.845784 0.960613 0.846547 0.973287 0.810238 0.919044 0.802402 0.906968 0.802402 0.906968 0.817874 0.897888 0.826114 0.908465 0.810238 0.919044 0.813686 0.931774 0.80295 0.937184 0.789883 0.931837 0.810238 0.919044 0.810238 0.919044 0.826114 0.908465 0.83374 0.920105 0.813686 0.931774 0.822926 0.939927 0.806352 0.945887 0.80295 0.937184 0.813686 0.931774 0.83374 0.920105 0.840571 0.933002 0.827635 0.95468 0.807954 0.954599 0.806352 0.945887 0.822926 0.939927 0.840571 0.933002 0.843813 0.946985 0.80537 0.962503 0.807954 0.954599 0.827635 0.95468 0.843813 0.946985 0.85814 0.91402 0.859208 0.907973 0.845244 0.89635 0.839572 0.898239 0.839572 0.898239 0.845244 0.89635 0.848367 0.878384 0.843887 0.87462 0.843887 0.87462 0.848367 0.878384 0.865519 0.872221 0.866394 0.86631 0.866394 0.86631 0.865519 0.872221 0.87947 0.883916 0.885029 0.881693 0.885029 0.881693 0.87947 0.883916 0.876322 0.901839 0.881026 0.90555 0.881026 0.90555 0.876322 0.901839 0.859208 0.907973 0.85814 0.91402 0.859208 0.907973 0.876322 0.901839 0.848367 0.878384 0.845244 0.89635 0.87947 0.883916 0.865519 0.872221 0.339978 0.631342 0.348315 0.637117 0.342242 0.645702 0.334248 0.639441 0.34547 0.622929 0.353854 0.62851 0.348315 0.637117 0.339978 0.631342 0.34604 0.659546 0.342612 0.656375 0.345761 0.652899 0.349209 0.656089 0.33533 0.653656 0.327849 0.646995 0.334248 0.639441 0.342242 0.645702 0.320904 0.654227 0.327849 0.646995 0.33533 0.653656 0.328243 0.661093 0.342242 0.645702 0.348315 0.637117 0.348696 0.639791 0.344977 0.645129 0.348315 0.637117 0.353854 0.62851 0.3544 0.631046 0.350958 0.636478 0.328243 0.661093 0.33533 0.653656 0.33532 0.656396 0.330854 0.661026 0.33533 0.653656 0.342242 0.645702 0.342338 0.648498 0.338028 0.653407 0.330854 0.661026 0.33532 0.656396 0.338337 0.657526 0.331947 0.664047 0.338028 0.653407 0.342338 0.648498 0.345412 0.64952 0.339283 0.656349 0.344977 0.645129 0.348696 0.639791 0.351875 0.64033 0.346653 0.647872 0.350958 0.636478 0.3544 0.631046 0.357606 0.631406 0.352751 0.63913 0.376044 0.6438 0.369184 0.634605 0.376783 0.64314 0.378091 0.641659 0.369184 0.634605 0.378758 0.640926 0.377453 0.642413 0.369184 0.634605 0.378091 0.641659 0.376783 0.64314 0.369184 0.634605 0.377453 0.642413 0.40188 0.665485 0.402562 0.664764 0.403281 0.665445 0.4026 0.666165 0.409887 0.665035 0.419113 0.669035 0.422707 0.666005 0.416138 0.659766 0.405756 0.64745 0.395816 0.631225 0.388607 0.63508 0.399505 0.652719 0.392886 0.656991 0.40188 0.665485 0.401299 0.666283 0.39226 0.657761 0.39363 0.656338 0.402562 0.664764 0.40188 0.665485 0.392886 0.656991 0.39436 0.65567 0.403328 0.664136 0.402562 0.664764 0.39363 0.656338 0.39226 0.657761 0.401299 0.666283 0.40062 0.667004 0.39165 0.658541 0.486583 0.158598 0.575224 0.161811 0.574934 0.167761 0.486508 0.164583 0.664013 0.167634 0.663573 0.173574 0.752952 0.175209 0.75244 0.181148 0.842057 0.183282 0.841519 0.189208 0.924635 0.188485 0.927954 0.195521 0.0452835 0.191946 0.130097 0.1793 0.130918 0.185157 0.042582 0.199241 0.219719 0.169304 0.220252 0.175246 0.308886 0.162796 0.309219 0.168735 0.397863 0.159458 0.398001 0.16538 0.39771 0.153046 0.486662 0.152277 0.486583 0.158598 0.397863 0.159458 0.575513 0.155447 0.575224 0.161811 0.664464 0.161282 0.664013 0.167634 0.753482 0.168844 0.752952 0.175209 0.8425 0.176894 0.842057 0.183282 0.929917 0.182414 0.924635 0.188485 0.927364 0.20175 0.841005 0.195525 0.841519 0.189208 0.927954 0.195521 0.751904 0.187501 0.75244 0.181148 0.66309 0.179968 0.663573 0.173574 0.574595 0.174115 0.574934 0.167761 0.486425 0.170907 0.486508 0.164583 0.39817 0.171742 0.398001 0.16538 0.309572 0.175134 0.309219 0.168735 0.220825 0.181542 0.220252 0.175246 0.131775 0.191479 0.130918 0.185157 0.0436721 0.205408 0.042582 0.199241 0.0391516 0.186428 0.129387 0.172978 0.130097 0.1793 0.0452835 0.191946 0.219167 0.163027 0.219719 0.169304 0.308509 0.156451 0.308886 0.162796 0.297922 0.375433 0.295823 0.369231 0.302239 0.368419 0.304064 0.372672 0.312404 0.364118 0.313761 0.367065 0.309043 0.36976 0.307469 0.366045 0.323699 0.393568 0.317135 0.392298 0.319221 0.385697 0.323612 0.386851 0.32333 0.375208 0.32647 0.376095 0.325252 0.381357 0.321405 0.380308 0.317135 0.392298 0.311216 0.389531 0.3146 0.383594 0.319221 0.385697 0.320383 0.373894 0.32333 0.375208 0.321405 0.380308 0.317662 0.378497 0.311216 0.389531 0.305863 0.385775 0.310357 0.380593 0.3146 0.383594 0.317786 0.372031 0.320383 0.373894 0.317662 0.378497 0.314238 0.376173 0.305863 0.385775 0.301377 0.380888 0.306776 0.376858 0.310357 0.380593 0.315601 0.369699 0.317786 0.372031 0.314238 0.376173 0.311368 0.373191 0.301377 0.380888 0.297922 0.375433 0.304064 0.372672 0.306776 0.376858 0.313761 0.367065 0.315601 0.369699 0.311368 0.373191 0.309043 0.36976 0.305127 0.37197 0.302995 0.367121 0.305977 0.36582 0.30789 0.370329 0.324852 0.385991 0.31973 0.384491 0.320979 0.381557 0.325714 0.382753 0.315328 0.382387 0.316947 0.379704 0.320979 0.381557 0.31973 0.384491 0.315328 0.382387 0.311302 0.379654 0.313409 0.377155 0.316947 0.379704 0.311302 0.379654 0.307857 0.376134 0.310281 0.374076 0.313409 0.377155 0.305127 0.37197 0.30789 0.370329 0.310281 0.374076 0.307857 0.376134 0.304064 0.372672 0.302239 0.368419 0.302995 0.367121 0.305127 0.37197 0.323612 0.386851 0.319221 0.385697 0.31973 0.384491 0.324852 0.385991 0.3146 0.383594 0.315328 0.382387 0.310357 0.380593 0.311302 0.379654 0.306776 0.376858 0.307857 0.376134 0.307469 0.366045 0.309043 0.36976 0.30789 0.370329 0.305977 0.36582 0.311368 0.373191 0.310281 0.374076 0.314238 0.376173 0.313409 0.377155 0.317662 0.378497 0.316947 0.379704 0.321405 0.380308 0.320979 0.381557 0.325252 0.381357 0.325714 0.382753 0.88347 0.635978 0.880985 0.636349 0.88106 0.522125 0.883534 0.521682 0.881923 0.367175 0.884173 0.366138 0.883948 0.408255 0.881654 0.409239 0.890601 0.636361 0.888276 0.635371 0.888304 0.521076 0.890601 0.522128 0.888333 0.36571 0.890249 0.367233 0.890201 0.409252 0.88822 0.407766 0.888276 0.635371 0.885794 0.634997 0.885831 0.520627 0.888304 0.521076 0.886097 0.364628 0.888333 0.36571 0.88822 0.407766 0.885933 0.406772 0.885794 0.634997 0.88347 0.635978 0.883534 0.521682 0.885831 0.520627 0.884173 0.366138 0.886097 0.364628 0.885933 0.406772 0.883948 0.408255 0.885851 0.462109 0.88371 0.463433 0.888242 0.462873 0.885851 0.462109 0.890381 0.464198 0.888242 0.462873 0.88371 0.463433 0.881318 0.464194 0.312006 0.412201 0.317465 0.416242 0.314709 0.420458 0.308566 0.417703 0.324536 0.426052 0.319769 0.423388 0.322017 0.41992 0.326227 0.423326 0.308566 0.417703 0.314709 0.420458 0.312951 0.424708 0.306498 0.423936 0.323175 0.429016 0.318177 0.42712 0.319769 0.423388 0.324536 0.426052 0.334207 0.399437 0.334136 0.40615 0.329758 0.407349 0.327643 0.400745 0.333933 0.417768 0.331976 0.412758 0.335881 0.411654 0.337085 0.416898 0.327643 0.400745 0.329758 0.407349 0.325196 0.409502 0.321779 0.403557 0.33104 0.419159 0.328211 0.41448 0.331976 0.412758 0.333933 0.417768 0.321779 0.403557 0.325196 0.409502 0.320987 0.412452 0.316494 0.407318 0.328485 0.421077 0.324883 0.416944 0.328211 0.41448 0.33104 0.419159 0.316494 0.407318 0.320987 0.412452 0.317465 0.416242 0.312006 0.412201 0.326227 0.423326 0.322017 0.41992 0.324883 0.416944 0.328485 0.421077 0.318428 0.417024 0.321008 0.419116 0.318558 0.422826 0.315864 0.421244 0.315864 0.421244 0.318558 0.422826 0.316662 0.427364 0.313639 0.426034 0.330379 0.408597 0.335381 0.407001 0.336323 0.410175 0.331586 0.411479 0.330379 0.408597 0.331586 0.411479 0.327554 0.413368 0.325844 0.410564 0.325844 0.410564 0.327554 0.413368 0.323955 0.415897 0.321905 0.413502 0.318428 0.417024 0.321905 0.413502 0.323955 0.415897 0.321008 0.419116 0.317465 0.416242 0.318428 0.417024 0.315864 0.421244 0.314709 0.420458 0.313639 0.426034 0.312951 0.424708 0.334136 0.40615 0.335381 0.407001 0.330379 0.408597 0.329758 0.407349 0.325844 0.410564 0.325196 0.409502 0.321905 0.413502 0.320987 0.412452 0.319769 0.423388 0.318558 0.422826 0.321008 0.419116 0.322017 0.41992 0.323955 0.415897 0.324883 0.416944 0.327554 0.413368 0.328211 0.41448 0.331586 0.411479 0.331976 0.412758 0.336323 0.410175 0.335881 0.411654 0.318177 0.42712 0.316662 0.427364 0.910625 0.363686 0.910687 0.477479 0.908205 0.477036 0.908132 0.363316 0.908795 0.633698 0.908654 0.591151 0.910953 0.592154 0.91105 0.634756 0.917779 0.363306 0.917779 0.477033 0.915474 0.478085 0.915448 0.364292 0.915224 0.635222 0.91524 0.59266 0.917232 0.591163 0.917152 0.633669 0.915448 0.364292 0.915474 0.478085 0.912992 0.478534 0.912957 0.364664 0.912976 0.636309 0.912942 0.593668 0.91524 0.59266 0.915224 0.635222 0.912957 0.364664 0.912992 0.478534 0.910687 0.477479 0.910625 0.363686 0.91105 0.634756 0.910953 0.592154 0.912942 0.593668 0.912976 0.636309 0.910839 0.536267 0.912986 0.537617 0.912986 0.537617 0.915387 0.53684 0.915387 0.53684 0.917536 0.535512 0.908439 0.535503 0.910839 0.536267 0.360183 0.388589 0.355662 0.383427 0.359223 0.379631 0.364689 0.383684 0.350424 0.372444 0.354652 0.375881 0.351802 0.378904 0.348247 0.374803 0.364689 0.383684 0.359223 0.379631 0.361988 0.375381 0.368152 0.378161 0.35218 0.369722 0.356973 0.372432 0.354652 0.375881 0.350424 0.372444 0.368152 0.378161 0.361988 0.375381 0.36377 0.371118 0.370241 0.371904 0.353564 0.366768 0.358569 0.368741 0.356973 0.372432 0.35218 0.369722 0.342358 0.396519 0.342394 0.389773 0.346834 0.388542 0.348951 0.395179 0.342694 0.378031 0.344666 0.383129 0.34075 0.384155 0.339557 0.378948 0.348951 0.395179 0.346834 0.388542 0.351437 0.386431 0.354863 0.392386 0.345596 0.376599 0.348428 0.381317 0.344666 0.383129 0.342694 0.378031 0.354863 0.392386 0.351437 0.386431 0.355662 0.383427 0.360183 0.388589 0.348247 0.374803 0.351802 0.378904 0.348428 0.381317 0.345596 0.376599 0.354852 0.382494 0.352664 0.379971 0.355656 0.376769 0.358112 0.378758 0.358112 0.378758 0.355656 0.376769 0.358148 0.373035 0.360863 0.374703 0.363091 0.369785 0.360863 0.374703 0.358148 0.373035 0.360017 0.368484 0.341163 0.388835 0.340305 0.385606 0.345039 0.384445 0.346285 0.387379 0.346285 0.387379 0.345039 0.384445 0.349073 0.382495 0.350715 0.385218 0.354852 0.382494 0.350715 0.385218 0.349073 0.382495 0.352664 0.379971 0.355662 0.383427 0.354852 0.382494 0.358112 0.378758 0.359223 0.379631 0.360863 0.374703 0.361988 0.375381 0.363091 0.369785 0.36377 0.371118 0.342394 0.389773 0.341163 0.388835 0.346285 0.387379 0.346834 0.388542 0.350715 0.385218 0.351437 0.386431 0.354652 0.375881 0.355656 0.376769 0.352664 0.379971 0.351802 0.378904 0.349073 0.382495 0.348428 0.381317 0.345039 0.384445 0.344666 0.383129 0.340305 0.385606 0.34075 0.384155 0.358569 0.368741 0.360017 0.368484 0.358148 0.373035 0.356973 0.372432 0.902091 0.633299 0.902029 0.519494 0.904511 0.519939 0.904584 0.633669 0.90404 0.363246 0.904126 0.405762 0.901828 0.404765 0.901788 0.362169 0.894936 0.63368 0.894936 0.519939 0.897241 0.518889 0.897268 0.632694 0.897615 0.361697 0.897543 0.404255 0.89555 0.405752 0.895685 0.363247 0.897268 0.632694 0.897241 0.518889 0.899723 0.51844 0.899759 0.632321 0.899864 0.360632 0.89984 0.403247 0.897543 0.404255 0.897615 0.361697 0.899759 0.632321 0.899723 0.51844 0.902029 0.519494 0.902091 0.633299 0.901788 0.362169 0.901828 0.404765 0.89984 0.403247 0.899864 0.360632 0.901917 0.460737 0.899771 0.459393 0.899771 0.459393 0.89737 0.46017 0.89737 0.46017 0.895221 0.461499 0.904317 0.46151 0.901917 0.460737 0.366996 0.411211 0.370878 0.416595 0.365055 0.419829 0.361962 0.415839 0.355946 0.426369 0.353982 0.423868 0.357803 0.420025 0.360398 0.423234 0.370878 0.416595 0.373522 0.422562 0.367218 0.423891 0.365055 0.419829 0.357547 0.429204 0.355946 0.426369 0.360398 0.423234 0.362313 0.426765 0.34337 0.401182 0.350034 0.401708 0.348678 0.408476 0.344207 0.407826 0.345754 0.419318 0.342549 0.418735 0.343182 0.413451 0.347144 0.414101 0.350034 0.401708 0.356213 0.403823 0.353489 0.410063 0.348678 0.408476 0.348794 0.42039 0.345754 0.419318 0.347144 0.414101 0.351054 0.415439 0.356213 0.403823 0.361906 0.407028 0.358021 0.412598 0.353489 0.410063 0.351615 0.421808 0.348794 0.42039 0.351054 0.415439 0.354676 0.417369 0.361906 0.407028 0.366996 0.411211 0.361962 0.415839 0.358021 0.412598 0.353982 0.423868 0.351615 0.421808 0.354676 0.417369 0.357803 0.420025 0.361091 0.416708 0.363983 0.420709 0.361478 0.422562 0.358804 0.419026 0.363983 0.420709 0.366678 0.425274 0.363802 0.426841 0.361478 0.422562 0.348301 0.409728 0.347408 0.41275 0.342549 0.412101 0.343083 0.408829 0.348301 0.409728 0.352902 0.411337 0.351555 0.414221 0.347408 0.41275 0.352902 0.411337 0.357194 0.413625 0.355407 0.416306 0.351555 0.414221 0.361091 0.416708 0.358804 0.419026 0.355407 0.416306 0.357194 0.413625 0.361962 0.415839 0.365055 0.419829 0.363983 0.420709 0.361091 0.416708 0.367218 0.423891 0.366678 0.425274 0.344207 0.407826 0.348678 0.408476 0.348301 0.409728 0.343083 0.408829 0.353489 0.410063 0.352902 0.411337 0.358021 0.412598 0.357194 0.413625 0.360398 0.423234 0.357803 0.420025 0.358804 0.419026 0.361478 0.422562 0.354676 0.417369 0.355407 0.416306 0.351054 0.415439 0.351555 0.414221 0.347144 0.414101 0.347408 0.41275 0.343182 0.413451 0.342549 0.412101 0.362313 0.426765 0.363802 0.426841 0.86784 0.367204 0.870333 0.366826 0.870722 0.479425 0.868241 0.479876 0.870925 0.63747 0.868671 0.638552 0.868622 0.595507 0.870918 0.594482 0.870333 0.366826 0.872671 0.367788 0.87303 0.480465 0.870722 0.479425 0.872853 0.639025 0.870925 0.63747 0.870918 0.594482 0.872905 0.596016 0.872671 0.367788 0.875165 0.368148 0.875513 0.480909 0.87303 0.480465 0.875104 0.64012 0.872853 0.639025 0.872905 0.596016 0.8752 0.59704 0.875165 0.368148 0.877495 0.36717 0.877818 0.479855 0.875513 0.480909 0.877035 0.638553 0.875104 0.64012 0.8752 0.59704 0.877192 0.59552 0.875402 0.540141 0.877551 0.538788 0.873004 0.539349 0.875402 0.540141 0.870861 0.538 0.873004 0.539349 0.868467 0.538784 0.870861 0.538 0.579594 0.670573 0.556193 0.684045 0.549862 0.677849 0.573266 0.663306 0.628439 0.632011 0.633126 0.641531 0.584676 0.678959 0.561635 0.691216 0.556193 0.684045 0.579594 0.670573 0.633126 0.641531 0.637724 0.650994 0.587777 0.688008 0.564643 0.700036 0.561635 0.691216 0.584676 0.678959 0.637724 0.650994 0.642402 0.660478 0.590186 0.697139 0.566319 0.708911 0.564643 0.700036 0.587777 0.688008 0.642402 0.660478 0.647177 0.670165 0.593841 0.705875 0.569068 0.717365 0.566319 0.708911 0.590186 0.697139 0.647177 0.670165 0.652006 0.679976 0.573266 0.663306 0.549862 0.677849 0.544186 0.671005 0.567061 0.656097 0.623666 0.622314 0.628439 0.632011 0.688697 0.616885 0.686817 0.607417 0.712607 0.597771 0.71364 0.606569 0.692265 0.625954 0.688697 0.616885 0.71364 0.606569 0.715978 0.615256 0.697521 0.633954 0.692265 0.625954 0.715978 0.615256 0.721089 0.623002 0.703293 0.641427 0.697521 0.633954 0.721089 0.623002 0.727131 0.629719 0.707995 0.649692 0.703293 0.641427 0.727131 0.629719 0.732161 0.637046 0.686817 0.607417 0.684884 0.598114 0.710658 0.589097 0.712607 0.597771 0.946983 0.131353 0.950118 0.122407 0.952287 0.128774 0.952287 0.128774 0.950118 0.122407 0.956238 0.124636 0.956238 0.124636 0.950118 0.122407 0.959523 0.119012 0.959523 0.119012 0.962268 0.109304 0.964957 0.115221 0.964957 0.115221 0.962268 0.109304 0.968786 0.111006 0.968786 0.111006 0.962268 0.109304 0.970816 0.105852 0.950784 0.139126 0.946983 0.131353 0.952287 0.128774 0.955705 0.133767 0.955705 0.133767 0.952287 0.128774 0.956238 0.124636 0.960269 0.128797 0.960269 0.128797 0.956238 0.124636 0.959523 0.119012 0.964723 0.123946 0.964723 0.123946 0.959523 0.119012 0.964957 0.115221 0.96901 0.119277 0.96901 0.119277 0.964957 0.115221 0.968786 0.111006 0.973564 0.114316 0.973564 0.114316 0.968786 0.111006 0.970816 0.105852 0.978896 0.108507 0.958852 0.142251 0.96097 0.136747 0.96097 0.136747 0.964758 0.132459 0.964758 0.132459 0.970082 0.128707 0.970082 0.128707 0.973397 0.122968 0.973397 0.122968 0.97727 0.118794 0.97727 0.118794 0.982231 0.116331 0.958852 0.142251 0.96097 0.136747 0.967499 0.138367 0.96097 0.136747 0.964758 0.132459 0.967499 0.138367 0.964758 0.132459 0.970082 0.128707 0.967499 0.138367 0.970082 0.128707 0.973397 0.122968 0.979521 0.125143 0.973397 0.122968 0.97727 0.118794 0.979521 0.125143 0.97727 0.118794 0.982231 0.116331 0.979521 0.125143 0.99262 0.0882659 0.995059 0.0882577 0.995059 0.155655 0.992926 0.15552 0.985297 0.0883579 0.987739 0.0883162 0.988663 0.155763 0.98622 0.155837 0.987739 0.0883162 0.990181 0.0882746 0.990794 0.155556 0.988663 0.155763 0.990181 0.0882746 0.99262 0.0882659 0.992926 0.15552 0.990794 0.155556 0.990147 0.0858308 0.990181 0.0882746 0.987739 0.0883162 0.987705 0.0858725 0.957109 0.199277 0.943499 0.202621 0.938335 0.17507 0.950013 0.177239 0.950013 0.177239 0.938335 0.17507 0.93892 0.17105 0.950421 0.175561 0.950421 0.175561 0.93892 0.17105 0.954702 0.149702 0.965489 0.156633 0.965489 0.156633 0.954702 0.149702 0.956286 0.148218 0.966521 0.154636 0.970003 0.199327 0.964634 0.180114 0.964634 0.180114 0.950013 0.177239 0.950421 0.175561 0.96513 0.177423 0.96513 0.177423 0.976977 0.162412 0.976977 0.162412 0.978142 0.160622 0.985118 0.19387 0.97889 0.182826 0.97889 0.182826 0.979135 0.180822 0.979135 0.180822 0.988783 0.172105 0.988783 0.172105 0.990544 0.17074 0.997155 0.1842 0.997155 0.1842 0.997155 0.1842 0.997155 0.1842 0.433148 0.790698 0.433144 0.795603 0.279149 0.795603 0.279145 0.790698 0.433154 0.775982 0.433149 0.780887 0.279154 0.780884 0.279149 0.775979 0.433149 0.780887 0.433144 0.785792 0.279149 0.785791 0.279154 0.780884 0.433144 0.785792 0.433148 0.790698 0.279145 0.790698 0.279149 0.785791 0.438054 0.785787 0.433144 0.785792 0.433149 0.780887 0.438056 0.780882 0.308194 0.850432 0.279084 0.850432 0.279419 0.82855 0.305655 0.830729 0.305655 0.830729 0.279419 0.82855 0.278879 0.82345 0.306165 0.826196 0.306165 0.826196 0.278879 0.82345 0.282153 0.802875 0.310626 0.805827 0.310626 0.805827 0.282153 0.802875 0.283856 0.798352 0.311164 0.800946 0.334896 0.847088 0.332668 0.831642 0.332668 0.831642 0.332913 0.826614 0.332913 0.826614 0.336634 0.812175 0.336634 0.812175 0.337547 0.807551 0.367178 0.844047 0.364286 0.833541 0.364286 0.833541 0.364189 0.828819 0.364189 0.828819 0.367614 0.818196 0.367614 0.818196 0.369505 0.813673 0.395633 0.830613 0.395633 0.830613 0.395633 0.830613 0.395633 0.830613 0.281598 0.859526 0.281599 0.854966 0.424292 0.854966 0.424294 0.859525 0.281594 0.873207 0.281598 0.868647 0.424293 0.868645 0.424297 0.873204 0.281598 0.868647 0.281594 0.864087 0.42429 0.864086 0.424293 0.868645 0.281594 0.864087 0.281598 0.859526 0.424294 0.859525 0.42429 0.864086 0.277031 0.864093 0.281594 0.864087 0.281598 0.868647 0.27703 0.868653 0.307392 0.928783 0.280441 0.928783 0.280745 0.908526 0.305016 0.910553 0.305016 0.910553 0.280745 0.908526 0.280244 0.903811 0.305481 0.906359 0.305481 0.906359 0.280244 0.903811 0.283272 0.884771 0.309581 0.887516 0.309581 0.887516 0.283272 0.884771 0.284856 0.880582 0.310077 0.882999 0.332149 0.925622 0.330011 0.911348 0.330011 0.911348 0.330215 0.906699 0.330215 0.906699 0.333585 0.893328 0.333585 0.893328 0.334405 0.889044 0.362035 0.922558 0.35928 0.912859 0.35928 0.912859 0.359154 0.908493 0.359154 0.908493 0.362235 0.898635 0.362235 0.898635 0.363943 0.89443 0.388258 0.909895 0.388258 0.909895 0.388258 0.909895 0.388258 0.909895 0.929297 0.186765 0.932342 0.194607 0.932342 0.194607 0.932455 0.201539 0.0379796 0.198732 0.0405762 0.190777 0.0387383 0.205494 0.0379796 0.198732 0.996029 0.920693 0.988077 0.920638 0.98839 0.777165 0.996333 0.777141 0.988077 0.920638 0.980145 0.920657 0.980447 0.777104 0.98839 0.777165 0.980145 0.920657 0.972211 0.920676 0.972504 0.777126 0.980447 0.777104 0.972211 0.920676 0.96426 0.920619 0.964561 0.777149 0.972504 0.777126 0.80822 0.831257 0.807209 0.837334 0.789146 0.843403 0.784432 0.839345 0.784432 0.839345 0.789146 0.843403 0.785838 0.86217 0.779976 0.864072 0.779976 0.864072 0.785838 0.86217 0.800156 0.874609 0.79892 0.880972 0.79892 0.880972 0.800156 0.874609 0.818104 0.86834 0.822679 0.872282 0.822679 0.872282 0.818104 0.86834 0.821654 0.849665 0.827761 0.8475 0.827761 0.8475 0.821654 0.849665 0.807209 0.837334 0.80822 0.831257 0.950874 0.847429 0.945005 0.84421 0.94438 0.81632 0.950182 0.812802 0.919744 0.796154 0.919931 0.802895 0.896073 0.817361 0.890204 0.814142 0.890894 0.848769 0.896696 0.845251 0.921333 0.865418 0.921146 0.858677 0.77549 0.831649 0.810475 0.819066 0.768256 0.868114 0.77549 0.831649 0.796698 0.892568 0.768256 0.868114 0.832074 0.880376 0.796698 0.892568 0.838901 0.843583 0.832074 0.880376 0.810475 0.819066 0.838901 0.843583 0.921446 0.847798 0.935727 0.838512 0.945005 0.84421 0.921146 0.858677 0.935727 0.838512 0.934815 0.821501 0.94438 0.81632 0.945005 0.84421 0.934815 0.821501 0.919631 0.813773 0.919931 0.802895 0.94438 0.81632 0.919631 0.813773 0.905351 0.823059 0.896073 0.817361 0.919931 0.802895 0.905351 0.823059 0.906262 0.84007 0.896696 0.845251 0.896073 0.817361 0.906262 0.84007 0.921446 0.847798 0.921146 0.858677 0.896696 0.845251 0.807209 0.837334 0.821654 0.849665 0.785838 0.86217 0.789146 0.843403 0.818104 0.86834 0.800156 0.874609 0.935727 0.838512 0.921446 0.847798 0.919631 0.813773 0.934815 0.821501 0.906262 0.84007 0.905351 0.823059 0.80537 0.962503 0.80018 0.97244 0.769188 0.961079 0.777315 0.92689 0.789883 0.931837 0.769188 0.961079 0.789883 0.931837 0.80295 0.937184 0.769188 0.961079 0.80295 0.937184 0.806352 0.945887 0.769188 0.961079 0.806352 0.945887 0.807954 0.954599 0.769188 0.961079 0.807954 0.954599 0.80537 0.962503 0.769188 0.961079 0.828871 0.973287 0.80018 0.97244 0.80537 0.962503 0.827871 0.963217 0.845784 0.960613 0.846547 0.973287 0.810238 0.919044 0.802402 0.906968 0.802402 0.906968 0.817874 0.897888 0.826114 0.908465 0.810238 0.919044 0.813686 0.931774 0.80295 0.937184 0.789883 0.931837 0.810238 0.919044 0.810238 0.919044 0.826114 0.908465 0.83374 0.920105 0.813686 0.931774 0.822926 0.939927 0.806352 0.945887 0.80295 0.937184 0.813686 0.931774 0.83374 0.920105 0.840571 0.933002 0.827635 0.95468 0.807954 0.954599 0.806352 0.945887 0.822926 0.939927 0.840571 0.933002 0.843813 0.946985 0.80537 0.962503 0.807954 0.954599 0.827635 0.95468 0.843813 0.946985 0.85814 0.91402 0.859208 0.907973 0.845244 0.89635 0.839572 0.898239 0.839572 0.898239 0.845244 0.89635 0.848367 0.878384 0.843887 0.87462 0.843887 0.87462 0.848367 0.878384 0.865519 0.872221 0.866394 0.86631 0.866394 0.86631 0.865519 0.872221 0.87947 0.883916 0.885029 0.881693 0.885029 0.881693 0.87947 0.883916 0.876322 0.901839 0.881026 0.90555 0.881026 0.90555 0.876322 0.901839 0.859208 0.907973 0.85814 0.91402 0.859208 0.907973 0.876322 0.901839 0.848367 0.878384 0.845244 0.89635 0.87947 0.883916 0.865519 0.872221 0.331947 0.664047 0.338337 0.657526 0.338525 0.66089 0.335245 0.664223 0.339283 0.656349 0.345412 0.64952 0.346653 0.647872 0.351875 0.64033 0.352663 0.643568 0.349981 0.647441 0.352751 0.63913 0.357606 0.631406 0.358539 0.634579 0.356053 0.638549 0.383991 0.600306 0.501483 0.507247 0.44256 0.645698 0.44256 0.645698 0.501483 0.507247 0.515367 0.656904 0.93071 0.184337 0.929917 0.182414 0.134131 0.362291 0.0426399 0.366456 0.181597 0.367682 0.0977109 0.386704 0.0947353 0.38597 0.181026 0.366348 0.515367 0.656904 0.501483 0.507247 0.584271 0.630598 0.584271 0.630598 0.501483 0.507247 0.631889 0.573434 0.0391516 0.186428 0.0385235 0.190845 0.951222 0.360609 0.863194 0.356026 0.264214 0.392486 0.265411 0.392934 0.733383 0.610236 0.732025 0.610719 0.732737 0.60834 0.734992 0.609314 0.731084 0.610041 0.731386 0.608939 0.544777 0.701251 0.546298 0.700274 0.548474 0.701484 0.547413 0.702548 0.547884 0.699711 0.54842 0.700449 0.305863 0.385775 0.303698 0.392198 0.294782 0.382179 0.301377 0.380888 0.297097 0.393568 0.292611 0.388549 0.303288 0.404469 0.307794 0.399437 0.312006 0.412201 0.305403 0.410861 0.314399 0.400871 0.316494 0.407318 0.364689 0.383684 0.371342 0.385095 0.362237 0.395065 0.360183 0.388589 0.373418 0.391515 0.368871 0.396519 0.369982 0.405119 0.376728 0.404615 0.370878 0.416595 0.366996 0.411211 0.380496 0.410168 0.377562 0.4162 0.99403 0.96691 0.99403 0.971486 0.989453 0.97146 0.989427 0.966965 0.960361 0.959066 0.961484 0.952257 0.987665 0.957757 0.986949 0.962297 0.960498 0.979704 0.959865 0.972837 0.986631 0.971517 0.987012 0.976104 0.959865 0.972837 0.959822 0.965941 0.986603 0.966898 0.986631 0.971517 0.959822 0.965941 0.960361 0.959066 0.986949 0.962297 0.986603 0.966898 0.92982 0.969444 0.936531 0.969942 0.936852 0.975182 0.928925 0.974739 0.936717 0.963245 0.930422 0.962774 0.930579 0.957599 0.937188 0.958048 0.930422 0.962774 0.92982 0.969444 0.916419 0.96554 0.916691 0.962998 0.915062 0.970716 0.916419 0.96554 0.930365 0.950805 0.930579 0.957599 0.916691 0.957488 0.916418 0.954996 0.916691 0.962998 0.916691 0.957488 0.936531 0.969942 0.936717 0.963245 0.950306 0.964985 0.950349 0.967555 0.950935 0.959514 0.950306 0.964985 0.937188 0.958048 0.938109 0.951201 0.951544 0.957035 0.950935 0.959514 0.950349 0.967555 0.951078 0.972857 0.992686 0.932963 0.992686 0.934305 0.915357 0.934323 0.915281 0.932979 0.992686 0.934305 0.992679 0.94137 0.915368 0.94136 0.915357 0.934323 0.992679 0.94137 0.992675 0.942713 0.915299 0.942704 0.915368 0.94136 0.992675 0.942713 0.992667 0.949775 0.915306 0.949766 0.915299 0.942704 0.906583 0.946247 0.906376 0.937858 0.906376 0.937858 0.906376 0.937858 0.953725 0.969788 0.950935 0.959514 0.951544 0.957035 0.954975 0.959191 0.953641 0.962595 0.950349 0.967555 0.950306 0.964985 0.954172 0.966206 0.913652 0.960243 0.916418 0.954996 0.916691 0.957488 0.912731 0.956661 0.912801 0.967356 0.916691 0.962998 0.916419 0.96554 0.912731 0.96386 0.990449 0.958118 0.989778 0.962582 0.989453 0.97146 0.989812 0.975947 0.989427 0.966965 0.989453 0.97146 0.989778 0.962582 0.989427 0.966965 0.909581 0.879207 0.909903 0.891672 0.903682 0.892044 0.903313 0.879453 0.941341 0.879281 0.941231 0.891901 0.93494 0.891581 0.935088 0.87914 0.935088 0.87914 0.93494 0.891581 0.92867 0.891401 0.928764 0.87898 0.928764 0.87898 0.92867 0.891401 0.922415 0.891336 0.922353 0.878905 0.922353 0.878905 0.922415 0.891336 0.916169 0.8914 0.915924 0.878962 0.915924 0.878962 0.916169 0.8914 0.909903 0.891672 0.909581 0.879207 0.903149 0.875342 0.9094 0.875092 0.935188 0.875029 0.941433 0.875167 0.928917 0.874852 0.935188 0.875029 0.937756 0.900147 0.933846 0.905704 0.930252 0.903993 0.934178 0.897917 0.941623 0.905752 0.937756 0.900147 0.941275 0.898021 0.945231 0.903962 0.9094 0.875092 0.915695 0.874836 0.943817 0.912426 0.937726 0.909994 0.937756 0.900147 0.941623 0.905752 0.931672 0.912408 0.933846 0.905704 0.931672 0.912408 0.927845 0.910973 0.947644 0.910973 0.943817 0.912426 0.916213 0.894183 0.909997 0.894553 0.922424 0.894017 0.916213 0.894183 0.928661 0.894209 0.922424 0.894017 0.934934 0.894369 0.928661 0.894209 0.941677 0.895045 0.934934 0.894369 0.909997 0.894553 0.903149 0.894995 0.909997 0.894553 0.916213 0.894183 0.916107 0.896641 0.910248 0.896821 0.922424 0.894017 0.922201 0.896496 0.928661 0.894209 0.928333 0.896663 0.934934 0.894369 0.934472 0.896827 0.941677 0.895045 0.939929 0.897451 0.903149 0.894995 0.904829 0.897419 0.903905 0.924044 0.901493 0.919867 0.909171 0.915434 0.911582 0.919612 0.901493 0.911002 0.903905 0.906825 0.911582 0.911257 0.909171 0.915434 0.911582 0.902392 0.916406 0.902392 0.916406 0.911257 0.911582 0.911257 0.924083 0.906825 0.926495 0.911002 0.918818 0.915434 0.916406 0.911257 0.926495 0.919867 0.924083 0.924044 0.916406 0.919612 0.918818 0.915434 0.916406 0.928477 0.911582 0.928477 0.911582 0.919612 0.916406 0.919612 0.911582 0.911257 0.916406 0.911257 0.911582 0.919612 0.909171 0.915434 0.918818 0.915434 0.916406 0.919612 0.909581 0.879207 0.909903 0.891672 0.903682 0.892044 0.903313 0.879453 0.941341 0.879281 0.941231 0.891901 0.93494 0.891581 0.935088 0.87914 0.935088 0.87914 0.93494 0.891581 0.92867 0.891401 0.928764 0.87898 0.928764 0.87898 0.92867 0.891401 0.922415 0.891336 0.922353 0.878905 0.922353 0.878905 0.922415 0.891336 0.916169 0.8914 0.915924 0.878962 0.915924 0.878962 0.916169 0.8914 0.909903 0.891672 0.909581 0.879207 0.903149 0.875342 0.9094 0.875092 0.935188 0.875029 0.941433 0.875167 0.928917 0.874852 0.935188 0.875029 0.937756 0.900147 0.933846 0.905704 0.930252 0.903993 0.934178 0.897917 0.941623 0.905752 0.937756 0.900147 0.941275 0.898021 0.945231 0.903962 0.9094 0.875092 0.915695 0.874836 0.943817 0.912426 0.937726 0.909994 0.937756 0.900147 0.941623 0.905752 0.931672 0.912408 0.933846 0.905704 0.931672 0.912408 0.927845 0.910973 0.947644 0.910973 0.943817 0.912426 0.916213 0.894183 0.909997 0.894553 0.922424 0.894017 0.916213 0.894183 0.928661 0.894209 0.922424 0.894017 0.934934 0.894369 0.928661 0.894209 0.941677 0.895045 0.934934 0.894369 0.909997 0.894553 0.903149 0.894995 0.909997 0.894553 0.916213 0.894183 0.916107 0.896641 0.910248 0.896821 0.922424 0.894017 0.922201 0.896496 0.928661 0.894209 0.928333 0.896663 0.934934 0.894369 0.934472 0.896827 0.941677 0.895045 0.939929 0.897451 0.903149 0.894995 0.904829 0.897419 0.903905 0.924044 0.901493 0.919867 0.909171 0.915434 0.911582 0.919612 0.901493 0.911002 0.903905 0.906825 0.911582 0.911257 0.909171 0.915434 0.911582 0.902392 0.916406 0.902392 0.916406 0.911257 0.911582 0.911257 0.924083 0.906825 0.926495 0.911002 0.918818 0.915434 0.916406 0.911257 0.926495 0.919867 0.924083 0.924044 0.916406 0.919612 0.918818 0.915434 0.916406 0.928477 0.911582 0.928477 0.911582 0.919612 0.916406 0.919612 0.911582 0.911257 0.916406 0.911257 0.911582 0.919612 0.909171 0.915434 0.918818 0.915434 0.916406 0.919612 </float_array>
          <technique_common>
            <accessor count="3029" offset="0" source="#meshId0-tex0-array" stride="2">
              <param name="S" type="float" />
              <param name="T" type="float" />
            </accessor>
          </technique_common>
        </source>
        <vertices id="meshId0-vertices">
          <input semantic="POSITION" source="#meshId0-positions" />
          <input semantic="NORMAL" source="#meshId0-normals" />
          <input semantic="TANGENT" source="#meshId0-tangents" />
          <input semantic="BINORMAL" source="#meshId0-bitangents" />
          <input semantic="TEXCOORD" source="#meshId0-tex0"  />
        </vertices>
        <polylist count="1938" material="defaultMaterial">
          <input offset="0" semantic="VERTEX" source="#meshId0-vertices" />
          <vcount>3 3 3 3 3 3 3 3 3 3 3 3 3 3 3 3 3 3 3 3 3 3 3 3 3 3 3 3 3 3 3 3 3 3 3 3 3 3 3 3 3 3 3 3 3 3 3 3 3 3 3 3 3 3 3 3 3 3 3 3 3 3 3 3 3 3 3 3 3 3 3 3 3 3 3 3 3 3 3 3 3 3 3 3 3 3 3 3 3 3 3 3 3 3 3 3 3 3 3 3 3 3 3 3 3 3 3 3 3 3 3 3 3 3 3 3 3 3 3 3 3 3 3 3 3 3 3 3 3 3 3 3 3 3 3 3 3 3 3 3 3 3 3 3 3 3 3 3 3 3 3 3 3 3 3 3 3 3 3 3 3 3 3 3 3 3 3 3 3 3 3 3 3 3 3 3 3 3 3 3 3 3 3 3 3 3 3 3 3 3 3 3 3 3 3 3 3 3 3 3 3 3 3 3 3 3 3 3 3 3 3 3 3 3 3 3 3 3 3 3 3 3 3 3 3 3 3 3 3 3 3 3 3 3 3 3 3 3 3 3 3 3 3 3 3 3 3 3 3 3 3 3 3 3 3 3 3 3 3 3 3 3 3 3 3 3 3 3 3 3 3 3 3 3 3 3 3 3 3 3 3 3 3 3 3 3 3 3 3 3 3 3 3 3 3 3 3 3 3 3 3 3 3 3 3 3 3 3 3 3 3 3 3 3 3 3 3 3 3 3 3 3 3 3 3 3 3 3 3 3 3 3 3 3 3 3 3 3 3 3 3 3 3 3 3 3 3 3 3 3 3 3 3 3 3 3 3 3 3 3 3 3 3 3 3 3 3 3 3 3 3 3 3 3 3 3 3 3 3 3 3 3 3 3 3 3 3 3 3 3 3 3 3 3 3 3 3 3 3 3 3 3 3 3 3 3 3 3 3 3 3 3 3 3 3 3 3 3 3 3 3 3 3 3 3 3 3 3 3 3 3 3 3 3 3 3 3 3 3 3 3 3 3 3 3 3 3 3 3 3 3 3 3 3 3 3 3 3 3 3 3 3 3 3 3 3 3 3 3 3 3 3 3 3 3 3 3 3 3 3 3 3 3 3 3 3 3 3 3 3 3 3 3 3 3 3 3 3 3 3 3 3 3 3 3 3 3 3 3 3 3 3 3 3 3 3 3 3 3 3 3 3 3 3 3 3 3 3 3 3 3 3 3 3 3 3 3 3 3 3 3 3 3 3 3 3 3 3 3 3 3 3 3 3 3 3 3 3 3 3 3 3 3 3 3 3 3 3 3 3 3 3 3 3 3 3 3 3 3 3 3 3 3 3 3 3 3 3 3 3 3 3 3 3 3 3 3 3 3 3 3 3 3 3 3 3 3 3 3 3 3 3 3 3 3 3 3 3 3 3 3 3 3 3 3 3 3 3 3 3 3 3 3 3 3 3 3 3 3 3 3 3 3 3 3 3 3 3 3 3 3 3 3 3 3 3 3 3 3 3 3 3 3 3 3 3 3 3 3 3 3 3 3 3 3 3 3 3 3 3 3 3 3 3 3 3 3 3 3 3 3 3 3 3 3 3 3 3 3 3 3 3 3 3 3 3 3 3 3 3 3 3 3 3 3 3 3 3 3 3 3 3 3 3 3 3 3 3 3 3 3 3 3 3 3 3 3 3 3 3 3 3 3 3 3 3 3 3 3 3 3 3 3 3 3 3 3 3 3 3 3 3 3 3 3 3 3 3 3 3 3 3 3 3 3 3 3 3 3 3 3 3 3 3 3 3 3 3 3 3 3 3 3 3 3 3 3 3 3 3 3 3 3 3 3 3 3 3 3 3 3 3 3 3 3 3 3 3 3 3 3 3 3 3 3 3 3 3 3 3 3 3 3 3 3 3 3 3 3 3 3 3 3 3 3 3 3 3 3 3 3 3 3 3 3 3 3 3 3 3 3 3 3 3 3 3 3 3 3 3 3 3 3 3 3 3 3 3 3 3 3 3 3 3 3 3 3 3 3 3 3 3 3 3 3 3 3 3 3 3 3 3 3 3 3 3 3 3 3 3 3 3 3 3 3 3 3 3 3 3 3 3 3 3 3 3 3 3 3 3 3 3 3 3 3 3 3 3 3 3 3 3 3 3 3 3 3 3 3 3 3 3 3 3 3 3 3 3 3 3 3 3 3 3 3 3 3 3 3 3 3 3 3 3 3 3 3 3 3 3 3 3 3 3 3 3 3 3 3 3 3 3 3 3 3 3 3 3 3 3 3 3 3 3 3 3 3 3 3 3 3 3 3 3 3 3 3 3 3 3 3 3 3 3 3 3 3 3 3 3 3 3 3 3 3 3 3 3 3 3 3 3 3 3 3 3 3 3 3 3 3 3 3 3 3 3 3 3 3 3 3 3 3 3 3 3 3 3 3 3 3 3 3 3 3 3 3 3 3 3 3 3 3 3 3 3 3 3 3 3 3 3 3 3 3 3 3 3 3 3 3 3 3 3 3 3 3 3 3 3 3 3 3 3 3 3 3 3 3 3 3 3 3 3 3 3 3 3 3 3 3 3 3 3 3 3 3 3 3 3 3 3 3 3 3 3 3 3 3 3 3 3 3 3 3 3 3 3 3 3 3 3 3 3 3 3 3 3 3 3 3 3 3 3 3 3 3 3 3 3 3 3 3 3 3 3 3 3 3 3 3 3 3 3 3 3 3 3 3 3 3 3 3 3 3 3 3 3 3 3 3 3 3 3 3 3 3 3 3 3 3 3 3 3 3 3 3 3 3 3 3 3 3 3 3 3 3 3 3 3 3 3 3 3 3 3 3 3 3 3 3 3 3 3 3 3 3 3 3 3 3 3 3 3 3 3 3 3 3 3 3 3 3 3 3 3 3 3 3 3 3 3 3 3 3 3 3 3 3 3 3 3 3 3 3 3 3 3 3 3 3 3 3 3 3 3 3 3 3 3 3 3 3 3 3 3 3 3 3 3 3 3 3 3 3 3 3 3 3 3 3 3 3 3 3 3 3 3 3 3 3 3 3 3 3 3 3 3 3 3 3 3 3 3 3 3 3 3 3 3 3 3 3 3 3 3 3 3 3 3 3 3 3 3 3 3 3 3 3 3 3 3 3 3 3 3 3 3 3 3 3 3 3 3 3 3 3 3 3 3 3 3 3 3 3 3 3 3 3 3 3 3 3 3 3 3 3 3 3 3 3 3 3 3 3 3 3 3 3 3 3 3 3 3 3 3 3 3 3 3 3 3 3 3 3 3 3 3 3 3 3 3 3 3 3 3 3 3 3 3 3 3 3 3 3 3 3 3 3 3 3 3 3 3 3 3 3 3 3 3 3 3 3 3 3 3 3 3 3 3 3 3 3 3 3 3 3 3 3 3 3 3 3 3 3 3 3 3 3 3 3 3 3 3 3 3 3 3 3 3 3 3 3 3 3 3 3 3 3 3 3 3 3 3 3 3 3 3 3 3 3 3 3 3 3 3 3 3 3 3 3 3 3 3 3 3 3 3 3 3 3 3 3 3 3 3 3 3 3 3 3 3 3 3 3 3 3 3 3 3 3 3 3 3 3 3 3 3 3 3 3 3 3 3 3 3 3 3 3 3 3 3 3 3 3 3 3 3 3 3 3 3 3 3 3 3 3 3 3 3 3 3 3 3 3 3 3 3 3 3 3 3 3 3 3 3 3 3 3 3 3 3 3 3 3 3 3 3 3 3 3 3 3 3 3 3 3 3 3 3 3 3 3 3 3 3 3 3 3 3 3 3 3 3 3 3 3 3 3 3 3 3 3 3 3 3 3 3 3 3 3 3 3 3 3 3 3 3 3 3 3 3 3 3 3 3 3 3 3 3 3 3 3 3 3 3 3 3 3 3 3 3 3 3 3 3 3 3 3 3 3 3 3 3 3 3 3 3 3 3 3 3 3 3 3 3 3 3 3 3 3 3 3 3 3 3 3 3 3 3 3 3 3 3 3 3 3 3 3 3 3 3 3 3 3 3 3 3 3 3 3 3 3 3 3 3 3 3 3 3 3 3 3 3 3 3 3 3 3 3 3 3 3 3 3 3 3 3 3 3 3 3 3 3 3 3 3 3 3 3 3 3 3 3 3 3 3 3 3 3 3 3 3 3 3 3 3 3 3 3 3 3 3 3 3 3 3 3 3 3 3 3 3 3 3 3 3 3 3 3 3 3 3 3 3 3 3 3 3 3 3 3 3 3 3 3 3 3 3 3 3 3 3 3 3 3 3 3 3 3 3 3 3 3 3 3 3 3 3 3 3 3 3 3 3 3 3 3 3 3 3 3 3 3 3 3 3 3 3 3 3 3 3 3 3 3 3 3 3 3 3 3 3 3 3 3 3 3 </vcount>
          <p>0 1 2 3 4 5 6 7 8 9 10 11 12 13 14 15 16 17 18 19 20 21 22 23 27 24 25 25 26 27 24 28 29 29 25 24 28 30 31 31 29 28 30 32 33 33 31 30 32 34 35 35 33 32 39 36 37 37 38 39 36 40 41 41 37 36 40 42 43 43 41 40 42 44 45 45 43 42 44 27 26 26 45 44 49 46 47 47 48 49 48 47 50 50 51 48 51 50 52 52 53 51 53 52 54 54 55 53 55 54 56 56 57 55 61 58 59 59 60 61 60 59 62 62 63 60 63 62 64 64 65 63 65 64 66 66 67 65 67 66 46 46 49 67 68 69 70 71 72 73 77 74 75 75 76 77 74 78 79 79 80 74 78 81 82 82 83 78 81 84 85 85 86 81 90 87 88 88 89 90 94 91 92 92 93 94 98 95 96 96 97 98 95 77 99 99 100 95 101 102 103 104 105 106 107 108 109 113 110 111 111 112 113 117 114 115 115 116 117 118 119 120 121 122 123 124 125 126 127 128 129 130 131 132 134 133 74 74 77 134 133 134 135 135 136 133 133 137 78 78 74 133 137 133 136 136 138 137 137 139 81 81 78 137 139 137 138 138 140 139 139 141 84 84 81 139 141 139 140 140 142 141 141 143 144 144 84 141 143 141 142 142 145 143 149 146 147 147 148 149 146 149 150 150 151 146 146 152 153 153 147 146 152 146 151 151 154 152 152 155 98 98 156 152 155 152 154 154 157 155 155 158 95 95 98 155 158 155 157 157 159 158 158 134 77 77 95 158 134 158 159 159 135 134 161 160 67 67 49 161 160 161 162 162 163 160 160 164 65 65 67 160 164 160 163 163 165 164 164 166 63 63 65 164 166 164 165 165 167 166 166 168 60 60 63 166 168 166 167 167 169 168 173 170 171 171 172 173 170 173 174 174 175 170 168 176 61 61 60 168 176 168 169 169 177 176 181 178 179 179 180 181 178 181 182 182 183 178 185 184 55 55 57 185 184 185 186 186 187 184 184 188 53 53 55 184 188 184 187 187 189 188 188 190 51 51 53 188 190 188 189 189 191 190 190 192 48 48 51 190 192 190 191 191 193 192 192 161 49 49 48 192 161 192 193 193 162 161 197 194 195 195 196 197 201 198 199 199 200 201 200 199 202 202 203 200 203 202 204 204 205 203 205 204 206 206 207 205 207 206 194 194 197 207 211 208 209 209 210 211 210 209 212 212 213 210 213 212 214 214 215 213 215 214 216 216 217 215 217 216 218 218 219 217 221 220 208 208 211 221 225 222 223 223 224 225 229 226 227 227 228 229 233 230 231 231 232 233 237 234 235 235 236 237 241 238 239 239 240 241 245 242 243 243 244 245 249 246 247 247 248 249 253 250 251 251 252 253 257 254 255 255 256 257 261 258 259 259 260 261 265 262 263 263 264 265 269 266 267 267 268 269 273 270 271 271 272 273 272 271 274 274 275 272 275 274 276 276 277 275 277 276 278 278 279 277 283 280 281 281 282 283 282 281 270 270 273 282 287 284 285 285 286 287 286 285 288 288 289 286 293 290 291 291 292 293 292 291 294 294 295 292 295 294 296 296 297 295 297 296 284 284 287 297 301 298 299 299 300 301 305 302 303 303 304 305 309 306 307 307 308 309 313 310 311 311 312 313 317 314 315 315 316 317 321 318 319 319 320 321 325 322 323 323 324 325 329 326 327 327 328 329 333 330 331 331 332 333 337 334 335 335 336 337 341 338 339 339 340 341 345 342 343 343 344 345 349 346 347 347 348 349 348 347 350 350 351 348 351 350 352 352 353 351 353 352 354 354 355 353 359 356 357 357 358 359 358 357 346 346 349 358 363 360 361 361 362 363 362 361 364 364 365 362 369 366 367 367 368 369 368 367 370 370 371 368 371 370 372 372 373 371 373 372 360 360 363 373 377 374 375 375 376 377 381 378 379 379 380 381 385 382 383 383 384 385 389 386 387 387 388 389 393 390 391 391 392 393 397 394 395 395 396 397 401 398 399 399 400 401 405 402 403 403 404 405 409 406 407 407 408 409 413 410 411 411 412 413 417 414 415 415 416 417 421 418 419 419 420 421 425 422 423 423 424 425 424 423 426 426 427 424 427 426 428 428 429 427 429 428 430 430 431 429 435 432 433 433 434 435 434 433 422 422 425 434 439 436 437 437 438 439 438 437 440 440 441 438 445 442 443 443 444 445 444 443 446 446 447 444 447 446 448 448 449 447 449 448 436 436 439 449 453 450 451 451 452 453 457 454 455 455 456 457 461 458 459 459 460 461 465 462 463 463 464 465 469 466 467 467 468 469 473 470 471 471 472 473 477 474 475 475 476 477 481 478 479 479 480 481 485 482 483 483 484 485 489 486 487 487 488 489 493 490 491 491 492 493 497 494 495 495 496 497 501 498 499 499 500 501 500 499 502 502 503 500 503 502 504 504 505 503 505 504 506 506 507 505 511 508 509 509 510 511 510 509 498 498 501 510 515 512 513 513 514 515 514 513 516 516 517 514 521 518 519 519 520 521 520 519 522 522 523 520 523 522 524 524 525 523 525 524 512 512 515 525 529 526 527 527 528 529 533 530 531 531 532 533 537 534 535 535 536 537 541 538 539 539 540 541 545 542 543 543 544 545 549 546 547 547 548 549 553 550 551 551 552 553 557 554 555 555 556 557 561 558 559 559 560 561 565 562 563 563 564 565 569 566 567 567 568 569 573 570 571 571 572 573 577 574 575 575 576 577 581 578 579 579 580 581 585 582 583 583 584 585 589 586 587 587 588 589 593 590 591 591 592 593 597 594 595 595 596 597 601 598 599 599 600 601 605 602 603 603 604 605 609 606 607 607 608 609 613 610 611 611 612 613 617 614 615 615 616 617 621 618 619 619 620 621 625 622 623 623 624 625 629 626 627 627 628 629 633 630 631 631 632 633 637 634 635 635 636 637 641 638 639 639 640 641 645 642 643 643 644 645 649 646 647 647 648 649 653 650 651 651 652 653 657 654 655 655 656 657 661 658 659 659 660 661 665 662 663 663 664 665 669 666 667 667 668 669 673 670 671 671 672 673 677 674 675 675 676 677 681 678 679 679 680 681 685 682 683 683 684 685 689 686 687 687 688 689 693 690 691 691 692 693 697 694 695 695 696 697 701 698 699 699 700 701 705 702 703 703 704 705 709 706 707 707 708 709 713 710 711 711 712 713 717 714 715 715 716 717 721 718 719 719 720 721 725 722 723 723 724 725 729 726 727 727 728 729 733 730 731 731 732 733 737 734 735 735 736 737 741 738 739 739 740 741 745 742 743 743 744 745 749 746 747 747 748 749 753 750 751 751 752 753 757 754 755 755 756 757 761 758 759 759 760 761 765 762 763 763 764 765 769 766 767 767 768 769 773 770 771 771 772 773 777 774 775 775 776 777 781 778 779 779 780 781 785 782 783 783 784 785 789 786 787 787 788 789 793 790 791 791 792 793 797 794 795 795 796 797 801 798 799 799 800 801 805 802 803 803 804 805 809 806 807 807 808 809 813 810 811 811 812 813 817 814 815 815 816 817 821 818 819 819 820 821 825 822 823 823 824 825 829 826 827 827 828 829 833 830 831 831 832 833 837 834 835 835 836 837 841 838 839 839 840 841 845 842 843 843 844 845 849 846 847 847 848 849 853 850 851 851 852 853 857 854 855 855 856 857 861 858 859 859 860 861 865 862 863 863 864 865 869 866 867 867 868 869 873 870 871 871 872 873 877 874 875 875 876 877 881 878 879 879 880 881 885 882 883 883 884 885 889 886 887 887 888 889 893 890 891 891 892 893 897 894 895 895 896 897 901 898 899 899 900 901 905 902 903 903 904 905 909 906 907 907 908 909 913 910 911 911 912 913 917 914 915 915 916 917 921 918 919 919 920 921 925 922 923 923 924 925 929 926 927 927 928 929 933 930 931 931 932 933 937 934 935 935 936 937 941 938 939 939 940 941 945 942 943 943 944 945 949 946 947 947 948 949 953 950 951 951 952 953 957 954 955 955 956 957 961 958 959 959 960 961 965 962 963 963 964 965 969 966 967 967 968 969 973 970 971 971 972 973 977 974 975 975 976 977 981 978 979 979 980 981 985 982 983 983 984 985 989 986 987 987 988 989 993 990 991 991 992 993 997 994 995 995 996 997 1001 998 999 999 1000 1001 1005 1002 1003 1003 1004 1005 1009 1006 1007 1007 1008 1009 1013 1010 1011 1011 1012 1013 1017 1014 1015 1015 1016 1017 1021 1018 1019 1019 1020 1021 1025 1022 1023 1023 1024 1025 1029 1026 1027 1027 1028 1029 1033 1030 1031 1031 1032 1033 1037 1034 1035 1035 1036 1037 1041 1038 1039 1039 1040 1041 1045 1042 1043 1043 1044 1045 1049 1046 1047 1047 1048 1049 1053 1050 1051 1051 1052 1053 1057 1054 1055 1055 1056 1057 1061 1058 1059 1059 1060 1061 1065 1062 1063 1063 1064 1065 1069 1066 1067 1067 1068 1069 1073 1070 1071 1071 1072 1073 1077 1074 1075 1075 1076 1077 1081 1078 1079 1079 1080 1081 1085 1082 1083 1083 1084 1085 1089 1086 1087 1087 1088 1089 1091 1089 1088 1088 1090 1091 1095 1092 1093 1093 1094 1095 1099 1096 1097 1097 1098 1099 1103 1100 1101 1101 1102 1103 1105 1103 1102 1102 1104 1105 1109 1106 1107 1107 1108 1109 1111 1078 1081 1081 1110 1111 1115 1112 1113 1113 1114 1115 1119 1116 1117 1117 1118 1119 1123 1120 1121 1121 1122 1123 1125 1123 1122 1122 1124 1125 1129 1126 1127 1127 1128 1129 1133 1130 1131 1131 1132 1133 1137 1134 1135 1135 1136 1137 1141 1138 1139 1139 1140 1141 1143 1141 1140 1140 1142 1143 1113 1144 1145 1145 1114 1113 1117 1116 1146 1146 1147 1117 1147 1146 1109 1109 1108 1147 1149 1111 1110 1110 1148 1149 1153 1150 1151 1151 1152 1153 1153 1152 1154 1154 1155 1153 1159 1156 1157 1157 1158 1159 1163 1160 1161 1161 1162 1163 1167 1164 1165 1165 1166 1167 1171 1168 1169 1169 1170 1171 1171 1170 1172 1172 1173 1171 1079 1174 1175 1175 1080 1079 1083 1082 1112 1112 1115 1083 1172 1175 1174 1174 1173 1172 1165 1169 1168 1168 1166 1165 1154 1157 1156 1156 1155 1154 1148 1151 1150 1150 1149 1148 1124 1127 1126 1126 1125 1124 1118 1121 1120 1120 1119 1118 1104 1107 1106 1106 1105 1104 1098 1101 1100 1100 1099 1098 1179 1176 1177 1177 1178 1179 1183 1180 1181 1181 1182 1183 1187 1184 1185 1185 1186 1187 1191 1188 1189 1189 1190 1191 1195 1192 1193 1193 1194 1195 1199 1196 1197 1197 1198 1199 1203 1200 1201 1201 1202 1203 1207 1204 1205 1205 1206 1207 1211 1208 1209 1209 1210 1211 1215 1212 1213 1213 1214 1215 1219 1216 1217 1217 1218 1219 1223 1220 1221 1221 1222 1223 1227 1224 1225 1225 1226 1227 1231 1228 1229 1229 1230 1231 1235 1232 1233 1233 1234 1235 1239 1236 1237 1237 1238 1239 1243 1240 1241 1241 1242 1243 1242 1241 1244 1244 1245 1242 1247 1242 1245 1245 1246 1247 1248 1243 1242 1242 1247 1248 1252 1249 1250 1250 1251 1252 1256 1253 1254 1254 1255 1256 1260 1257 1258 1258 1259 1260 1264 1261 1262 1262 1263 1264 1268 1265 1266 1266 1267 1268 1272 1269 1270 1270 1271 1272 1276 1273 1274 1274 1275 1276 1280 1277 1278 1278 1279 1280 1284 1281 1282 1282 1283 1284 1288 1285 1286 1286 1287 1288 1292 1289 1290 1290 1291 1292 1294 1293 1292 1292 1291 1294 1296 1293 1294 1294 1295 1296 1298 1297 1296 1296 1295 1298 1300 1299 1297 1297 1298 1300 1290 1289 1299 1299 1300 1290 1302 1265 1268 1268 1301 1302 1304 1269 1272 1272 1303 1304 1306 1273 1276 1276 1305 1306 1308 1277 1280 1280 1307 1308 1310 1281 1284 1284 1309 1310 1312 1285 1288 1288 1311 1312 1316 1313 1314 1314 1315 1316 1320 1317 1318 1318 1319 1320 1324 1321 1322 1322 1323 1324 1328 1325 1326 1326 1327 1328 1332 1329 1330 1330 1331 1332 1336 1333 1334 1334 1335 1336 1340 1337 1338 1338 1339 1340 1339 1338 1341 1341 1342 1339 1346 1343 1344 1344 1345 1346 1345 1344 1347 1347 1348 1345 1349 1350 1351 1352 1353 1354 1355 1356 1357 1358 1359 1360 1361 1362 1363 1364 1365 1366 1370 1367 1368 1368 1369 1370 1367 1370 1371 1371 1372 1367 1374 1373 1353 1353 1352 1374 1378 1375 1376 1376 1377 1378 1382 1379 1380 1380 1381 1382 1386 1383 1384 1384 1385 1386 1390 1387 1388 1388 1389 1390 1387 1390 1391 1391 1392 1387 1396 1393 1394 1394 1395 1396 1393 1396 1397 1397 1398 1393 1401 1370 1399 1399 1400 1401 1370 1401 1402 1402 1371 1370 1406 1403 1404 1404 1405 1406 1410 1407 1408 1408 1409 1410 1414 1411 1412 1412 1413 1414 1418 1415 1416 1416 1417 1418 1422 1419 1420 1420 1421 1422 1426 1423 1424 1424 1425 1426 1430 1427 1428 1428 1429 1430 1429 1428 1431 1431 1432 1429 1436 1433 1434 1434 1435 1436 1440 1437 1438 1438 1439 1440 1444 1441 1442 1442 1443 1444 1448 1445 1446 1446 1447 1448 1452 1449 1450 1450 1451 1452 1456 1453 1454 1454 1455 1456 1460 1457 1458 1458 1459 1460 1464 1461 1462 1462 1463 1464 1468 1465 1466 1466 1467 1468 1472 1469 1470 1470 1471 1472 1476 1473 1474 1474 1475 1476 1480 1477 1478 1478 1479 1480 1484 1481 1482 1482 1483 1484 1485 1486 1487 1488 1489 1490 1491 1492 1493 1494 1495 1496 1500 1497 1498 1498 1499 1500 1504 1501 1502 1502 1503 1504 1508 1505 1506 1506 1507 1508 1505 1508 1501 1501 1504 1505 1512 1509 1510 1510 1511 1512 1509 1512 1494 1494 1496 1509 1516 1513 1514 1514 1515 1516 1513 1516 1491 1491 1493 1513 1520 1517 1518 1518 1519 1520 1517 1520 1488 1488 1490 1517 1524 1521 1522 1522 1523 1524 1521 1524 1485 1485 1487 1521 1528 1525 1526 1526 1527 1528 1527 1526 1529 1529 1530 1527 1530 1529 1531 1531 1532 1530 1532 1531 1533 1533 1534 1532 1533 1535 1536 1536 1534 1533 1540 1537 1538 1538 1539 1540 1539 1538 1541 1541 1542 1539 1542 1541 1543 1543 1544 1542 1544 1543 1545 1545 1546 1544 1546 1545 1525 1525 1528 1546 1550 1547 1548 1548 1549 1550 1549 1548 1551 1551 1552 1549 1552 1551 1553 1553 1554 1552 1554 1553 1555 1555 1556 1554 1556 1555 1557 1557 1558 1556 1558 1557 1559 1559 1560 1558 1564 1561 1562 1562 1563 1564 1563 1562 1565 1565 1566 1563 1566 1565 1567 1567 1568 1566 1568 1567 1569 1569 1570 1568 1570 1569 1571 1571 1572 1570 1572 1571 1573 1573 1574 1572 1574 1573 1575 1575 1576 1574 1576 1575 1577 1577 1578 1576 1578 1577 1579 1579 1580 1578 1580 1579 1581 1581 1582 1580 1586 1583 1584 1584 1585 1586 1585 1584 1587 1587 1588 1585 1588 1587 1589 1589 1590 1588 1590 1589 1547 1547 1550 1590 1594 1591 1592 1592 1593 1594 1598 1595 1596 1596 1597 1598 1602 1599 1600 1600 1601 1602 1606 1603 1604 1604 1605 1606 1610 1607 1608 1608 1609 1610 1614 1611 1612 1612 1613 1614 1618 1615 1616 1616 1617 1618 1622 1619 1620 1620 1621 1622 1626 1623 1624 1624 1625 1626 1630 1627 1628 1628 1629 1630 1634 1631 1632 1632 1633 1634 1638 1635 1636 1636 1637 1638 1642 1639 1640 1640 1641 1642 1646 1643 1644 1644 1645 1646 1650 1647 1648 1648 1649 1650 1654 1651 1652 1652 1653 1654 1658 1655 1656 1656 1657 1658 1662 1659 1660 1660 1661 1662 1666 1663 1664 1664 1665 1666 1670 1667 1668 1668 1669 1670 1669 1668 1671 1671 1672 1669 1672 1671 1673 1673 1674 1672 1674 1673 1675 1675 1676 1674 1676 1675 1663 1663 1666 1676 1680 1677 1678 1678 1679 1680 1679 1678 1681 1681 1682 1679 1682 1681 1683 1683 1684 1682 1684 1683 1685 1685 1686 1684 1686 1685 1687 1687 1688 1686 1688 1687 1689 1689 1690 1688 1694 1691 1692 1692 1693 1694 1698 1695 1696 1696 1697 1698 1702 1699 1700 1700 1701 1702 1706 1703 1704 1704 1705 1706 1710 1707 1708 1708 1709 1710 1714 1711 1712 1712 1713 1714 1718 1715 1716 1716 1717 1718 1722 1719 1720 1720 1721 1722 1724 1722 1721 1721 1723 1724 1717 1724 1723 1723 1718 1717 1726 1714 1713 1713 1725 1726 1709 1726 1725 1725 1710 1709 1728 1706 1705 1705 1727 1728 1701 1728 1727 1727 1702 1701 1730 1698 1697 1697 1729 1730 1693 1730 1729 1729 1694 1693 1734 1731 1732 1732 1733 1734 1738 1735 1736 1736 1737 1738 1742 1739 1740 1740 1741 1742 1746 1743 1744 1744 1745 1746 1750 1747 1748 1748 1749 1750 1754 1751 1752 1752 1753 1754 1758 1755 1756 1756 1757 1758 1762 1759 1760 1760 1761 1762 1766 1763 1764 1764 1765 1766 1770 1767 1768 1768 1769 1770 1774 1771 1772 1772 1773 1774 1778 1775 1776 1776 1777 1778 1782 1779 1780 1780 1781 1782 1786 1783 1784 1784 1785 1786 1790 1787 1788 1788 1789 1790 1794 1791 1792 1792 1793 1794 1798 1795 1796 1796 1797 1798 1802 1799 1800 1800 1801 1802 1806 1803 1804 1804 1805 1806 1808 1806 1805 1805 1807 1808 1812 1809 1810 1810 1811 1812 1814 1812 1811 1811 1813 1814 1816 1814 1813 1813 1815 1816 1803 1816 1815 1815 1804 1803 1820 1817 1818 1818 1819 1820 1822 1820 1819 1819 1821 1822 1824 1822 1821 1821 1823 1824 1826 1824 1823 1823 1825 1826 1828 1826 1825 1825 1827 1828 1817 1829 1830 1830 1818 1817 1834 1831 1832 1832 1833 1834 1838 1835 1836 1836 1837 1838 1842 1839 1840 1840 1841 1842 1846 1843 1844 1844 1845 1846 1850 1847 1848 1848 1849 1850 1854 1851 1852 1852 1853 1854 1858 1855 1856 1856 1857 1858 1862 1859 1860 1860 1861 1862 1861 1860 1863 1863 1864 1861 1864 1863 1857 1857 1856 1864 1853 1852 1865 1865 1866 1853 1866 1865 1849 1849 1848 1866 1845 1844 1867 1867 1868 1845 1868 1867 1841 1841 1840 1868 1837 1836 1869 1869 1870 1837 1870 1869 1833 1833 1832 1870 1874 1871 1872 1872 1873 1874 1878 1875 1876 1876 1877 1878 1882 1879 1880 1880 1881 1882 1886 1883 1884 1884 1885 1886 1890 1887 1888 1888 1889 1890 1894 1891 1892 1892 1893 1894 1898 1895 1896 1896 1897 1898 1902 1899 1900 1900 1901 1902 1906 1903 1904 1904 1905 1906 1910 1907 1908 1908 1909 1910 1914 1911 1912 1912 1913 1914 1918 1915 1916 1916 1917 1918 1922 1919 1920 1920 1921 1922 1926 1923 1924 1924 1925 1926 1930 1927 1928 1928 1929 1930 1934 1931 1932 1932 1933 1934 1938 1935 1936 1936 1937 1938 1942 1939 1940 1940 1941 1942 1946 1943 1944 1944 1945 1946 1948 1946 1945 1945 1947 1948 1950 1948 1947 1947 1949 1950 1954 1951 1952 1952 1953 1954 1956 1954 1953 1953 1955 1956 1943 1956 1955 1955 1944 1943 1960 1957 1958 1958 1959 1960 1962 1960 1959 1959 1961 1962 1964 1962 1961 1961 1963 1964 1966 1964 1963 1963 1965 1966 1970 1967 1968 1968 1969 1970 1957 1970 1969 1969 1958 1957 1974 1971 1972 1972 1973 1974 1978 1975 1976 1976 1977 1978 1982 1979 1980 1980 1981 1982 1986 1983 1984 1984 1985 1986 1990 1987 1988 1988 1989 1990 1994 1991 1992 1992 1993 1994 1998 1995 1996 1996 1997 1998 2002 1999 2000 2000 2001 2002 2001 2000 2003 2003 2004 2001 2004 2003 1997 1997 1996 2004 1993 1992 2005 2005 2006 1993 2006 2005 1989 1989 1988 2006 1985 1984 2007 2007 2008 1985 2008 2007 1981 1981 1980 2008 1977 1976 2009 2009 2010 1977 2010 2009 1973 1973 1972 2010 2014 2011 2012 2012 2013 2014 2018 2015 2016 2016 2017 2018 2022 2019 2020 2020 2021 2022 2026 2023 2024 2024 2025 2026 2030 2027 2028 2028 2029 2030 2034 2031 2032 2032 2033 2034 2038 2035 2036 2036 2037 2038 2042 2039 2040 2040 2041 2042 2046 2043 2044 2044 2045 2046 2050 2047 2048 2048 2049 2050 2054 2051 2052 2052 2053 2054 2058 2055 2056 2056 2057 2058 2062 2059 2060 2060 2061 2062 2066 2063 2064 2064 2065 2066 2070 2067 2068 2068 2069 2070 2074 2071 2072 2072 2073 2074 2078 2075 2076 2076 2077 2078 2082 2079 2080 2080 2081 2082 2086 2083 2084 2084 2085 2086 2085 2084 2087 2087 2088 2085 2092 2089 2090 2090 2091 2092 2091 2090 2093 2093 2094 2091 2094 2093 2095 2095 2096 2094 2096 2095 2083 2083 2086 2096 2100 2097 2098 2098 2099 2100 2099 2098 2101 2101 2102 2099 2102 2101 2103 2103 2104 2102 2104 2103 2105 2105 2106 2104 2106 2105 2107 2107 2108 2106 2110 2109 2097 2097 2100 2110 2114 2111 2112 2112 2113 2114 2118 2115 2116 2116 2117 2118 2122 2119 2120 2120 2121 2122 2126 2123 2124 2124 2125 2126 2130 2127 2128 2128 2129 2130 2134 2131 2132 2132 2133 2134 2138 2135 2136 2136 2137 2138 2142 2139 2140 2140 2141 2142 2144 2142 2141 2141 2143 2144 2137 2144 2143 2143 2138 2137 2146 2134 2133 2133 2145 2146 2129 2146 2145 2145 2130 2129 2148 2126 2125 2125 2147 2148 2121 2148 2147 2147 2122 2121 2150 2118 2117 2117 2149 2150 2113 2150 2149 2149 2114 2113 2154 2151 2152 2152 2153 2154 2151 2154 2155 2155 2156 2151 2160 2157 2158 2158 2159 2160 2157 2160 2161 2161 2162 2157 2166 2163 2164 2164 2165 2166 2163 2166 2167 2167 2168 2163 2172 2169 2170 2170 2171 2172 2169 2172 2173 2173 2174 2169 2178 2175 2176 2176 2177 2178 2175 2178 2179 2179 2180 2175 2184 2181 2182 2182 2183 2184 2181 2184 2185 2185 2186 2181 2188 2187 2156 2156 2155 2188 2187 2188 2189 2189 2190 2187 2192 2191 2162 2162 2161 2192 2191 2192 2193 2193 2194 2191 2196 2195 2168 2168 2167 2196 2195 2196 2197 2197 2198 2195 2200 2199 2174 2174 2173 2200 2199 2200 2201 2201 2202 2199 2204 2203 2180 2180 2179 2204 2203 2204 2205 2205 2206 2203 2208 2207 2186 2186 2185 2208 2207 2208 2209 2209 2210 2207 2211 2212 2213 2214 2215 2216 2217 2218 2219 2220 2221 2222 2223 2224 2225 2226 2227 2228 2232 2229 2230 2230 2231 2232 2236 2233 2234 2234 2235 2236 2240 2237 2238 2238 2239 2240 2244 2241 2242 2242 2243 2244 2248 2245 2246 2246 2247 2248 2252 2249 2250 2250 2251 2252 2254 2253 2229 2229 2232 2254 2256 2255 2233 2233 2236 2256 2258 2257 2237 2237 2240 2258 2260 2259 2241 2241 2244 2260 2262 2261 2245 2245 2248 2262 2264 2263 2249 2249 2252 2264 2265 2266 2267 2268 2269 2270 2271 2272 2273 2274 2275 2276 2277 2278 2279 2280 2281 2282 2286 2283 2284 2284 2285 2286 2290 2287 2288 2288 2289 2290 2294 2291 2292 2292 2293 2294 2298 2295 2296 2296 2297 2298 2302 2299 2300 2300 2301 2302 2306 2303 2304 2304 2305 2306 2310 2307 2308 2308 2309 2310 2314 2311 2312 2312 2313 2314 2318 2315 2316 2316 2317 2318 2320 2319 2303 2303 2306 2320 2324 2321 2322 2322 2323 2324 2326 2325 2311 2311 2314 2326 2328 2327 2315 2315 2318 2328 2330 2329 2319 2319 2320 2330 2332 2331 2321 2321 2324 2332 2334 2333 2325 2325 2326 2334 2336 2335 2327 2327 2328 2336 2337 2335 2336 2338 2333 2334 2339 2331 2332 2340 2329 2330 2344 2341 2342 2342 2343 2344 2348 2345 2346 2346 2347 2348 2352 2349 2350 2350 2351 2352 2356 2353 2354 2354 2355 2356 2360 2357 2358 2358 2359 2360 2364 2361 2362 2362 2363 2364 2368 2365 2366 2366 2367 2368 2372 2369 2370 2370 2371 2372 2376 2373 2374 2374 2375 2376 2378 2377 2361 2361 2364 2378 2380 2379 2365 2365 2368 2380 2382 2381 2369 2369 2372 2382 2384 2383 2373 2373 2376 2384 2386 2385 2377 2377 2378 2386 2388 2387 2379 2379 2380 2388 2390 2389 2381 2381 2382 2390 2392 2391 2383 2383 2384 2392 2393 2391 2392 2394 2389 2390 2395 2387 2388 2396 2385 2386 2400 2397 2398 2398 2399 2400 2404 2401 2402 2402 2403 2404 2408 2405 2406 2406 2407 2408 2412 2409 2410 2410 2411 2412 2416 2413 2414 2414 2415 2416 2420 2417 2418 2418 2419 2420 2424 2421 2422 2422 2423 2424 2428 2425 2426 2426 2427 2428 2432 2429 2430 2430 2431 2432 2434 2433 2417 2417 2420 2434 2436 2435 2421 2421 2424 2436 2438 2437 2425 2425 2428 2438 2440 2439 2429 2429 2432 2440 2442 2441 2433 2433 2434 2442 2444 2443 2435 2435 2436 2444 2446 2445 2437 2437 2438 2446 2448 2447 2439 2439 2440 2448 2449 2447 2448 2450 2445 2446 2451 2443 2444 2452 2441 2442 1536 1535 2453 2453 2454 1536 1561 1564 2455 2455 2456 1561 1537 1540 2457 2457 2458 1537 1582 1581 2459 2459 2460 1582 2464 2461 2462 2462 2463 2464 2468 2465 2466 2466 2467 2468 2472 2469 2470 2470 2471 2472 2476 2473 2474 2474 2475 2476 2480 2477 2478 2478 2479 2480 2484 2481 2482 2482 2483 2484 2488 2485 2486 2486 2487 2488 2492 2489 2490 2490 2491 2492 2496 2493 2494 2494 2495 2496 2500 2497 2498 2498 2499 2500 2504 2501 2502 2502 2503 2504 2506 2505 2504 2504 2503 2506 2508 2505 2506 2506 2507 2508 2510 2509 2508 2508 2507 2510 2512 2511 2509 2509 2510 2512 2502 2501 2511 2511 2512 2502 2514 2477 2480 2480 2513 2514 2516 2481 2484 2484 2515 2516 2518 2485 2488 2488 2517 2518 2520 2489 2492 2492 2519 2520 2522 2493 2496 2496 2521 2522 2524 2497 2500 2500 2523 2524 2528 2525 2526 2526 2527 2528 2532 2529 2530 2530 2531 2532 2536 2533 2534 2534 2535 2536 2540 2537 2538 2538 2539 2540 2544 2541 2542 2542 2543 2544 2548 2545 2546 2546 2547 2548 2552 2549 2550 2550 2551 2552 2551 2550 2553 2553 2554 2551 2558 2555 2556 2556 2557 2558 2557 2556 2559 2559 2560 2557 2561 2562 2563 2564 2565 2566 2567 2568 2569 2570 2571 2572 2573 2574 2575 2576 2577 2578 2582 2579 2580 2580 2581 2582 2579 2582 2583 2583 2584 2579 2586 2585 2565 2565 2564 2586 2590 2587 2588 2588 2589 2590 2594 2591 2592 2592 2593 2594 2598 2595 2596 2596 2597 2598 2602 2599 2600 2600 2601 2602 2599 2602 2603 2603 2604 2599 2608 2605 2606 2606 2607 2608 2605 2608 2609 2609 2610 2605 2613 2582 2611 2611 2612 2613 2582 2613 2614 2614 2583 2582 2618 2615 2616 2616 2617 2618 2622 2619 2620 2620 2621 2622 2626 2623 2624 2624 2625 2626 2630 2627 2628 2628 2629 2630 2634 2631 2632 2632 2633 2634 2638 2635 2636 2636 2637 2638 2642 2639 2640 2640 2641 2642 2641 2640 2643 2643 2644 2641 2648 2645 2646 2646 2647 2648 1442 2649 2650 2650 1443 1442 2654 2651 2652 2652 2653 2654 2658 2655 2656 2656 2657 2658 2659 2660 2661 2662 2663 2664 171 2665 2666 2666 172 171 148 147 2667 2667 2668 148 2672 2669 2670 2670 2671 2672 2673 2674 2675 2676 2677 2678 179 2679 2680 2680 180 179 84 144 2681 2681 2682 84 2684 2683 2669 2669 2672 2684 2688 2685 2686 2686 2687 2688 2687 2686 2689 2689 2690 2687 2694 2691 2692 2692 2693 2694 2693 2692 2695 2695 2696 2693 2700 2697 2698 2698 2699 2700 2699 2698 2701 2701 2702 2699 2706 2703 2704 2704 2705 2706 2705 2704 2707 2707 2708 2705 2712 2709 2710 2710 2711 2712 2711 2710 2713 2713 2714 2711 2718 2715 2716 2716 2717 2718 2717 2716 2719 2719 2720 2717 2724 2721 2722 2722 2723 2724 2728 2725 2726 2726 2727 2728 2732 2729 2730 2730 2731 2732 2736 2733 2734 2734 2735 2736 2740 2737 2738 2738 2739 2740 2744 2741 2742 2742 2743 2744 2748 2745 2746 2746 2747 2748 2752 2749 2750 2750 2751 2752 2754 2741 2744 2744 2753 2754 2758 2755 2756 2756 2757 2758 2760 2747 2746 2746 2759 2760 2764 2761 2762 2762 2763 2764 2766 2745 2748 2748 2765 2766 2770 2767 2768 2768 2769 2770 2772 2743 2742 2742 2771 2772 2776 2773 2774 2774 2775 2776 2780 2777 2778 2778 2779 2780 2784 2781 2782 2782 2783 2784 2788 2785 2786 2786 2787 2788 2788 2787 2789 2784 2783 2790 2780 2779 2791 2776 2775 2792 2772 2771 2793 2794 2795 2796 2766 2765 2797 2798 2799 2800 2760 2759 2801 2802 2803 2804 2754 2753 2805 2806 2807 2808 2810 2728 2727 2727 2809 2810 2812 2732 2731 2731 2811 2812 2814 2736 2735 2735 2813 2814 2816 2740 2739 2739 2815 2816 2768 2767 2756 2756 2755 2768 2820 2817 2818 2818 2819 2820 2824 2821 2822 2822 2823 2824 2828 2825 2826 2826 2827 2828 2832 2829 2830 2830 2831 2832 2836 2833 2834 2834 2835 2836 2840 2837 2838 2838 2839 2840 2842 2817 2820 2820 2841 2842 2844 2821 2824 2824 2843 2844 2846 2825 2828 2828 2845 2846 2850 2847 2848 2848 2849 2850 2854 2851 2852 2852 2853 2854 2856 2837 2840 2840 2855 2856 2860 2857 2858 2858 2859 2860 2859 2858 2861 2861 2862 2859 2848 2863 2864 2864 2849 2848 2854 2865 2866 2866 2851 2854 2868 2839 2838 2838 2867 2868 2870 2835 2834 2834 2869 2870 2872 2831 2830 2830 2871 2872 2874 2827 2826 2826 2873 2874 2876 2823 2822 2822 2875 2876 2878 2819 2818 2818 2877 2878 2882 2879 2880 2880 2881 2882 2881 2880 2883 2883 2884 2881 2884 2883 2885 2885 2886 2884 2886 2885 2887 2887 2888 2886 2888 2887 2889 2889 2890 2888 2892 2891 2879 2879 2882 2892 2896 2893 2894 2894 2895 2896 2900 2897 2898 2898 2899 2900 2904 2901 2902 2902 2903 2904 2908 2905 2906 2906 2907 2908 2912 2909 2910 2910 2911 2912 2916 2913 2914 2914 2915 2916 2920 2917 2918 2918 2919 2920 2919 2918 2921 2921 2922 2919 2926 2923 2924 2924 2925 2926 2930 2927 2928 2928 2929 2930 2934 2931 2932 2932 2933 2934 2938 2935 2936 2936 2937 2938 2942 2939 2940 2940 2941 2942 2946 2943 2944 2944 2945 2946 2948 2923 2926 2926 2947 2948 2950 2927 2930 2930 2949 2950 2952 2931 2934 2934 2951 2952 2956 2953 2954 2954 2955 2956 2960 2957 2958 2958 2959 2960 2962 2943 2946 2946 2961 2962 2966 2963 2964 2964 2965 2966 2965 2964 2967 2967 2968 2965 2954 2969 2970 2970 2955 2954 2960 2971 2972 2972 2957 2960 2974 2945 2944 2944 2973 2974 2976 2941 2940 2940 2975 2976 2978 2937 2936 2936 2977 2978 2980 2933 2932 2932 2979 2980 2982 2929 2928 2928 2981 2982 2984 2925 2924 2924 2983 2984 2988 2985 2986 2986 2987 2988 2987 2986 2989 2989 2990 2987 2990 2989 2991 2991 2992 2990 2992 2991 2993 2993 2994 2992 2994 2993 2995 2995 2996 2994 2998 2997 2985 2985 2988 2998 3002 2999 3000 3000 3001 3002 3006 3003 3004 3004 3005 3006 3010 3007 3008 3008 3009 3010 3014 3011 3012 3012 3013 3014 3018 3015 3016 3016 3017 3018 3022 3019 3020 3020 3021 3022 3026 3023 3024 3024 3025 3026 3025 3024 3027 3027 3028 3025 </p>
        </polylist>
      </mesh>
    </geometry>
  </library_geometries>
  <library_visual_scenes>
    <visual_scene id="root" name="root">
      <node id="Generals_Tent" name="Generals_Tent">
        <matrix>1 0 0 0 0 1 0 0 0 0 1 0 0 0 0 1</matrix>
        <instance_geometry url="#meshId0">
          <bind_material>
            <technique_common>
              <instance_material symbol="defaultMaterial" target="#Default" />
            </technique_common>
          </bind_material>
        </instance_geometry>
      </node>
    </visual_scene>
  </library_visual_scenes>
  <scene>
    <instance_visual_scene url="#root" />
  </scene>
</COLLADA>
