# Blender 3.5.1
# www.blender.org
mtllib untitled.mtl
o pyramids
v -1.647878 -0.002357 -6.799034
v -1.019870 -0.002357 -6.799034
v -1.647878 0.104774 -6.799034
v -1.019870 0.104774 -6.799034
v -1.647878 0.104774 -7.319833
v -1.019870 0.104774 -7.319833
v -1.647878 -0.002357 -7.319833
v -1.019870 -0.002357 -7.319833
v -1.580458 0.343394 -6.854943
v -1.087289 0.343394 -6.854943
v -1.087289 0.343394 -7.263923
v -1.580458 0.343394 -7.263923
v -1.580458 0.865675 -6.854943
v -1.087289 0.865675 -6.854943
v -1.087289 0.865675 -7.263923
v -1.580458 0.865675 -7.263923
v -1.526613 1.083207 -6.899596
v -1.141134 1.083207 -6.899596
v -1.141134 1.083207 -7.219270
v -1.526613 1.083207 -7.219270
v -1.526613 1.327513 -6.899596
v -1.141134 1.327513 -6.899596
v -1.141134 1.327512 -7.219270
v -1.526613 1.327512 -7.219270
v -1.560804 1.524294 -6.871242
v -1.106943 1.524294 -6.871242
v -1.106943 1.524293 -7.247624
v -1.560804 1.524293 -7.247624
v -1.500564 3.042881 -6.921198
v -1.167183 3.042881 -6.921198
v -1.167183 3.042881 -7.197668
v -1.500564 3.042881 -7.197668
v -1.526725 3.062871 -6.899503
v -1.141022 3.062871 -6.899503
v -1.141022 3.062871 -7.219363
v -1.526725 3.062871 -7.219363
v -1.526725 3.085724 -6.899503
v -1.141022 3.085724 -6.899503
v -1.141022 3.085724 -7.219363
v -1.526725 3.085724 -7.219363
v -1.508660 3.099838 -6.914483
v -1.159086 3.099838 -6.914483
v -1.159086 3.099838 -7.204381
v -1.508660 3.099838 -7.204381
v -1.087289 0.627023 -7.263923
v -1.087289 0.627023 -6.854943
v -1.580458 0.627023 -6.854943
v -1.580458 0.627023 -7.263923
v -1.087289 0.582046 -7.263923
v -1.087289 0.582046 -6.854943
v -1.580458 0.582046 -6.854943
v -1.580458 0.582046 -7.263923
v -1.106658 0.583812 -7.247860
v -1.106658 0.583812 -6.871006
v -1.106658 0.625257 -7.247860
v -1.106658 0.625257 -6.871006
v -1.561089 0.583812 -6.871006
v -1.561089 0.625257 -6.871006
v -1.561089 0.583812 -7.247860
v -1.561089 0.625257 -7.247860
v -1.141134 1.222984 -7.219270
v -1.141134 1.222985 -6.899596
v -1.526613 1.222985 -6.899596
v -1.526613 1.222984 -7.219270
v -1.141134 1.187734 -7.219270
v -1.141134 1.187734 -6.899596
v -1.526613 1.187734 -6.899596
v -1.526613 1.187734 -7.219270
v -1.155544 1.189052 -7.207319
v -1.155544 1.189053 -6.911546
v -1.155544 1.221666 -7.207319
v -1.155544 1.221667 -6.911546
v -1.512203 1.189053 -6.911546
v -1.512203 1.221667 -6.911546
v -1.512203 1.189052 -7.207319
v -1.512203 1.221666 -7.207319
v 0.856393 -0.002357 -6.799034
v 1.484401 -0.002357 -6.799034
v 0.856393 0.104774 -6.799034
v 1.484401 0.104774 -6.799034
v 0.856393 0.104774 -7.319833
v 1.484401 0.104774 -7.319833
v 0.856393 -0.002357 -7.319833
v 1.484401 -0.002357 -7.319833
v 0.923812 0.343394 -6.854943
v 1.416982 0.343394 -6.854943
v 1.416982 0.343394 -7.263923
v 0.923812 0.343394 -7.263923
v 0.923812 0.865675 -6.854943
v 1.416982 0.865675 -6.854943
v 1.416982 0.865675 -7.263923
v 0.923812 0.865675 -7.263923
v 0.977657 1.083207 -6.899596
v 1.363137 1.083207 -6.899596
v 1.363137 1.083207 -7.219270
v 0.977657 1.083207 -7.219270
v 0.977657 1.327513 -6.899596
v 1.363137 1.327513 -6.899596
v 1.363137 1.327512 -7.219270
v 0.977657 1.327512 -7.219270
v 0.943466 1.524294 -6.871242
v 1.397328 1.524294 -6.871242
v 1.397328 1.524293 -7.247624
v 0.943466 1.524293 -7.247624
v 1.003707 3.042881 -6.921198
v 1.337088 3.042881 -6.921198
v 1.337088 3.042881 -7.197668
v 1.003707 3.042881 -7.197668
v 0.977546 3.062871 -6.899503
v 1.363249 3.062871 -6.899503
v 1.363249 3.062871 -7.219363
v 0.977546 3.062871 -7.219363
v 0.977546 3.085724 -6.899503
v 1.363249 3.085724 -6.899503
v 1.363249 3.085724 -7.219363
v 0.977546 3.085724 -7.219363
v 0.995611 3.099838 -6.914483
v 1.345184 3.099838 -6.914483
v 1.345184 3.099838 -7.204381
v 0.995611 3.099838 -7.204381
v 1.416982 0.627023 -7.263923
v 1.416982 0.627023 -6.854943
v 0.923812 0.627023 -6.854943
v 0.923812 0.627023 -7.263923
v 1.416982 0.582046 -7.263923
v 1.416982 0.582046 -6.854943
v 0.923812 0.582046 -6.854943
v 0.923812 0.582046 -7.263923
v 1.397613 0.583812 -7.247860
v 1.397613 0.583812 -6.871006
v 1.397613 0.625257 -7.247860
v 1.397613 0.625257 -6.871006
v 0.943182 0.583812 -6.871006
v 0.943182 0.625257 -6.871006
v 0.943182 0.583812 -7.247860
v 0.943182 0.625257 -7.247860
v 1.363137 1.222984 -7.219270
v 1.363137 1.222985 -6.899596
v 0.977657 1.222985 -6.899596
v 0.977657 1.222984 -7.219270
v 1.363137 1.187734 -7.219270
v 1.363137 1.187734 -6.899596
v 0.977657 1.187734 -6.899596
v 0.977657 1.187734 -7.219270
v 1.348727 1.189052 -7.207319
v 1.348727 1.189053 -6.911546
v 1.348727 1.221666 -7.207319
v 1.348727 1.221667 -6.911546
v 0.992068 1.189053 -6.911546
v 0.992068 1.221667 -6.911546
v 0.992068 1.189052 -7.207319
v 0.992068 1.221666 -7.207319
v -0.639744 0.936392 -3.900283
v 0.639744 0.936392 -3.900283
v -0.639744 2.325119 -5.739948
v 0.639744 2.325119 -5.739948
v -0.639744 2.325119 -6.672821
v 0.639744 2.325119 -6.672821
v -0.639744 0.936392 -6.672821
v 0.639744 0.936392 -6.672821
v 0.253635 2.325119 -5.739948
v 0.253635 2.325119 -6.672821
v 0.253635 0.936392 -6.672821
v 0.253635 0.936392 -3.900283
v -0.253635 2.325119 -5.739948
v -0.253635 2.325119 -6.672821
v -0.253635 0.936392 -6.672821
v -0.253635 0.936392 -3.900283
v 0.253635 1.993193 -6.672821
v -0.253635 1.993193 -6.672821
v -0.639744 1.993193 -6.672821
v -0.639744 2.325120 -3.900283
v -0.253635 2.325120 -3.900283
v 0.253635 2.325120 -3.900283
v 0.639744 2.325120 -3.900283
v 0.639744 1.993193 -6.672821
v 0.573760 1.993193 -6.672821
v 0.320139 1.993193 -6.672821
v 0.253635 2.261502 -6.672821
v 0.253635 2.059109 -6.672821
v -0.253635 2.261502 -6.672821
v -0.253635 2.059109 -6.672821
v -0.314630 1.993193 -6.672821
v -0.578165 1.993193 -6.672821
v 0.573760 1.002117 -6.672821
v 0.573760 2.261502 -6.672821
v -0.578165 2.261502 -6.672821
v -0.578165 1.000365 -6.672821
v -0.314630 0.996655 -6.672821
v -0.314630 2.059109 -6.672821
v 0.320139 2.059109 -6.672821
v 0.320139 1.002432 -6.672821
v -0.639744 2.325119 -6.688724
v -0.253635 2.325119 -6.688724
v -0.253635 2.261502 -6.688724
v -0.578165 2.261502 -6.688725
v 0.639744 1.993193 -6.688724
v 0.573760 1.993193 -6.688724
v 0.573760 2.261502 -6.688725
v 0.639744 2.325119 -6.688724
v 0.253635 2.261502 -6.688724
v 0.253635 2.325119 -6.688724
v -0.578165 1.993193 -6.688724
v -0.639744 1.993193 -6.688724
v -0.578165 1.000365 -6.688725
v -0.639744 0.936392 -6.688724
v 0.639744 0.936392 -6.688724
v 0.573760 1.002117 -6.688725
v 0.253635 1.993193 -6.688724
v 0.253635 0.936392 -6.688724
v 0.320139 1.993193 -6.688724
v 0.320139 1.002432 -6.688725
v 0.253635 2.059109 -6.688724
v 0.320139 2.059109 -6.688725
v -0.253635 2.059109 -6.688724
v -0.253635 1.993193 -6.688724
v -0.314630 1.993193 -6.688724
v -0.314630 2.059109 -6.688725
v -0.314630 0.996655 -6.688725
v -0.253635 0.936392 -6.688724
v -2.747427 0.964177 -5.843201
v -2.099600 0.964177 -5.843201
v -2.747427 1.121392 -5.843201
v -2.099600 1.121392 -5.843201
v -2.747427 1.121392 -6.491029
v -2.099600 1.121392 -6.491029
v -2.747427 0.964177 -6.491029
v -2.099600 0.964177 -6.491029
v -2.701069 1.272835 -5.889559
v -2.145958 1.272835 -5.889559
v -2.145958 1.272835 -6.444670
v -2.701069 1.272835 -6.444670
v -2.701069 1.423687 -5.889559
v -2.145958 1.423687 -5.889559
v -2.145958 1.423687 -6.444670
v -2.701069 1.423687 -6.444670
v -2.747272 1.541524 -5.843357
v -2.099755 1.541524 -5.843357
v -2.099755 1.541524 -6.490873
v -2.747272 1.541524 -6.490873
v -2.747272 1.646939 -5.843357
v -2.099755 1.646939 -5.843357
v -2.099755 1.646939 -6.490873
v -2.747272 1.646939 -6.490873
v -2.790530 1.659078 -5.800099
v -2.056497 1.659078 -5.800099
v -2.056497 1.659078 -6.534131
v -2.790530 1.659078 -6.534131
v -2.790530 1.695498 -5.800099
v -2.056497 1.695498 -5.800099
v -2.056497 1.695498 -6.534131
v -2.790530 1.695498 -6.534131
v -2.764595 1.707623 -5.826034
v -2.082432 1.707623 -5.826034
v -2.082432 1.707623 -6.508195
v -2.764595 1.707623 -6.508195
v 2.141600 0.964177 -5.843201
v 2.789428 0.964177 -5.843201
v 2.141600 1.121392 -5.843201
v 2.789428 1.121392 -5.843201
v 2.141600 1.121392 -6.491029
v 2.789428 1.121392 -6.491029
v 2.141600 0.964177 -6.491029
v 2.789428 0.964177 -6.491029
v 2.187958 1.272835 -5.889559
v 2.743070 1.272835 -5.889559
v 2.743070 1.272835 -6.444670
v 2.187958 1.272835 -6.444670
v 2.187958 1.423687 -5.889559
v 2.743070 1.423687 -5.889559
v 2.743070 1.423687 -6.444670
v 2.187958 1.423687 -6.444670
v 2.141755 1.541524 -5.843357
v 2.789272 1.541524 -5.843357
v 2.789272 1.541524 -6.490873
v 2.141755 1.541524 -6.490873
v 2.141755 1.646939 -5.843357
v 2.789272 1.646939 -5.843357
v 2.789272 1.646939 -6.490873
v 2.141755 1.646939 -6.490873
v 2.098497 1.659078 -5.800099
v 2.832530 1.659078 -5.800099
v 2.832530 1.659078 -6.534131
v 2.098497 1.659078 -6.534131
v 2.098497 1.695498 -5.800099
v 2.832530 1.695498 -5.800099
v 2.832530 1.695498 -6.534131
v 2.098497 1.695498 -6.534131
v 2.124432 1.707623 -5.826034
v 2.806595 1.707623 -5.826034
v 2.806595 1.707623 -6.508195
v 2.124432 1.707623 -6.508195
v -0.392691 0.933761 -6.637408
v 0.392691 0.933761 -6.637408
v -0.392691 0.933760 -6.713184
v 0.392691 0.933760 -6.713184
v -0.392691 0.933760 -6.749817
v 0.392691 0.933760 -6.749817
v -0.392691 0.898819 -6.749817
v 0.392691 0.898819 -6.749817
v -0.392691 0.898819 -6.781546
v 0.392691 0.898819 -6.781546
v -0.392691 0.863279 -6.781549
v 0.392691 0.863279 -6.781549
v -0.392691 0.863279 -6.807993
v 0.392691 0.863279 -6.807993
v -0.392691 0.827442 -6.807996
v 0.392691 0.827442 -6.807996
v -0.392691 0.827442 -6.834108
v 0.392691 0.827442 -6.834108
v -0.392691 0.789381 -6.834108
v 0.392691 0.789381 -6.834108
v -0.392691 0.789381 -6.867270
v 0.392691 0.789381 -6.867270
v -0.392691 0.750906 -6.867273
v 0.392691 0.750906 -6.867273
v -0.392691 0.750906 -6.896196
v 0.392691 0.750906 -6.896196
v -0.392691 0.709073 -6.896198
v 0.392691 0.709073 -6.896198
v -0.392691 0.709073 -6.930871
v 0.392691 0.709073 -6.930871
v -0.392691 0.673892 -6.930874
v 0.392691 0.673892 -6.930874
v -0.392691 0.673892 -6.959440
v 0.392691 0.673892 -6.959440
v -0.392691 0.634883 -6.959440
v 0.392691 0.634883 -6.959440
v -0.392691 0.634883 -6.987344
v 0.392691 0.634883 -6.987344
v -0.392691 0.596406 -6.987344
v 0.392691 0.596406 -6.987344
v -0.392691 0.596406 -7.016530
v 0.392691 0.596406 -7.016530
v -0.392691 0.560384 -7.016530
v 0.392691 0.560384 -7.016530
v -0.392691 0.560384 -7.049451
v 0.392691 0.560384 -7.049451
v -0.392691 0.524334 -7.049451
v 0.392691 0.524334 -7.049451
v -0.392691 0.524334 -7.073345
v 0.392691 0.524334 -7.073345
v -0.392691 0.479134 -7.073345
v 0.392691 0.479134 -7.073345
v -0.392691 0.479134 -7.111458
v 0.392691 0.479134 -7.111458
v -0.392691 0.440705 -7.111458
v 0.392691 0.440705 -7.111458
v -0.392691 0.440705 -7.141843
v 0.392691 0.440705 -7.141843
v -0.392691 0.399427 -7.141843
v 0.392691 0.399427 -7.141843
v -0.392691 0.399427 -7.176041
v 0.392691 0.399427 -7.176041
v -0.392691 0.354502 -7.176041
v 0.392691 0.354502 -7.176041
v -0.392691 0.354502 -7.209194
v 0.392691 0.354502 -7.209194
v -0.392691 0.310329 -7.209194
v 0.392691 0.310329 -7.209194
v -0.392691 0.310329 -7.244278
v 0.392691 0.310329 -7.244278
v -0.392691 0.259932 -7.244278
v 0.392691 0.259932 -7.244278
v -0.392691 0.259932 -7.284379
v 0.392691 0.259932 -7.284379
v -0.392691 0.219654 -7.284379
v 0.392691 0.219654 -7.284379
v -0.392691 0.219654 -7.316120
v 0.392691 0.219654 -7.316120
v -0.392691 0.174652 -7.316120
v 0.392691 0.174652 -7.316120
v -0.392691 0.174652 -7.349916
v 0.392691 0.174652 -7.349916
v -0.392691 0.134130 -7.349916
v 0.392691 0.134130 -7.349916
v -0.392691 0.134130 -7.385499
v 0.392691 0.134130 -7.385499
v -0.392691 0.092877 -7.385499
v 0.392691 0.092877 -7.385499
v -0.392691 0.092877 -7.415495
v 0.392691 0.092877 -7.415495
v -0.392691 0.047043 -7.415495
v 0.392691 0.047043 -7.415495
v -0.392691 0.047043 -7.447902
v 0.392691 0.047043 -7.447902
v -0.392691 -0.001065 -7.447902
v 0.392691 -0.001065 -7.447902
v -3.234602 -0.002545 -5.705823
v 3.234602 -0.002545 -5.705823
v -3.234602 0.997455 -5.705823
v 3.234602 0.997455 -5.705823
v -3.234602 0.997455 -6.705823
v 3.234602 0.997455 -6.705823
v -3.234602 -0.002546 -6.705823
v 3.234602 -0.002546 -6.705823
v 3.234602 0.166611 -6.705823
v -3.234602 0.166611 -6.705823
v -3.234602 0.166612 -5.705823
v 3.234602 0.166612 -5.705823
v 3.234602 0.828297 -6.705823
v -3.234602 0.828297 -6.705823
v -3.234602 0.828298 -5.705823
v 3.234602 0.828298 -5.705823
v 3.162974 0.287959 -6.666689
v -3.162974 0.287959 -6.666689
v -3.162974 0.287960 -5.744957
v 3.162974 0.287960 -5.744957
v 3.162974 0.706950 -6.666689
v -3.162974 0.706950 -6.666689
v -3.162974 0.706950 -5.744957
v 3.162974 0.706950 -5.744957
v 0.619599 0.997455 -6.705823
v 0.619599 0.828297 -6.705823
v 0.619599 0.706950 -6.666689
v 0.619599 0.287959 -6.666689
v 0.619599 0.166611 -6.705823
v 0.619599 -0.002546 -6.705823
v 0.626536 -0.002545 -5.705823
v 3.234602 0.828298 -5.705823
v -0.361459 0.997455 -5.705823
v -0.361459 -0.002545 -5.705823
v 0.626536 0.997455 -5.705823
v -0.619599 0.997455 -6.705823
v -0.619599 0.828297 -6.705823
v -0.619599 0.706950 -6.666689
v -0.619599 0.287959 -6.666689
v -0.619599 0.166611 -6.705823
v -0.619599 -0.002546 -6.705823
v -0.626536 -0.002545 -5.705823
v 0.361458 -0.002545 -5.705823
v -0.626536 0.997455 -5.705823
v 0.626536 -0.002545 -5.705823
v -0.626536 0.997455 -5.705823
v 0.357456 0.997455 -6.705823
v 0.357456 0.828297 -6.705823
v 0.357456 0.706950 -6.666689
v 0.357456 0.287959 -6.666689
v 0.357456 0.166611 -6.705823
v 0.357456 -0.002546 -6.705823
v 0.361458 -0.002545 -5.705823
v -3.162974 0.706950 -5.744957
v -3.234602 0.828298 -5.705823
v 0.361458 0.997455 -5.705823
v -0.357457 0.997455 -6.705823
v -0.357457 0.828297 -6.705823
v -0.357457 0.706950 -6.666689
v -0.357457 0.287959 -6.666689
v -0.357457 0.166611 -6.705823
v -0.357457 -0.002546 -6.705823
v -0.361459 -0.002545 -5.705823
v -0.361459 0.997455 -5.705823
v -0.619599 0.061747 -7.450143
v -0.357457 0.061747 -7.450143
v -0.357457 0.045718 -7.450143
v -0.619599 0.045718 -7.450143
v -0.619599 0.037033 -7.450142
v -0.357457 0.037033 -7.450142
v -0.619599 0.021716 -7.450142
v -0.357457 0.021716 -7.450142
v -0.619599 0.011193 -7.450143
v -0.357457 0.011193 -7.450143
v -0.619599 -0.002546 -7.450143
v -0.357457 -0.002546 -7.450143
v 0.357456 0.061747 -7.450143
v 0.619599 0.061747 -7.450143
v 0.619599 0.045718 -7.450143
v 0.357456 0.045718 -7.450143
v 0.357456 0.037033 -7.450142
v 0.619599 0.037033 -7.450142
v 0.357456 0.021716 -7.450142
v 0.619599 0.021716 -7.450142
v 0.357456 0.011193 -7.450143
v 0.619599 0.011193 -7.450143
v 0.357456 -0.002546 -7.450143
v 0.619599 -0.002546 -7.450143
v -1.709783 0.985582 -5.739947
v -0.629860 0.985582 -5.739947
v -1.709783 1.612172 -5.739947
v -0.629860 1.612172 -5.739947
v -1.709783 1.612172 -6.544524
v -0.629860 1.612172 -6.544524
v -1.709783 0.985582 -6.544524
v -0.629860 0.985582 -6.544524
v -1.709783 1.986439 -5.739947
v -0.629860 1.986439 -5.739947
v -0.629860 1.986439 -6.400015
v -1.709783 1.986439 -6.400015
v -1.709783 3.296180 -5.739947
v -0.629860 3.296180 -5.739947
v -0.629860 3.296180 -6.400015
v -1.709783 3.296180 -6.400015
v -1.759584 3.326759 -5.707257
v -0.580060 3.326759 -5.707257
v -0.580060 3.326759 -6.432707
v -1.759584 3.326759 -6.432707
v -1.759584 3.370806 -5.707257
v -0.580060 3.370806 -5.707257
v -0.580060 3.370806 -6.432707
v -1.759584 3.370806 -6.432707
v -1.714452 3.391055 -5.736885
v -0.625192 3.391055 -5.736885
v -0.625192 3.391055 -6.403081
v -1.714452 3.391055 -6.403081
v 0.654307 1.620030 -5.751059
v 0.654307 1.604316 -5.751059
v 0.665418 1.604316 -5.739947
v 0.665418 1.620030 -5.739947
v 1.723119 1.620030 -5.739947
v 1.723119 1.604316 -5.739947
v 1.734230 1.604316 -5.751059
v 1.734230 1.620030 -5.751059
v 0.665400 1.619617 -6.541650
v 0.665402 1.604192 -6.544524
v 0.654307 1.604326 -6.533425
v 0.654307 1.620057 -6.529529
v 1.734230 1.620057 -6.529529
v 1.734230 1.604313 -6.533407
v 1.723127 1.604187 -6.544524
v 1.723137 1.619617 -6.541650
v 0.665418 0.985582 -5.739947
v 0.654307 0.985582 -5.751059
v 1.734230 0.985582 -5.751059
v 1.723119 0.985582 -5.739947
v 0.654307 0.985582 -6.533412
v 0.665418 0.985582 -6.544524
v 1.723119 0.985582 -6.544524
v 1.734230 0.985582 -6.533412
v 0.654307 1.994297 -5.751059
v 0.654307 1.978583 -5.751059
v 0.665418 1.978583 -5.739947
v 0.665418 1.994297 -5.739947
v 1.723119 1.994297 -5.739947
v 1.723119 1.978583 -5.739947
v 1.734230 1.978583 -5.751059
v 1.734230 1.994297 -5.751059
v 1.734230 1.994334 -6.388852
v 1.734230 1.978618 -6.391178
v 1.723104 1.978975 -6.402898
v 1.723127 1.994426 -6.400015
v 0.665410 1.994426 -6.400015
v 0.665446 1.978965 -6.402901
v 0.654307 1.978624 -6.391184
v 0.654307 1.994334 -6.388852
v 0.646533 3.300954 -5.745297
v 0.654307 3.287354 -5.750844
v 0.665035 3.287911 -5.739947
v 0.657740 3.302299 -5.733407
v 1.730797 3.302299 -5.733407
v 1.723270 3.287734 -5.739947
v 1.734230 3.287462 -5.750708
v 1.742004 3.300954 -5.745297
v 1.742003 3.300954 -6.394667
v 1.734230 3.287353 -6.389121
v 1.723502 3.287911 -6.400015
v 1.730796 3.302299 -6.406557
v 0.657740 3.302299 -6.406557
v 0.665266 3.287734 -6.400015
v 0.654307 3.287462 -6.389256
v 0.646533 3.300954 -6.394667
v 0.604506 3.335477 -5.718018
v 0.612170 3.322053 -5.722592
v 0.627868 3.320642 -5.713799
v 0.615234 3.335027 -5.707257
v 1.773302 3.335027 -5.707257
v 1.761076 3.320748 -5.713685
v 1.776257 3.321985 -5.722813
v 1.784030 3.335477 -5.718018
v 1.784030 3.335477 -6.421948
v 1.776367 3.322053 -6.417374
v 1.760670 3.320642 -6.426167
v 1.773302 3.335027 -6.432707
v 0.615234 3.335027 -6.432707
v 0.627460 3.320748 -6.426280
v 0.612280 3.321985 -6.417152
v 0.604506 3.335477 -6.421948
v 0.613291 3.374748 -5.723086
v 0.604506 3.361669 -5.718105
v 0.615299 3.362178 -5.707257
v 0.630202 3.375869 -5.714664
v 1.758335 3.375869 -5.714664
v 1.773035 3.362015 -5.707257
v 1.784030 3.361816 -5.717929
v 1.775246 3.374748 -5.723086
v 1.775246 3.374748 -6.416880
v 1.784030 3.361669 -6.421859
v 1.773238 3.362178 -6.432707
v 1.758335 3.375869 -6.425303
v 0.630202 3.375869 -6.425303
v 0.615502 3.362015 -6.432707
v 0.604506 3.361816 -6.422036
v 0.613291 3.374748 -6.416879
v 0.642307 3.387765 -5.741437
v 0.652568 3.386320 -5.729957
v 0.657673 3.391055 -5.744918
v 1.730863 3.391055 -5.744918
v 1.736027 3.386415 -5.730094
v 1.746229 3.387765 -5.741437
v 1.730675 3.391055 -6.394857
v 1.746229 3.387765 -6.398529
v 1.736027 3.386415 -6.409872
v 0.657673 3.391055 -6.395047
v 0.652509 3.386415 -6.409872
v 0.642307 3.387765 -6.398529
v -3.234602 0.828298 -5.705823
v -3.162974 0.706950 -5.744957
v 0.626536 -0.002545 -5.705823
v -0.626536 0.997455 -5.705823
v 0.361458 -0.002545 -5.705823
v -0.361459 -0.002545 -5.705823
v -0.361459 0.997455 -5.705823
v 3.234602 0.828298 -5.705823
v 3.162974 0.706950 -5.744957
v -3.234602 -0.002545 -5.705823
v -3.234602 0.166612 -5.705823
v -0.626536 -0.002545 -5.705823
v 3.234602 -0.002545 -5.705823
v 3.234602 0.166612 -5.705823
v -3.234602 0.997455 -5.705823
v -3.162974 0.287960 -5.744957
v 0.626536 0.997455 -5.705823
v 0.361458 0.997455 -5.705823
v 3.234602 0.997455 -5.705823
v 3.162974 0.287960 -5.744957
v 3.162974 0.706950 -5.744957
v 3.234602 0.997455 3.996403
v -3.234602 0.997455 3.996403
v -3.234602 -0.002545 -5.705823
v -3.234602 0.166612 -5.705823
v -0.626536 -0.002545 -5.705823
v 3.234602 -0.002545 -5.705823
v 3.234602 0.166612 -5.705823
v -3.234602 0.997455 -5.705823
v -3.162974 0.287960 -5.744957
v 0.626536 0.997455 -5.705823
v 0.361458 0.997455 -5.705823
v 3.234602 0.997455 -5.705823
v 3.162974 0.287960 -5.744957
v -3.234602 0.997455 3.996403
v 3.234602 0.997455 3.996403
v 3.234602 0.997455 -5.705823
v -3.234602 0.997455 -5.705823
v -5.472672 0.073786 5.090201
v -5.369699 0.073786 5.193174
v -5.421185 0.073786 5.179379
v -5.458876 0.073786 5.141687
v -5.307759 0.354749 4.925288
v -5.293963 0.354749 4.976774
v -5.256272 0.354749 5.014465
v -5.204786 0.354749 5.028261
v 5.472672 0.073786 5.090201
v 5.458876 0.073786 5.141687
v 5.421185 0.073786 5.179379
v 5.369699 0.073786 5.193174
v 5.204786 0.354749 5.028261
v 5.256272 0.354749 5.014465
v 5.293963 0.354749 4.976774
v 5.307759 0.354749 4.925288
v -5.458876 0.073785 -5.700683
v -5.421185 0.073785 -5.738374
v -5.369699 0.073785 -5.752170
v -5.472672 0.073785 -5.649197
v -5.204786 0.354748 -5.587256
v -5.256272 0.354748 -5.573461
v -5.293963 0.354748 -5.535769
v -5.307759 0.354748 -5.484283
v 5.421185 0.073785 -5.738374
v 5.458876 0.073785 -5.700683
v 5.472672 0.073785 -5.649197
v 5.369699 0.073785 -5.752170
v 5.307759 0.354748 -5.484283
v 5.293963 0.354748 -5.535769
v 5.256272 0.354748 -5.573461
v 5.204786 0.354748 -5.587256
v -5.250282 0.350707 -5.426805
v -5.236486 0.350707 -5.478292
v -5.198795 0.350707 -5.515983
v -5.147308 0.350707 -5.529778
v -5.250282 0.350708 4.867810
v -5.236486 0.350708 4.919296
v -5.198795 0.350708 4.956987
v -5.147308 0.350708 4.970783
v -5.085369 0.631672 4.702899
v -5.071573 0.631672 4.754386
v -5.033882 0.631672 4.792077
v -4.982396 0.631672 4.805873
v -4.982395 0.631673 -5.364867
v -5.033881 0.631673 -5.351070
v -5.071572 0.631673 -5.313380
v -5.085368 0.631673 -5.261894
v 5.147308 0.350708 4.970783
v 5.198795 0.350708 4.956987
v 5.236486 0.350708 4.919296
v 5.250282 0.350708 4.867810
v 4.982396 0.631672 4.805872
v 5.033883 0.631672 4.792075
v 5.071574 0.631672 4.754385
v 5.085370 0.631672 4.702899
v 5.250282 0.350707 -5.426805
v 5.236486 0.350707 -5.478292
v 5.198795 0.350707 -5.515983
v 5.147308 0.350707 -5.529778
v 5.085369 0.631671 -5.261894
v 5.071573 0.631671 -5.313381
v 5.033882 0.631671 -5.351072
v 4.982396 0.631671 -5.364868
v -5.027891 0.627630 -5.204417
v -5.014095 0.627630 -5.255903
v -4.976404 0.627630 -5.293593
v -4.924917 0.627630 -5.307390
v -5.027892 0.627631 4.645422
v -5.014096 0.627631 4.696909
v -4.976405 0.627631 4.734600
v -4.924919 0.627631 4.748396
v -4.862979 0.908596 4.480508
v -4.849183 0.908596 4.531995
v -4.811492 0.908596 4.569686
v -4.760005 0.908596 4.583482
v -4.760005 0.908595 -5.142477
v -4.811491 0.908595 -5.128682
v -4.849182 0.908595 -5.090991
v -4.862978 0.908595 -5.039504
v 4.924919 0.627631 4.748395
v 4.976405 0.627631 4.734598
v 5.014096 0.627631 4.696908
v 5.027892 0.627631 4.645422
v 4.760005 0.908596 4.583481
v 4.811492 0.908596 4.569686
v 4.849183 0.908596 4.531995
v 4.862979 0.908596 4.480508
v 5.027892 0.627630 -5.204417
v 5.014096 0.627630 -5.255904
v 4.976405 0.627630 -5.293595
v 4.924919 0.627630 -5.307391
v 4.862979 0.908595 -5.039504
v 4.849184 0.908595 -5.090991
v 4.811493 0.908595 -5.128682
v 4.760006 0.908595 -5.142477
v -4.805501 0.904552 -4.982026
v -4.791705 0.904552 -5.033513
v -4.754014 0.904552 -5.071205
v -4.702527 0.904552 -5.085000
v -4.805501 0.904553 4.423031
v -4.791705 0.904553 4.474518
v -4.754014 0.904553 4.512209
v -4.702528 0.904553 4.526005
v -4.640589 1.185518 4.258117
v -4.626793 1.185518 4.309604
v -4.589102 1.185518 4.347295
v -4.537615 1.185518 4.361091
v -4.537616 1.185517 -4.920085
v -4.589103 1.185517 -4.906290
v -4.626794 1.185517 -4.868598
v -4.640590 1.185517 -4.817111
v 4.702528 0.904553 4.526004
v 4.754015 0.904553 4.512209
v 4.791706 0.904553 4.474518
v 4.805501 0.904553 4.423031
v 4.537614 1.185518 4.361091
v 4.589101 1.185518 4.347295
v 4.626791 1.185518 4.309604
v 4.640587 1.185518 4.258117
v 4.805502 0.904552 -4.982027
v 4.791706 0.904552 -5.033514
v 4.754015 0.904552 -5.071205
v 4.702528 0.904552 -5.085000
v 4.640588 1.185517 -4.817111
v 4.626792 1.185517 -4.868598
v 4.589101 1.185517 -4.906290
v 4.537614 1.185517 -4.920085
v -4.583112 1.181474 -4.759634
v -4.569316 1.181474 -4.811121
v -4.531625 1.181474 -4.848812
v -4.480138 1.181474 -4.862607
v -4.583111 1.181475 4.200639
v -4.569315 1.181475 4.252126
v -4.531625 1.181475 4.289817
v -4.480138 1.181475 4.303613
v -4.418200 1.462439 4.035728
v -4.404404 1.462439 4.087215
v -4.366714 1.462439 4.124907
v -4.315227 1.462439 4.138702
v -4.315225 1.462439 -4.697697
v -4.366712 1.462439 -4.683901
v -4.404403 1.462439 -4.646210
v -4.418199 1.462439 -4.594723
v 4.480136 1.181478 4.303613
v 4.531623 1.181478 4.289817
v 4.569314 1.181478 4.252126
v 4.583110 1.181478 4.200639
v 4.315226 1.462440 4.138702
v 4.366713 1.462440 4.124907
v 4.404404 1.462440 4.087215
v 4.418200 1.462440 4.035728
v 4.583110 1.181474 -4.759634
v 4.569314 1.181474 -4.811121
v 4.531623 1.181474 -4.848812
v 4.480136 1.181474 -4.862607
v 4.418200 1.462438 -4.594724
v 4.404404 1.462438 -4.646211
v 4.366713 1.462438 -4.683902
v 4.315226 1.462438 -4.697698
v -4.360722 1.458397 -4.537246
v -4.346926 1.458397 -4.588733
v -4.309235 1.458397 -4.626424
v -4.257748 1.458397 -4.640220
v -4.360723 1.458396 3.978251
v -4.346927 1.458396 4.029738
v -4.309236 1.458396 4.067430
v -4.257749 1.458396 4.081225
v -4.195806 1.739363 3.813336
v -4.182010 1.739363 3.864822
v -4.144319 1.739363 3.902514
v -4.092832 1.739363 3.916309
v -4.092835 1.739361 -4.475306
v -4.144321 1.739361 -4.461510
v -4.182013 1.739361 -4.423819
v -4.195808 1.739361 -4.372332
v 4.257749 1.458398 4.081224
v 4.309236 1.458398 4.067429
v 4.346927 1.458398 4.029738
v 4.360723 1.458398 3.978251
v 4.092833 1.739363 3.916308
v 4.144320 1.739363 3.902512
v 4.182011 1.739363 3.864822
v 4.195807 1.739363 3.813335
v 4.360723 1.458397 -4.537247
v 4.346927 1.458397 -4.588734
v 4.309236 1.458397 -4.626425
v 4.257749 1.458397 -4.640221
v 4.195807 1.739363 -4.372332
v 4.182011 1.739363 -4.423818
v 4.144320 1.739363 -4.461509
v 4.092833 1.739363 -4.475305
v -4.138330 1.735318 -4.314855
v -4.124535 1.735318 -4.366341
v -4.086843 1.735318 -4.404032
v -4.035357 1.735318 -4.417828
v -4.138328 1.735322 3.755858
v -4.124532 1.735322 3.807345
v -4.086842 1.735322 3.845036
v -4.035355 1.735322 3.858832
v -3.973417 2.016287 3.590945
v -3.959621 2.016287 3.642431
v -3.921930 2.016287 3.680122
v -3.870444 2.016287 3.693918
v -3.870444 2.016284 -4.252914
v -3.921931 2.016284 -4.239119
v -3.959622 2.016284 -4.201427
v -3.973418 2.016284 -4.149940
v 4.035355 1.735322 3.858830
v 4.086842 1.735322 3.845034
v 4.124532 1.735322 3.807343
v 4.138328 1.735322 3.755856
v 3.870446 2.016287 3.693920
v 3.921933 2.016287 3.680124
v 3.959624 2.016287 3.642433
v 3.973420 2.016287 3.590946
v 4.138329 1.735321 -4.314854
v 4.124533 1.735321 -4.366341
v 4.086842 1.735321 -4.404032
v 4.035355 1.735321 -4.417828
v 3.973420 2.016284 -4.149942
v 3.959624 2.016284 -4.201429
v 3.921933 2.016284 -4.239120
v 3.870446 2.016284 -4.252916
v -3.915940 2.031172 -4.092463
v -3.902144 2.031172 -4.143950
v -3.864453 2.031172 -4.181642
v -3.812966 2.031172 -4.195437
v -3.915939 2.031174 3.533467
v -3.902143 2.031174 3.584954
v -3.864452 2.031174 3.622645
v -3.812965 2.031174 3.636441
v -3.751030 2.312139 3.368559
v -3.737234 2.312139 3.420046
v -3.699543 2.312139 3.457737
v -3.648057 2.312139 3.471533
v -3.648055 2.312138 -4.030527
v -3.699542 2.312138 -4.016730
v -3.737233 2.312138 -3.979040
v -3.751029 2.312138 -3.927554
v 3.812969 2.031173 3.636442
v 3.864456 2.031173 3.622646
v 3.902147 2.031173 3.584956
v 3.915943 2.031173 3.533469
v 3.648053 2.312139 3.471533
v 3.699541 2.312139 3.457737
v 3.737232 2.312139 3.420047
v 3.751028 2.312139 3.368560
v 3.915943 2.031172 -4.092465
v 3.902147 2.031172 -4.143951
v 3.864456 2.031172 -4.181643
v 3.812969 2.031172 -4.195438
v 3.751028 2.312138 -3.927554
v 3.737232 2.312138 -3.979041
v 3.699541 2.312138 -4.016732
v 3.648054 2.312138 -4.030527
v -3.693551 2.308095 -3.870076
v -3.679755 2.308095 -3.921563
v -3.642064 2.308095 -3.959254
v -3.590578 2.308095 -3.973050
v -3.693553 2.308094 3.311082
v -3.679757 2.308094 3.362569
v -3.642066 2.308094 3.400260
v -3.590579 2.308094 3.414056
v -3.528640 2.589061 3.146166
v -3.514844 2.589061 3.197653
v -3.477153 2.589061 3.235345
v -3.425667 2.589061 3.249140
v -3.425666 2.589060 -3.808136
v -3.477152 2.589060 -3.794340
v -3.514843 2.589060 -3.756649
v -3.528639 2.589060 -3.705162
v 3.590577 2.308093 3.414057
v 3.642064 2.308093 3.400261
v 3.679754 2.308093 3.362569
v 3.693550 2.308093 3.311082
v 3.425667 2.589061 3.249140
v 3.477154 2.589061 3.235345
v 3.514844 2.589061 3.197653
v 3.528640 2.589061 3.146166
v 3.693550 2.308095 -3.870077
v 3.679754 2.308095 -3.921564
v 3.642064 2.308095 -3.959254
v 3.590577 2.308095 -3.973050
v 3.528640 2.589056 -3.705163
v 3.514844 2.589056 -3.756650
v 3.477153 2.589056 -3.794341
v 3.425667 2.589056 -3.808137
v -3.471162 2.585019 -3.647685
v -3.457366 2.585019 -3.699172
v -3.419675 2.585019 -3.736863
v -3.368188 2.585019 -3.750659
v -3.471163 2.585016 3.088689
v -3.457367 2.585016 3.140176
v -3.419676 2.585016 3.177867
v -3.368189 2.585016 3.191663
v -3.306249 2.865981 2.923780
v -3.292453 2.865981 2.975266
v -3.254762 2.865981 3.012957
v -3.203275 2.865981 3.026753
v -3.203276 2.865980 -3.585748
v -3.254763 2.865980 -3.571952
v -3.292454 2.865980 -3.534261
v -3.306250 2.865980 -3.482775
v 3.368189 2.585016 3.191663
v 3.419676 2.585016 3.177867
v 3.457367 2.585016 3.140176
v 3.471163 2.585016 3.088689
v 3.203276 2.865981 3.026752
v 3.254763 2.865981 3.012956
v 3.292454 2.865981 2.975265
v 3.306250 2.865981 2.923779
v 3.471163 2.585015 -3.647686
v 3.457367 2.585015 -3.699173
v 3.419676 2.585015 -3.736864
v 3.368189 2.585015 -3.750660
v 3.306250 2.865980 -3.482774
v 3.292454 2.865980 -3.534261
v 3.254763 2.865980 -3.571952
v 3.203276 2.865980 -3.585748
v -3.248772 2.880867 -3.425298
v -3.234976 2.880867 -3.476785
v -3.197285 2.880867 -3.514475
v -3.145799 2.880867 -3.528271
v -3.248771 2.880868 2.866302
v -3.234976 2.880868 2.917789
v -3.197285 2.880868 2.955480
v -3.145798 2.880868 2.969276
v -3.083857 3.161842 2.701379
v -3.070061 3.161842 2.752866
v -3.032370 3.161842 2.790557
v -2.980884 3.161842 2.804353
v -2.980883 3.161838 -3.363354
v -3.032370 3.161838 -3.349558
v -3.070061 3.161838 -3.311867
v -3.083857 3.161838 -3.260380
v 3.145800 2.880868 2.969276
v 3.197286 2.880868 2.955480
v 3.234977 2.880868 2.917789
v 3.248773 2.880868 2.866302
v 2.980881 3.161841 2.804355
v 3.032367 3.161841 2.790559
v 3.070058 3.161841 2.752868
v 3.083854 3.161841 2.701381
v 3.248773 2.880867 -3.425297
v 3.234977 2.880867 -3.476784
v 3.197286 2.880867 -3.514475
v 3.145800 2.880867 -3.528271
v 3.083856 3.161839 -3.260379
v 3.070060 3.161839 -3.311866
v 3.032369 3.161839 -3.349557
v 2.980882 3.161839 -3.363352
v -3.026379 3.157796 -3.202902
v -3.012583 3.157796 -3.254389
v -2.974892 3.157796 -3.292080
v -2.923405 3.157796 -3.305876
v -3.026379 3.157801 2.643902
v -3.012583 3.157801 2.695388
v -2.974891 3.157801 2.733079
v -2.923404 3.157801 2.746874
v -2.861470 3.438758 2.479003
v -2.847674 3.438758 2.530490
v -2.809983 3.438758 2.568180
v -2.758496 3.438758 2.581976
v -2.758494 3.438761 -3.140966
v -2.809981 3.438761 -3.127170
v -2.847672 3.438761 -3.089479
v -2.861468 3.438761 -3.037993
v 2.923402 3.157800 2.746876
v 2.974889 3.157800 2.733080
v 3.012581 3.157800 2.695389
v 3.026376 3.157800 2.643903
v 2.758493 3.438760 2.581975
v 2.809980 3.438760 2.568179
v 2.847671 3.438760 2.530488
v 2.861467 3.438760 2.479002
v 3.026378 3.157797 -3.202901
v 3.012583 3.157797 -3.254388
v 2.974891 3.157797 -3.292079
v 2.923404 3.157797 -3.305874
v 2.861466 3.438761 -3.037994
v 2.847671 3.438761 -3.089480
v 2.809979 3.438761 -3.127171
v 2.758492 3.438761 -3.140967
v -2.803991 3.434719 -2.980515
v -2.790195 3.434719 -3.032002
v -2.752504 3.434719 -3.069693
v -2.701017 3.434719 -3.083489
v -2.803993 3.434715 2.421526
v -2.790197 3.434715 2.473013
v -2.752506 3.434715 2.510704
v -2.701020 3.434715 2.524500
v -2.639076 3.715683 2.256604
v -2.625280 3.715683 2.308091
v -2.587589 3.715683 2.345782
v -2.536102 3.715683 2.359578
v -2.536107 3.715680 -2.918580
v -2.587594 3.715680 -2.904784
v -2.625285 3.715680 -2.867093
v -2.639081 3.715680 -2.815606
v 2.701017 3.434717 2.524498
v 2.752503 3.434717 2.510702
v 2.790194 3.434717 2.473011
v 2.803990 3.434717 2.421523
v 2.536105 3.715682 2.359580
v 2.587592 3.715682 2.345784
v 2.625283 3.715682 2.308093
v 2.639078 3.715682 2.256605
v 2.803989 3.434719 -2.980516
v 2.790193 3.434719 -3.032003
v 2.752502 3.434719 -3.069694
v 2.701015 3.434719 -3.083490
v 2.639080 3.715680 -2.815606
v 2.625284 3.715680 -2.867093
v 2.587594 3.715680 -2.904784
v 2.536107 3.715680 -2.918580
v -2.581603 3.711637 -2.758129
v -2.567808 3.711637 -2.809616
v -2.530117 3.711637 -2.847308
v -2.478630 3.711637 -2.861103
v -2.581598 3.711641 2.199127
v -2.567802 3.711641 2.250614
v -2.530111 3.711641 2.288305
v -2.478624 3.711641 2.302101
v -2.416688 3.992606 2.034211
v -2.402893 3.992606 2.085699
v -2.365202 3.992606 2.123390
v -2.313715 3.992606 2.137186
v -2.313713 3.992607 -2.696183
v -2.365200 3.992607 -2.682387
v -2.402891 3.992607 -2.644697
v -2.416687 3.992607 -2.593210
v 2.478627 3.711639 2.302102
v 2.530114 3.711639 2.288307
v 2.567805 3.711639 2.250616
v 2.581601 3.711639 2.199129
v 2.313713 3.992606 2.137187
v 2.365200 3.992606 2.123391
v 2.402891 3.992606 2.085701
v 2.416687 3.992606 2.034214
v 2.581604 3.711637 -2.758130
v 2.567808 3.711637 -2.809617
v 2.530117 3.711637 -2.847308
v 2.478630 3.711637 -2.861104
v 2.416688 3.992605 -2.593210
v 2.402893 3.992605 -2.644697
v 2.365202 3.992605 -2.682388
v 2.313715 3.992605 -2.696184
v -2.359209 3.988565 -2.535732
v -2.345413 3.988565 -2.587219
v -2.307722 3.988565 -2.624910
v -2.256235 3.988565 -2.638706
v -2.359211 3.988564 1.976734
v -2.345415 3.988564 2.028221
v -2.307724 3.988564 2.065912
v -2.256237 3.988564 2.079707
v -2.194302 4.269525 1.811830
v -2.180506 4.269525 1.863317
v -2.142815 4.269525 1.901008
v -2.091328 4.269525 1.914803
v -2.091325 4.269525 -2.473796
v -2.142812 4.269525 -2.460000
v -2.180503 4.269525 -2.422310
v -2.194299 4.269525 -2.370823
v 2.256235 3.988564 2.079709
v 2.307722 3.988564 2.065913
v 2.345413 3.988564 2.028223
v 2.359209 3.988564 1.976736
v 2.091325 4.269525 1.914802
v 2.142812 4.269525 1.901006
v 2.180503 4.269525 1.863316
v 2.194299 4.269525 1.811829
v 2.359211 3.988563 -2.535733
v 2.345415 3.988563 -2.587220
v 2.307724 3.988563 -2.624910
v 2.256238 3.988563 -2.638706
v 2.194298 4.269526 -2.370821
v 2.180502 4.269526 -2.422308
v 2.142811 4.269526 -2.459999
v 2.091325 4.269526 -2.473795
v -2.136822 4.265482 -2.313346
v -2.123026 4.265482 -2.364833
v -2.085335 4.265482 -2.402524
v -2.033849 4.265482 -2.416320
v -2.136825 4.265481 1.754353
v -2.123029 4.265481 1.805840
v -2.085339 4.265481 1.843531
v -2.033852 4.265481 1.857327
v -1.971899 4.546455 1.589429
v -1.958103 4.546455 1.640916
v -1.920412 4.546455 1.678607
v -1.868925 4.546455 1.692402
v -1.868934 4.546452 -2.251399
v -1.920420 4.546452 -2.237603
v -1.958111 4.546452 -2.199912
v -1.971907 4.546452 -2.148425
v 2.033849 4.265481 1.857326
v 2.085336 4.265481 1.843530
v 2.123027 4.265481 1.805839
v 2.136822 4.265481 1.754352
v 1.868924 4.546454 1.692403
v 1.920411 4.546454 1.678607
v 1.958102 4.546454 1.640916
v 1.971897 4.546454 1.589429
v 2.136822 4.265482 -2.313345
v 2.123026 4.265482 -2.364831
v 2.085335 4.265482 -2.402522
v 2.033848 4.265482 -2.416318
v 1.971897 4.546458 -2.148423
v 1.958101 4.546458 -2.199910
v 1.920410 4.546458 -2.237601
v 1.868923 4.546458 -2.251397
v -1.914428 4.542409 -2.090947
v -1.900633 4.542409 -2.142434
v -1.862941 4.542409 -2.180124
v -1.811454 4.542409 -2.193920
v -1.914421 4.542415 1.531950
v -1.900625 4.542415 1.583437
v -1.862934 4.542415 1.621128
v -1.811447 4.542415 1.634924
v -1.749519 4.823370 1.367048
v -1.735723 4.823370 1.418535
v -1.698032 4.823370 1.456226
v -1.646545 4.823370 1.470022
v -1.646538 4.823375 -2.029016
v -1.698025 4.823375 -2.015220
v -1.735717 4.823375 -1.977530
v -1.749513 4.823375 -1.926043
v 1.811445 4.542415 1.634924
v 1.862931 4.542415 1.621128
v 1.900622 4.542415 1.583437
v 1.914418 4.542415 1.531950
v 1.646549 4.823369 1.470023
v 1.698035 4.823369 1.456227
v 1.735726 4.823369 1.418536
v 1.749522 4.823369 1.367049
v 1.914418 4.542418 -2.090944
v 1.900622 4.542418 -2.142431
v 1.862931 4.542418 -2.180122
v 1.811444 4.542418 -2.193918
v 1.749523 4.823368 -1.926046
v 1.735727 4.823368 -1.977533
v 1.698036 4.823368 -2.015224
v 1.646549 4.823368 -2.029019
v -1.692035 4.819332 -1.868565
v -1.678239 4.819332 -1.920052
v -1.640548 4.819332 -1.957743
v -1.589062 4.819332 -1.971539
v -1.692041 4.819329 1.309571
v -1.678245 4.819329 1.361058
v -1.640554 4.819329 1.398749
v -1.589068 4.819329 1.412545
v -1.527129 5.100295 1.144651
v -1.513333 5.100295 1.196138
v -1.475642 5.100296 1.233829
v -1.424156 5.100296 1.247625
v -1.424152 5.100299 -1.806620
v -1.475638 5.100299 -1.792825
v -1.513329 5.100299 -1.755133
v -1.527125 5.100299 -1.703646
v 1.589072 4.819326 1.412546
v 1.640559 4.819326 1.398750
v 1.678250 4.819326 1.361060
v 1.692046 4.819326 1.309573
v 1.424144 5.100304 1.247622
v 1.475631 5.100304 1.233826
v 1.513322 5.100304 1.196135
v 1.527118 5.100304 1.144649
v 1.692046 4.819326 -1.868570
v 1.678250 4.819326 -1.920056
v 1.640559 4.819326 -1.957747
v 1.589072 4.819326 -1.971543
v 1.527120 5.100304 -1.703646
v 1.513324 5.100304 -1.755132
v 1.475633 5.100304 -1.792823
v 1.424146 5.100304 -1.806619
v -1.469647 5.096257 -1.646169
v -1.455851 5.096257 -1.697655
v -1.418160 5.096257 -1.735346
v -1.366673 5.096257 -1.749142
v -1.469651 5.096252 1.087174
v -1.455855 5.096252 1.138660
v -1.418164 5.096253 1.176351
v -1.366677 5.096253 1.190146
v -1.304740 5.377212 0.922274
v -1.290944 5.377212 0.973760
v -1.253253 5.377212 1.011451
v -1.201766 5.377212 1.025247
v -1.201769 5.377212 -1.584244
v -1.253256 5.377212 -1.570448
v -1.290947 5.377212 -1.532757
v -1.304743 5.377212 -1.481271
v 1.366665 5.096262 1.190143
v 1.418151 5.096263 1.176347
v 1.455842 5.096263 1.138656
v 1.469638 5.096263 1.087169
v 1.201778 5.377207 1.025251
v 1.253264 5.377207 1.011455
v 1.290955 5.377205 0.973764
v 1.304751 5.377205 0.922277
v 1.469640 5.096260 -1.646166
v 1.455844 5.096260 -1.697653
v 1.418153 5.096260 -1.735344
v 1.366667 5.096260 -1.749140
v 1.304750 5.377210 -1.481273
v 1.290954 5.377210 -1.532760
v 1.253264 5.377210 -1.570451
v 1.201777 5.377210 -1.584247
v -1.247266 5.370455 -1.423794
v -1.233470 5.370455 -1.475281
v -1.195780 5.370455 -1.512972
v -1.144293 5.370455 -1.526768
v -1.247264 5.370458 0.864797
v -1.233468 5.370458 0.916284
v -1.195777 5.370458 0.953975
v -1.144291 5.370458 0.967771
v -1.082344 5.651431 0.699871
v -1.068549 5.651431 0.751358
v -1.030858 5.651431 0.789049
v -0.979371 5.651431 0.802845
v -0.979376 5.651428 -1.361844
v -1.030862 5.651428 -1.348048
v -1.068553 5.651428 -1.310357
v -1.082348 5.651428 -1.258870
v 1.144302 5.370451 0.967775
v 1.195789 5.370451 0.953979
v 1.233480 5.370451 0.916288
v 1.247275 5.370451 0.864801
v 0.979375 5.651428 0.802848
v 1.030862 5.651428 0.789052
v 1.068553 5.651428 0.751362
v 1.082349 5.651428 0.699875
v 1.247275 5.370453 -1.423797
v 1.233479 5.370453 -1.475284
v 1.195788 5.370453 -1.512975
v 1.144301 5.370453 -1.526771
v 1.082350 5.651423 -1.258871
v 1.068554 5.651423 -1.310358
v 1.030863 5.651423 -1.348049
v 0.979376 5.651423 -1.361845
v -1.024871 5.644672 -1.201394
v -1.011075 5.644672 -1.252881
v -0.973385 5.644672 -1.290572
v -0.921898 5.644672 -1.304368
v -1.024866 5.644675 0.642393
v -1.011070 5.644675 0.693879
v -0.973379 5.644675 0.731570
v -0.921892 5.644675 0.745366
v -0.859963 5.925632 0.477501
v -0.846167 5.925632 0.528988
v -0.808476 5.925632 0.566678
v -0.756989 5.925632 0.580474
v -0.756978 5.925647 -1.139443
v -0.808465 5.925645 -1.125648
v -0.846156 5.925645 -1.087957
v -0.859952 5.925644 -1.036470
v 0.921897 5.644672 0.745370
v 0.973385 5.644672 0.731574
v 1.011077 5.644672 0.693884
v 1.024873 5.644672 0.642398
v 0.756973 5.925637 0.580468
v 0.808461 5.925637 0.566672
v 0.846152 5.925638 0.528981
v 0.859948 5.925638 0.477495
v 1.024875 5.644670 -1.201396
v 1.011079 5.644670 -1.252882
v 0.973388 5.644670 -1.290573
v 0.921901 5.644670 -1.304369
v 0.859941 5.925650 -1.036469
v 0.846145 5.925650 -1.087955
v 0.808453 5.925650 -1.125645
v 0.756966 5.925650 -1.139441
v -0.802473 5.930051 -0.978992
v -0.788677 5.930053 -1.030478
v -0.750985 5.930053 -1.068168
v -0.699498 5.930054 -1.081964
v -0.802487 5.930035 0.420026
v -0.788692 5.930035 0.471514
v -0.751002 5.930034 0.509207
v -0.699517 5.930034 0.523003
v -0.637552 6.211033 0.255046
v -0.623756 6.211035 0.306534
v -0.586066 6.211036 0.344226
v -0.534580 6.211036 0.358022
v -0.534597 6.211001 -0.917075
v -0.586084 6.211002 -0.903279
v -0.623775 6.211004 -0.865588
v -0.637570 6.211005 -0.814101
v 0.699502 5.930040 0.522996
v 0.750986 5.930040 0.509199
v 0.788675 5.930042 0.471506
v 0.802470 5.930042 0.420017
v 0.534588 6.211031 0.358024
v 0.586073 6.211031 0.344227
v 0.623762 6.211030 0.306535
v 0.637558 6.211029 0.255047
v 0.802461 5.930057 -0.978988
v 0.788664 5.930058 -1.030474
v 0.750973 5.930058 -1.068165
v 0.699486 5.930058 -1.081961
v 0.637573 6.211005 -0.814100
v 0.623778 6.211004 -0.865588
v 0.586088 6.211002 -0.903279
v 0.534601 6.211001 -0.917075
v -0.477118 6.215407 -0.859598
v -0.528606 6.215407 -0.845802
v -0.566297 6.215410 -0.808111
v -0.580092 6.215412 -0.756624
v -0.580071 6.215445 0.197561
v -0.566274 6.215446 0.249047
v -0.528582 6.215447 0.286737
v -0.477095 6.215447 0.300532
v 0.477102 6.215446 0.300534
v 0.528590 6.215445 0.286739
v 0.566282 6.215444 0.249049
v 0.580079 6.215442 0.197564
v 0.580097 6.215410 -0.756625
v 0.566302 6.215407 -0.808112
v 0.528610 6.215406 -0.845803
v 0.477123 6.215405 -0.859599
v -0.178198 6.211001 -0.917075
v 0.178202 6.211001 -0.917075
v -0.919499 3.438761 -3.140966
v 0.919497 3.438761 -3.140967
v -1.067759 2.865980 -3.585748
v 1.067759 2.865980 -3.585748
v -0.771237 3.992607 -2.696183
v 0.771239 3.992606 -2.696183
v -0.697108 4.269525 -2.473796
v 0.697108 4.269526 -2.473795
v -0.326459 5.651426 -1.361845
v 0.326459 5.651425 -1.361845
v -0.622982 4.546453 -2.251398
v 0.622971 4.546455 -2.251398
v -0.400587 5.377211 -1.584245
v 0.400595 5.377211 -1.584246
v -0.845369 3.715680 -2.918580
v 0.845369 3.715680 -2.918580
v -0.252330 5.925648 -1.139442
v 0.252318 5.925649 -1.139442
v -0.474719 5.100301 -1.806620
v 0.474713 5.100302 -1.806619
v -0.993628 3.161839 -3.363353
v 0.993627 3.161839 -3.363353
v -1.734929 0.354748 -5.587256
v 1.734929 0.354748 -5.587256
v -1.660798 0.631673 -5.364867
v 1.660799 0.631672 -5.364867
v -1.586668 0.908595 -5.142477
v 1.586669 0.908595 -5.142477
v -1.512539 1.185517 -4.920085
v 1.512537 1.185517 -4.920085
v -1.438408 1.462439 -4.697697
v 1.438409 1.462438 -4.697698
v -1.364279 1.739362 -4.475305
v 1.364277 1.739363 -4.475305
v -1.290147 2.016284 -4.252915
v 1.290149 2.016284 -4.252916
v -1.216019 2.312138 -4.030527
v 1.216018 2.312138 -4.030527
v -0.548842 4.823372 -2.029017
v 0.548853 4.823370 -2.029018
v -1.141888 2.589059 -3.808136
v 1.141889 2.589057 -3.808136
v -0.159038 6.215407 -0.859598
v 0.159043 6.215406 -0.859599
v -1.789900 0.073785 -5.752170
v 1.789900 0.073785 -5.752170
v -1.715769 0.350707 -5.529778
v 1.715769 0.350707 -5.529778
v -1.641638 0.627630 -5.307390
v 1.641640 0.627630 -5.307390
v -1.567509 0.904552 -5.085000
v 1.567510 0.904552 -5.085000
v -1.493380 1.181474 -4.862607
v 1.493378 1.181474 -4.862607
v -1.048599 2.880867 -3.528271
v 1.048600 2.880867 -3.528271
v -1.419249 1.458397 -4.640220
v 1.419250 1.458397 -4.640221
v -1.345119 1.735319 -4.417828
v 1.345118 1.735320 -4.417828
v -1.270988 2.031172 -4.195438
v 1.270991 2.031172 -4.195438
v -1.196860 2.308095 -3.973050
v 1.196859 2.308095 -3.973050
v -0.826210 3.711637 -2.861103
v 0.826210 3.711637 -2.861103
v -0.529684 4.819330 -1.971540
v 0.529694 4.819328 -1.971542
v -0.455560 5.096258 -1.749141
v 0.455554 5.096259 -1.749141
v -0.381428 5.370454 -1.526769
v 0.381436 5.370454 -1.526770
v -0.307298 5.644671 -1.304368
v 0.307301 5.644670 -1.304369
v -0.233170 5.930055 -1.081963
v 0.233158 5.930057 -1.081962
v -0.752077 3.988565 -2.638706
v 0.752080 3.988564 -2.638706
v -1.122729 2.585018 -3.750659
v 1.122730 2.585017 -3.750659
v -0.974469 3.157797 -3.305875
v 0.974468 3.157797 -3.305875
v -0.900340 3.434719 -3.083489
v 0.900338 3.434719 -3.083490
v -0.677950 4.265482 -2.416319
v 0.677949 4.265482 -2.416319
v -0.603821 4.542412 -2.193919
v 0.603811 4.542415 -2.193918
v -1.715769 0.350708 4.970783
v 1.715769 0.350708 4.970783
v -1.641640 0.627631 4.748396
v 1.641640 0.627631 4.748395
v -1.567509 0.904553 4.526005
v 1.567509 0.904553 4.526004
v -1.493380 1.181476 4.303613
v 1.493378 1.181477 4.303613
v -1.419250 1.458397 4.081224
v 1.419250 1.458397 4.081224
v -1.345118 1.735322 3.858831
v 1.345118 1.735322 3.858831
v -1.270987 2.031173 3.636442
v 1.270991 2.031173 3.636442
v -1.196860 2.308094 3.414057
v 1.196858 2.308093 3.414057
v -1.734929 0.354749 5.028261
v 1.734929 0.354749 5.028261
v -0.529688 4.819328 1.412546
v 0.529692 4.819327 1.412546
v -0.455563 5.096256 1.190145
v 0.455551 5.096259 1.190144
v -0.381427 5.370456 0.967772
v 0.381438 5.370454 0.967774
v -0.307296 5.644674 0.745367
v 0.307301 5.644673 0.745369
v -0.233177 5.930036 0.523000
v 0.233162 5.930038 0.522998
v -0.159029 6.215447 0.300533
v 0.159036 6.215446 0.300533
v -1.122730 2.585016 3.191663
v 1.122730 2.585016 3.191663
v -1.048599 2.880868 2.969276
v 1.048601 2.880868 2.969276
v -0.974469 3.157800 2.746875
v 0.974467 3.157800 2.746875
v -0.900341 3.434716 2.524500
v 0.900338 3.434716 2.524499
v -0.826207 3.711640 2.302102
v 0.826210 3.711639 2.302102
v -0.752080 3.988564 2.079708
v 0.752078 3.988564 2.079709
v -0.677952 4.265481 1.857326
v 0.677949 4.265481 1.857326
v -0.603816 4.542415 1.634924
v 0.603814 4.542415 1.634924
v -1.789900 0.073786 5.193174
v 1.789900 0.073786 5.193174
v -1.660799 0.631672 4.805873
v 1.660799 0.631672 4.805873
v -1.586668 0.908596 4.583482
v 1.586668 0.908596 4.583482
v -1.512538 1.185518 4.361091
v 1.512538 1.185518 4.361091
v -1.438409 1.462439 4.138702
v 1.438408 1.462440 4.138702
v -1.364277 1.739363 3.916308
v 1.364278 1.739363 3.916308
v -1.290147 2.016287 3.693919
v 1.290149 2.016287 3.693920
v -1.216020 2.312139 3.471533
v 1.216016 2.312139 3.471533
v -1.141889 2.589061 3.249140
v 1.141889 2.589061 3.249140
v -0.474723 5.100298 1.247624
v 0.474711 5.100301 1.247623
v -0.400585 5.377210 1.025248
v 0.400597 5.377209 1.025250
v -0.326456 5.651430 0.802846
v 0.326460 5.651429 0.802847
v -0.252335 5.925633 0.580472
v 0.252319 5.925635 0.580470
v -0.178191 6.211034 0.358023
v 0.178199 6.211033 0.358023
v -1.067758 2.865981 3.026752
v 1.067759 2.865981 3.026752
v -0.993629 3.161842 2.804354
v 0.993626 3.161841 2.804354
v -0.919500 3.438759 2.581976
v 0.919497 3.438759 2.581975
v -0.845366 3.715683 2.359579
v 0.845369 3.715682 2.359580
v -0.771239 3.992606 2.137187
v 0.771237 3.992606 2.137187
v -0.697110 4.269525 1.914802
v 0.697107 4.269525 1.914802
v -0.622975 4.546455 1.692403
v 0.622974 4.546454 1.692403
v -0.548847 4.823370 1.470023
v 0.548851 4.823369 1.470023
v -0.059398 6.211001 -0.917075
v 0.059402 6.211001 -0.917075
v -0.306500 3.438761 -3.140966
v 0.306498 3.438761 -3.140966
v -0.355919 2.865980 -3.585748
v 0.355920 2.865980 -3.585748
v -0.257078 3.992606 -2.696183
v 0.257080 3.992606 -2.696183
v -0.232369 4.269525 -2.473795
v 0.232370 4.269526 -2.473795
v -0.108820 5.651426 -1.361845
v 0.108820 5.651425 -1.361845
v -0.207664 4.546454 -2.251398
v 0.207653 4.546454 -2.251398
v -0.133526 5.377211 -1.584245
v 0.133534 5.377211 -1.584246
v -0.281790 3.715680 -2.918580
v 0.281790 3.715680 -2.918580
v -0.084114 5.925648 -1.139442
v 0.084102 5.925649 -1.139442
v -0.158242 5.100301 -1.806620
v 0.158236 5.100302 -1.806619
v -0.331210 3.161839 -3.363353
v 0.331209 3.161839 -3.363353
v -0.578310 0.354748 -5.587256
v 0.578310 0.354748 -5.587256
v -0.553599 0.631672 -5.364867
v 0.553600 0.631672 -5.364867
v -0.528889 0.908595 -5.142477
v 0.528890 0.908595 -5.142477
v -0.504180 1.185517 -4.920085
v 0.504178 1.185517 -4.920085
v -0.479469 1.462439 -4.697697
v 0.479470 1.462439 -4.697697
v -0.454760 1.739362 -4.475305
v 0.454758 1.739362 -4.475305
v -0.430048 2.016284 -4.252915
v 0.430050 2.016284 -4.252916
v -0.405340 2.312138 -4.030527
v 0.405339 2.312138 -4.030527
v -0.182944 4.823371 -2.029017
v 0.182955 4.823371 -2.029018
v -0.380629 2.589058 -3.808136
v 0.380630 2.589058 -3.808136
v -0.053011 6.215407 -0.859599
v 0.053016 6.215406 -0.859599
v -0.596633 0.073785 -5.752170
v 0.596633 0.073785 -5.752170
v -0.571923 0.350707 -5.529778
v 0.571923 0.350707 -5.529778
v -0.547212 0.627630 -5.307390
v 0.547214 0.627630 -5.307390
v -0.522503 0.904552 -5.085000
v 0.522503 0.904552 -5.085000
v -0.497794 1.181474 -4.862607
v 0.497792 1.181474 -4.862607
v -0.349532 2.880867 -3.528271
v 0.349534 2.880867 -3.528271
v -0.473083 1.458397 -4.640220
v 0.473084 1.458397 -4.640220
v -0.448374 1.735319 -4.417828
v 0.448372 1.735320 -4.417828
v -0.423662 2.031172 -4.195438
v 0.423665 2.031172 -4.195438
v -0.398953 2.308095 -3.973050
v 0.398953 2.308095 -3.973050
v -0.275403 3.711637 -2.861103
v 0.275403 3.711637 -2.861103
v -0.176558 4.819329 -1.971541
v 0.176568 4.819329 -1.971541
v -0.151855 5.096258 -1.749141
v 0.151849 5.096258 -1.749141
v -0.127140 5.370454 -1.526769
v 0.127148 5.370454 -1.526769
v -0.102432 5.644671 -1.304368
v 0.102435 5.644670 -1.304369
v -0.077727 5.930056 -1.081963
v 0.077715 5.930056 -1.081962
v -0.250691 3.988564 -2.638706
v 0.250695 3.988564 -2.638706
v -0.374242 2.585017 -3.750659
v 0.374244 2.585017 -3.750659
v -0.324823 3.157797 -3.305875
v 0.324822 3.157797 -3.305875
v -0.300114 3.434719 -3.083489
v 0.300112 3.434719 -3.083489
v -0.225984 4.265482 -2.416319
v 0.225983 4.265482 -2.416319
v -0.201277 4.542413 -2.193919
v 0.201267 4.542414 -2.193919
v -0.571923 0.350708 4.970783
v 0.571923 0.350708 4.970783
v -0.547213 0.627631 4.748396
v 0.547213 0.627631 4.748395
v -0.522503 0.904553 4.526005
v 0.522503 0.904553 4.526004
v -0.497794 1.181476 4.303613
v 0.497792 1.181477 4.303613
v -0.473083 1.458397 4.081224
v 0.473083 1.458397 4.081224
v -0.448373 1.735322 3.858831
v 0.448373 1.735322 3.858831
v -0.423661 2.031173 3.636442
v 0.423665 2.031173 3.636442
v -0.398954 2.308093 3.414057
v 0.398952 2.308093 3.414057
v -0.578310 0.354749 5.028261
v 0.578310 0.354749 5.028261
v -0.176561 4.819328 1.412546
v 0.176565 4.819327 1.412546
v -0.151858 5.096257 1.190144
v 0.151846 5.096258 1.190144
v -0.127139 5.370455 0.967773
v 0.127150 5.370455 0.967773
v -0.102430 5.644674 0.745368
v 0.102435 5.644673 0.745368
v -0.077731 5.930037 0.523000
v 0.077716 5.930037 0.522999
v -0.053007 6.215447 0.300533
v 0.053014 6.215446 0.300533
v -0.374243 2.585016 3.191663
v 0.374243 2.585016 3.191663
v -0.349532 2.880868 2.969276
v 0.349534 2.880868 2.969276
v -0.324823 3.157800 2.746875
v 0.324822 3.157800 2.746875
v -0.300115 3.434716 2.524500
v 0.300112 3.434716 2.524499
v -0.275401 3.711640 2.302102
v 0.275404 3.711640 2.302102
v -0.250694 3.988564 2.079708
v 0.250692 3.988564 2.079709
v -0.225985 4.265481 1.857326
v 0.225982 4.265481 1.857326
v -0.201273 4.542415 1.634924
v 0.201271 4.542415 1.634924
v -0.596633 0.073786 5.193174
v 0.596633 0.073786 5.193174
v -0.553599 0.631672 4.805873
v 0.553600 0.631672 4.805873
v -0.528889 0.908596 4.583482
v 0.528889 0.908596 4.583482
v -0.504180 1.185518 4.361091
v 0.504179 1.185518 4.361091
v -0.479470 1.462439 4.138702
v 0.479469 1.462440 4.138702
v -0.454759 1.739363 3.916308
v 0.454760 1.739363 3.916308
v -0.430048 2.016287 3.693919
v 0.430050 2.016287 3.693920
v -0.405341 2.312139 3.471533
v 0.405338 2.312139 3.471533
v -0.380630 2.589061 3.249140
v 0.380630 2.589061 3.249140
v -0.158245 5.100299 1.247623
v 0.158233 5.100300 1.247623
v -0.133524 5.377210 1.025249
v 0.133536 5.377209 1.025249
v -0.108817 5.651429 0.802846
v 0.108821 5.651429 0.802847
v -0.084117 5.925634 0.580472
v 0.084101 5.925634 0.580471
v -0.059394 6.211034 0.358023
v 0.059402 6.211033 0.358023
v -0.355919 2.865981 3.026752
v 0.355920 2.865981 3.026752
v -0.331211 3.161842 2.804354
v 0.331208 3.161841 2.804354
v -0.306501 3.438759 2.581976
v 0.306498 3.438759 2.581975
v -0.281788 3.715682 2.359579
v 0.281791 3.715682 2.359580
v -0.257080 3.992606 2.137187
v 0.257078 3.992606 2.137187
v -0.232371 4.269525 1.914802
v 0.232368 4.269525 1.914802
v -0.207659 4.546455 1.692403
v 0.207658 4.546454 1.692403
v -0.182948 4.823370 1.470023
v 0.182952 4.823369 1.470023
vn -0.0000 -0.0000 1.0000
vn -0.0000 1.0000 -0.0000
vn -0.0000 -0.0000 -1.0000
vn 1.0000 -0.0000 -0.0000
vn -1.0000 -0.0000 -0.0000
vn -0.0000 0.2281 0.9736
vn 0.9623 0.2719 -0.0000
vn -0.0000 0.2281 -0.9736
vn -0.9623 0.2719 -0.0000
vn -0.0000 0.2011 0.9796
vn 0.9707 0.2403 -0.0000
vn -0.0000 0.2011 -0.9796
vn -0.9707 0.2403 -0.0000
vn -0.0000 -0.1426 0.9898
vn 0.9852 -0.1712 -0.0000
vn -0.0000 -0.1426 -0.9898
vn -0.9852 -0.1712 -0.0000
vn -0.0000 0.0329 0.9995
vn 0.9992 0.0396 -0.0000
vn -0.0000 0.0329 -0.9995
vn -0.9992 0.0396 -0.0000
vn -0.0000 -0.7354 0.6776
vn 0.6072 -0.7946 -0.0000
vn -0.0000 -0.7354 -0.6776
vn -0.6072 -0.7946 -0.0000
vn -0.0000 0.7278 0.6858
vn 0.6157 0.7880 -0.0000
vn -0.0000 0.7279 -0.6857
vn -0.6157 0.7880 -0.0000
vn 0.0908 0.9959 -0.0000
vn 0.0908 -0.9959 -0.0000
vn -0.0000 0.9940 0.1093
vn -0.0000 -0.9940 0.1093
vn -0.0908 0.9959 -0.0000
vn -0.0908 -0.9959 -0.0000
vn -0.0000 0.9940 -0.1093
vn -0.0000 -0.9940 -0.1093
vn 0.0911 0.9958 -0.0000
vn 0.0911 -0.9958 -0.0000
vn -0.0000 0.9940 0.1096
vn -0.0000 -0.9940 0.1096
vn -0.0911 0.9958 -0.0000
vn -0.0911 -0.9958 -0.0000
vn -0.0000 0.9940 -0.1096
vn -0.0000 -0.9940 -0.1096
vn -0.0000 0.7071 0.7071
vn -0.0000 0.8944 0.4472
vn -0.0000 -0.9929 0.1189
vn -0.0000 -1.0000 -0.0000
vn 0.0012 1.0000 -0.0000
vn 0.0141 0.9999 -0.0000
vn -0.0000 0.2927 0.9562
vn 0.9562 0.2927 -0.0000
vn -0.0000 0.2927 -0.9562
vn -0.9562 0.2927 -0.0000
vn -0.0000 -0.3650 0.9310
vn 0.9310 -0.3650 -0.0000
vn -0.0000 -0.3650 -0.9310
vn -0.9310 -0.3650 -0.0000
vn -0.0000 -0.9628 0.2702
vn 0.2702 -0.9628 -0.0000
vn -0.0000 -0.9628 -0.2702
vn -0.2702 -0.9628 -0.0000
vn -0.0000 0.9059 0.4235
vn 0.4235 0.9059 -0.0000
vn -0.0000 0.9059 -0.4235
vn -0.4235 0.9059 -0.0000
vn -0.0000 0.0001 -1.0000
vn -0.0000 -0.1324 -0.9912
vn -0.0000 -0.1036 -0.9946
vn 0.9778 -0.2096 -0.0000
vn -0.9778 -0.2096 -0.0000
vn -0.0000 0.1036 -0.9946
vn -0.0000 0.1324 -0.9912
vn -0.9778 0.2096 -0.0000
vn 0.9778 0.2096 -0.0000
vn -0.0000 -0.0730 -0.9973
vn -0.0000 -0.0900 -0.9959
vn -0.9883 -0.1525 0.0001
vn -0.9883 -0.1525 -0.0000
vn 0.9883 -0.1525 -0.0001
vn 0.9883 -0.1525 -0.0000
vn 0.0001 0.0900 -0.9959
vn -0.0000 0.0730 -0.9973
vn -0.9883 0.1525 -0.0002
vn -0.9883 0.1525 -0.0000
vn 0.9883 0.1525 0.0002
vn 0.9883 0.1525 -0.0000
vn -0.0001 -0.0900 -0.9959
vn -0.0000 0.0900 -0.9959
vn 0.5105 -0.8139 -0.2775
vn -0.1432 0.5501 0.8227
vn 0.8073 -0.2354 0.5411
vn 0.0986 0.8195 0.5645
vn -0.4271 -0.7235 -0.5423
vn 0.0576 -0.9967 -0.0573
vn 0.5889 -0.7714 -0.2412
vn 0.8259 -0.0000 0.5639
vn 0.3533 0.8969 -0.2660
vn -0.9794 0.0004 -0.2021
vn -0.8045 -0.0000 -0.5939
vn -0.0567 0.9965 0.0615
vn -0.5704 -0.6021 -0.5586
vn 0.3810 0.6886 -0.6169
vn -0.9726 -0.0000 -0.2326
vn -0.0000 -0.0001 -1.0000
vn 0.9674 -0.0000 0.2531
vn -0.5775 -0.7256 -0.3741
vn 0.8160 0.0009 0.5781
vn 0.8052 -0.0000 0.5930
vn -0.8147 -0.0000 -0.5799
vn 0.9718 -0.0000 0.2357
vn -0.4724 0.8813 -0.0126
vn -0.0426 -0.4517 -0.8911
vn 0.9846 -0.1369 -0.1084
vn 0.3955 0.6701 0.6281
vn 0.2233 -0.7636 -0.6059
vn -0.4663 -0.7899 -0.3983
vn -0.2202 0.7667 0.6031
vn 0.0030 -0.8792 -0.4764
vn -0.2950 0.9515 0.0870
vn -0.0000 -0.1335 -0.9910
vn -0.0000 -0.0723 -0.9974
vn -0.0000 0.0723 -0.9974
vn -0.0000 0.1335 -0.9910
vn -0.2564 -0.2565 -0.9319
vn -0.0000 -0.8969 -0.4422
vn -0.0000 0.6225 -0.7826
vn -0.0000 0.3602 -0.9329
vn -0.0000 -0.7303 0.6831
vn 0.5233 -0.8522 -0.0000
vn -0.0000 -0.7303 -0.6831
vn -0.5232 -0.8522 -0.0000
vn -0.0000 0.8256 0.5643
vn 0.4093 0.9124 -0.0000
vn -0.0000 0.8256 -0.5643
vn -0.4093 0.9124 -0.0000
vn -0.7072 -0.0000 0.7071
vn -0.7071 -0.0000 0.7071
vn 0.7072 -0.0000 0.7071
vn 0.7071 -0.0000 0.7071
vn -0.7072 0.2492 -0.6616
vn -0.7070 0.2517 -0.6609
vn -0.7073 0.2480 -0.6619
vn -0.7071 0.2504 -0.6613
vn 0.0001 0.0045 -1.0000
vn -0.0000 0.3535 -0.9354
vn -0.0000 0.0046 -1.0000
vn -0.7075 0.0042 -0.7067
vn -0.7075 0.0034 -0.7067
vn -0.7072 -0.0000 -0.7071
vn 0.7073 0.2516 -0.6606
vn 0.7075 0.2491 -0.6613
vn 0.7078 0.2502 -0.6607
vn 0.7077 0.2479 -0.6616
vn 0.7077 0.0034 -0.7065
vn 0.7077 0.0042 -0.7065
vn 0.7073 -0.0000 -0.7069
vn -0.7097 -0.0002 0.7045
vn -0.7098 -0.0002 0.7044
vn 0.7039 -0.0001 0.7103
vn 0.7104 0.0012 -0.7038
vn 0.7109 0.0013 -0.7033
vn 0.7107 -0.0002 -0.7035
vn -0.0001 0.0022 -1.0000
vn -0.0002 0.3535 -0.9354
vn -0.0000 0.0022 -1.0000
vn -0.7050 0.0014 -0.7092
vn -0.7050 0.0012 -0.7092
vn -0.7048 -0.0002 -0.7094
vn -0.5926 -0.8054 0.0101
vn -0.0058 -0.6748 0.7380
vn -0.0092 -0.5440 0.8391
vn -0.6810 -0.7321 0.0129
vn -1.0000 -0.0073 -0.0000
vn -0.5929 -0.8052 -0.0101
vn -1.0000 -0.0073 0.0001
vn -0.0001 -0.0064 1.0000
vn -0.0000 -0.0064 1.0000
vn 0.0058 -0.6752 0.7376
vn 0.5929 -0.8052 0.0101
vn 0.6813 -0.7319 0.0128
vn 0.0093 -0.5439 0.8391
vn 1.0000 -0.0073 0.0002
vn 1.0000 -0.0073 -0.0000
vn 0.5926 -0.8055 -0.0101
vn 0.0058 -0.6748 -0.7380
vn 0.0092 -0.5440 -0.8390
vn 0.6810 -0.7322 -0.0130
vn -0.0000 -0.0064 -1.0000
vn -0.0058 -0.6752 -0.7376
vn -0.6812 -0.7319 -0.0128
vn -0.0093 -0.5439 -0.8391
vn -0.7085 0.0020 0.7057
vn -0.9861 -0.1663 -0.0000
vn -0.9863 -0.1649 -0.0000
vn -0.0000 -0.1037 0.9946
vn -0.0000 -0.1051 0.9945
vn 0.7023 0.0023 0.7119
vn 0.9863 -0.1649 -0.0000
vn 0.9861 -0.1663 -0.0000
vn 0.7085 0.0020 -0.7057
vn -0.0000 -0.1037 -0.9946
vn -0.0000 -0.1051 -0.9945
vn -0.7023 0.0024 -0.7119
vn -0.4085 0.9125 0.0220
vn -0.0067 0.5855 0.8106
vn -0.0026 0.8725 0.4886
vn -0.3613 0.9324 0.0052
vn -0.8287 0.5598 0.0001
vn -0.0000 0.1095 0.9940
vn -0.0000 0.1103 0.9939
vn 0.0067 0.5864 0.8100
vn 0.4084 0.9125 0.0222
vn 0.3609 0.9326 0.0051
vn 0.0026 0.8725 0.4887
vn 0.8287 0.5597 -0.0001
vn 0.4086 0.9125 -0.0219
vn 0.0067 0.5864 -0.8100
vn 0.0026 0.8726 -0.4884
vn 0.3611 0.9325 -0.0051
vn -0.0000 0.1096 -0.9940
vn -0.0000 0.1103 -0.9939
vn -0.0067 0.5868 -0.8097
vn -0.4084 0.9125 -0.0222
vn -0.3614 0.9324 -0.0051
vn -0.0026 0.8728 -0.4881
vn -0.0034 1.0000 0.0084
vn -0.0034 1.0000 -0.0083
vn 0.0034 1.0000 0.0084
vn 0.0034 1.0000 -0.0083
vn -0.0000 0.1095 -0.9940
vn -0.5705 -0.5647 0.5964
vn 0.5692 -0.5649 0.5974
vn 0.5705 -0.5647 -0.5964
vn -0.5692 -0.5649 -0.5974
vn -0.4986 -0.6101 0.6158
vn 0.5068 -0.6108 0.6084
vn 0.4986 -0.6100 -0.6158
vn -0.5068 -0.6108 -0.6084
vn -0.4497 0.6708 0.5897
vn 0.4415 0.6680 0.5990
vn 0.4497 0.6708 -0.5898
vn -0.4415 0.6680 -0.5990
vn -0.0000 0.8355 0.5494
vn 0.5064 -0.8623 -0.0078
vn -0.2225 0.6629 0.7149
vn -0.6313 -0.0000 -0.7756
vn -0.2461 0.6459 0.7226
vn 0.4436 -0.7516 -0.4881
vn -0.0698 -0.6453 -0.7607
vn 0.6714 -0.0000 0.7411
vn 0.8862 0.1456 0.4399
vn -0.8081 -0.0875 -0.5825
vn 0.8041 -0.0000 0.5945
vn -0.6784 0.0003 -0.7347
vn 0.2147 -0.6803 -0.7008
vn 0.2696 -0.3531 -0.8959
vn 0.0599 0.8212 0.5675
vn -0.3335 0.9163 -0.2218
vn -0.8041 -0.0000 -0.5945
vn 0.9014 -0.0000 0.4330
vn 0.4753 0.3751 0.7958
vn 0.5569 -0.7910 -0.2534
vn -0.8372 -0.0000 -0.5469
vn -0.8936 -0.0000 -0.4488
vn 0.8662 -0.0008 0.4997
vn 0.8935 -0.0000 0.4491
vn 0.1200 -0.2958 -0.9477
vn 0.5747 0.1147 0.8103
vn -0.0000 -0.9715 -0.2372
vn 0.2751 0.4058 0.8716
vn -0.8587 -0.0000 -0.5124
vn 0.8076 -0.1609 0.5674
vn 0.9781 -0.0000 0.2080
vn -0.8682 0.0003 -0.4962
vn 0.8374 0.0008 0.5465
vn 0.2260 -0.4727 -0.8518
vn 0.8664 -0.0000 0.4993
vn 0.8175 0.0003 0.5759
vn 0.4201 0.4540 0.7858
vn -0.0000 0.7456 0.6664
vn -0.1464 0.8027 0.5781
vn -0.5328 -0.5112 -0.6744
vn -0.0000 0.9243 0.3816
vn -0.3281 -0.9397 -0.0962
vn -0.0236 0.9976 0.0654
vn 0.9021 -0.0000 -0.4316
vn 0.4850 0.8101 -0.3294
vn 0.1547 -0.9084 -0.3884
vn -0.0000 -0.3069 0.9517
vn -0.9554 -0.0329 -0.2935
vn 0.4876 -0.1503 0.8600
vn -0.8619 0.5070 0.0019
vn -0.6613 0.6285 0.4096
vn -0.6871 0.6228 0.3740
vn -0.8622 0.5065 0.0007
vn -0.6613 0.6285 0.4095
vn -0.4095 0.6285 0.6613
vn -0.3740 0.6228 0.6871
vn -0.4095 0.6285 0.6612
vn -0.0019 0.5071 0.8619
vn -0.0007 0.5065 0.8622
vn -0.3740 0.6229 0.6871
vn 0.0019 0.5071 0.8619
vn 0.4095 0.6285 0.6612
vn 0.3740 0.6229 0.6871
vn 0.0007 0.5065 0.8622
vn 0.4095 0.6285 0.6613
vn 0.6613 0.6285 0.4095
vn 0.6871 0.6228 0.3740
vn 0.3740 0.6228 0.6871
vn 0.6613 0.6285 0.4096
vn 0.8619 0.5070 0.0019
vn 0.8622 0.5065 0.0007
vn 0.6871 0.6229 0.3740
vn -0.0019 0.5071 -0.8619
vn -0.4095 0.6285 -0.6612
vn -0.3740 0.6229 -0.6871
vn -0.0007 0.5065 -0.8622
vn -0.4095 0.6285 -0.6613
vn -0.6613 0.6285 -0.4095
vn -0.6871 0.6228 -0.3740
vn -0.3740 0.6228 -0.6871
vn -0.6613 0.6285 -0.4096
vn -0.8619 0.5070 -0.0019
vn -0.8622 0.5065 -0.0007
vn -0.6871 0.6229 -0.3740
vn 0.8619 0.5070 -0.0019
vn 0.6613 0.6285 -0.4096
vn 0.6871 0.6229 -0.3741
vn 0.8622 0.5065 -0.0007
vn 0.6613 0.6285 -0.4095
vn 0.4095 0.6285 -0.6613
vn 0.3740 0.6228 -0.6871
vn 0.6871 0.6228 -0.3740
vn 0.4095 0.6285 -0.6612
vn 0.0019 0.5071 -0.8619
vn 0.0007 0.5065 -0.8622
vn 0.3740 0.6229 -0.6871
vn -0.0020 0.5071 -0.8619
vn -0.4096 0.6285 -0.6613
vn -0.3741 0.6228 -0.6871
vn -0.6612 0.6285 -0.4095
vn -0.8619 0.5071 -0.0020
vn -0.0021 0.5071 -0.8619
vn -0.8619 0.5071 -0.0021
vn -0.0022 0.5072 -0.8618
vn -0.0008 0.5066 -0.8622
vn -0.8618 0.5072 -0.0022
vn -0.8622 0.5065 -0.0008
vn -0.0023 0.5072 -0.8618
vn -0.8618 0.5072 -0.0023
vn -0.8622 0.5066 -0.0008
vn -0.0024 0.5073 -0.8618
vn -0.4096 0.6284 -0.6613
vn -0.8618 0.5073 -0.0024
vn -0.0026 0.5073 -0.8618
vn -0.0009 0.5066 -0.8622
vn -0.4095 0.6286 -0.6612
vn -0.8618 0.5073 -0.0026
vn -0.8622 0.5066 -0.0009
vn -0.0027 0.5074 -0.8617
vn -0.3740 0.6229 -0.6872
vn -0.8617 0.5074 -0.0027
vn -0.8622 0.5066 -0.0010
vn -0.6871 0.6228 -0.3741
vn -0.0029 0.5074 -0.8617
vn -0.0010 0.5067 -0.8621
vn -0.8617 0.5074 -0.0029
vn -0.8621 0.5067 -0.0010
vn -0.0031 0.5075 -0.8616
vn -0.0011 0.5067 -0.8621
vn -0.8616 0.5075 -0.0031
vn -0.8621 0.5067 -0.0011
vn -0.6871 0.6229 -0.3741
vn -0.0033 0.5076 -0.8616
vn -0.0012 0.5067 -0.8621
vn -0.8616 0.5076 -0.0033
vn -0.8621 0.5067 -0.0012
vn -0.0036 0.5077 -0.8615
vn -0.0013 0.5067 -0.8621
vn -0.8615 0.5078 -0.0036
vn -0.8621 0.5068 -0.0013
vn -0.0039 0.5079 -0.8614
vn -0.0014 0.5068 -0.8621
vn -0.8614 0.5079 -0.0038
vn -0.8621 0.5068 -0.0014
vn -0.0042 0.5080 -0.8613
vn -0.0015 0.5069 -0.8620
vn -0.8613 0.5080 -0.0042
vn -0.8620 0.5068 -0.0015
vn -0.0046 0.5082 -0.8612
vn -0.0017 0.5069 -0.8620
vn -0.8612 0.5082 -0.0046
vn -0.8620 0.5069 -0.0017
vn -0.0051 0.5084 -0.8611
vn -0.0018 0.5070 -0.8619
vn -0.8611 0.5084 -0.0051
vn -0.8619 0.5070 -0.0018
vn -0.6872 0.6228 -0.3740
vn -0.0058 0.5087 -0.8609
vn -0.3740 0.6228 -0.6872
vn -0.8609 0.5087 -0.0058
vn -0.0066 0.5091 -0.8607
vn -0.8607 0.5090 -0.0066
vn -0.8618 0.5072 -0.0024
vn -0.0077 0.5095 -0.8604
vn -0.0028 0.5074 -0.8617
vn -0.8604 0.5095 -0.0077
vn -0.8617 0.5074 -0.0028
vn -0.0092 0.5102 -0.8600
vn -0.0034 0.5077 -0.8615
vn -0.8600 0.5102 -0.0092
vn -0.8615 0.5077 -0.0034
vn -0.0116 0.5112 -0.8594
vn -0.6872 0.6228 -0.3741
vn -0.8594 0.5112 -0.0115
vn -0.0154 0.5128 -0.8584
vn -0.0058 0.5086 -0.8610
vn -0.8583 0.5128 -0.0154
vn -0.8609 0.5087 -0.0057
vn -0.8624 0.5062 -0.0000
vn -0.8620 0.5070 -0.0018
vn -0.8620 0.5070 0.0018
vn -0.0000 0.5062 0.8624
vn -0.0018 0.5062 0.8624
vn 0.0018 0.5070 0.8620
vn 0.8624 0.5062 -0.0000
vn 0.8620 0.5070 0.0018
vn 0.8620 0.5070 -0.0018
vn -0.0005 0.5062 -0.8624
vn -0.0000 0.5062 -0.8624
vn 0.0018 0.5070 -0.8620
vn 0.0003 0.5047 -0.8633
vn -0.0022 0.5062 0.8624
vn 0.0020 0.5071 0.8619
vn 0.8619 0.5070 -0.0018
vn 0.8623 0.5065 -0.0006
vn -0.0009 0.5062 -0.8624
vn 0.0006 0.5065 -0.8623
vn 0.0020 0.5071 -0.8619
vn 0.0004 0.5043 -0.8635
vn -0.8619 0.5071 0.0021
vn -0.0023 0.5062 0.8624
vn 0.0021 0.5071 0.8619
vn 0.0003 0.5063 0.8623
vn -0.0002 0.5069 0.8620
vn 0.8620 0.5069 0.0016
vn 0.8619 0.5071 -0.0020
vn 0.8623 0.5065 0.0006
vn 0.0021 0.5071 -0.8619
vn 0.0004 0.5042 -0.8636
vn -0.8619 0.5071 0.0022
vn -0.8622 0.5065 0.0008
vn -0.0024 0.5062 0.8624
vn 0.8620 0.5068 0.0015
vn 0.8621 0.5067 -0.0012
vn -0.0009 0.5063 -0.8624
vn 0.0008 0.5065 -0.8622
vn 0.0022 0.5072 -0.8618
vn 0.0005 0.5041 -0.8636
vn -0.0025 0.5063 0.8624
vn 0.0024 0.5072 0.8618
vn -0.0002 0.5070 0.8620
vn 0.8618 0.5072 0.0023
vn 0.8618 0.5072 -0.0023
vn 0.8622 0.5065 -0.0008
vn 0.8622 0.5066 0.0010
vn 0.0023 0.5072 -0.8618
vn 0.0005 0.5040 -0.8637
vn -0.8618 0.5073 0.0024
vn -0.0027 0.5063 0.8624
vn 0.0023 0.5072 0.8618
vn 0.0004 0.5064 0.8623
vn -0.0001 0.5066 0.8622
vn 0.8618 0.5072 0.0024
vn 0.8618 0.5072 -0.0024
vn 0.8622 0.5065 0.0008
vn -0.0010 0.5063 -0.8624
vn 0.0024 0.5072 -0.8618
vn 0.0005 0.5039 -0.8637
vn -0.8618 0.5073 -0.0025
vn -0.8618 0.5073 0.0025
vn -0.8622 0.5066 0.0009
vn -0.0028 0.5063 0.8624
vn 0.0025 0.5073 0.8618
vn 0.0008 0.5065 0.8622
vn 0.8618 0.5073 0.0025
vn 0.8618 0.5073 -0.0025
vn -0.0007 0.5062 -0.8624
vn 0.0004 0.5064 -0.8623
vn 0.0025 0.5073 -0.8618
vn 0.0005 0.5038 -0.8638
vn -0.8617 0.5074 0.0027
vn -0.0030 0.5063 0.8624
vn 0.0027 0.5074 0.8617
vn 0.8617 0.5074 0.0027
vn 0.8617 0.5074 -0.0027
vn 0.8622 0.5066 -0.0010
vn 0.8622 0.5066 0.0009
vn -0.0013 0.5063 -0.8624
vn 0.0012 0.5067 -0.8621
vn 0.0027 0.5074 -0.8617
vn 0.0006 0.5036 -0.8639
vn -0.8617 0.5075 -0.0029
vn -0.8617 0.5075 0.0029
vn -0.8622 0.5066 0.0010
vn -0.0031 0.5063 0.8624
vn 0.0028 0.5074 0.8617
vn 0.0010 0.5067 0.8622
vn -0.0003 0.5071 0.8619
vn 0.8617 0.5074 0.0029
vn 0.8617 0.5074 -0.0029
vn 0.8621 0.5067 -0.0011
vn 0.0010 0.5066 -0.8622
vn 0.0029 0.5075 -0.8617
vn 0.0006 0.5035 -0.8640
vn -0.8616 0.5075 0.0030
vn -0.8623 0.5064 0.0004
vn -0.8623 0.5064 -0.0004
vn -0.0034 0.5063 0.8624
vn 0.0030 0.5075 0.8616
vn 0.0011 0.5067 0.8621
vn -0.0003 0.5072 0.8618
vn 0.8616 0.5075 0.0030
vn 0.8616 0.5075 -0.0030
vn 0.8622 0.5066 0.0008
vn 0.0011 0.5067 -0.8621
vn 0.0031 0.5075 -0.8616
vn 0.0007 0.5033 -0.8641
vn -0.8616 0.5076 0.0033
vn -0.0036 0.5063 0.8624
vn 0.0033 0.5076 0.8616
vn 0.0012 0.5067 0.8621
vn -0.0003 0.5074 0.8617
vn 0.8616 0.5076 0.0033
vn 0.8616 0.5076 -0.0033
vn 0.0033 0.5076 -0.8616
vn 0.0007 0.5031 -0.8642
vn -0.8615 0.5077 -0.0035
vn -0.8615 0.5077 0.0035
vn -0.8621 0.5067 0.0012
vn -0.0039 0.5063 0.8624
vn 0.0035 0.5077 0.8615
vn 0.8615 0.5077 0.0035
vn 0.8615 0.5077 -0.0035
vn 0.8621 0.5067 0.0012
vn -0.0010 0.5062 -0.8624
vn 0.0034 0.5077 -0.8615
vn 0.0007 0.5029 -0.8643
vn -0.8614 0.5079 0.0038
vn -0.0043 0.5063 0.8623
vn 0.0038 0.5079 0.8614
vn 0.0013 0.5068 0.8621
vn 0.8614 0.5079 0.0038
vn 0.8614 0.5079 -0.0038
vn 0.8621 0.5068 -0.0013
vn 0.8621 0.5068 0.0013
vn -0.0015 0.5063 -0.8624
vn 0.0013 0.5068 -0.8621
vn 0.0038 0.5079 -0.8614
vn 0.0008 0.5026 -0.8645
vn -0.8613 0.5080 -0.0041
vn -0.8613 0.5080 0.0041
vn -0.8621 0.5068 0.0013
vn -0.0046 0.5063 0.8623
vn 0.0041 0.5080 0.8613
vn 0.8613 0.5080 0.0041
vn 0.8613 0.5080 -0.0042
vn 0.8620 0.5069 -0.0015
vn 0.8620 0.5069 0.0015
vn 0.0041 0.5080 -0.8613
vn 0.0009 0.5023 -0.8647
vn -0.8613 0.5081 -0.0044
vn -0.8612 0.5082 0.0046
vn -0.8620 0.5068 0.0015
vn -0.0052 0.5063 0.8623
vn 0.0046 0.5082 0.8612
vn -0.0005 0.5082 0.8613
vn 0.8612 0.5082 0.0046
vn 0.8612 0.5082 -0.0046
vn 0.8620 0.5069 -0.0016
vn -0.0018 0.5063 -0.8624
vn 0.0016 0.5069 -0.8620
vn 0.0046 0.5082 -0.8612
vn 0.0010 0.5018 -0.8650
vn -0.8611 0.5084 0.0051
vn -0.0058 0.5063 0.8623
vn 0.0051 0.5084 0.8611
vn 0.0019 0.5070 0.8619
vn -0.0005 0.5080 0.8614
vn 0.8611 0.5084 0.0051
vn 0.8611 0.5084 -0.0051
vn 0.8619 0.5070 0.0018
vn -0.0019 0.5063 -0.8623
vn 0.0009 0.5066 -0.8622
vn 0.0051 0.5084 -0.8611
vn 0.0011 0.5014 -0.8652
vn -0.8609 0.5087 0.0057
vn -0.0064 0.5063 0.8623
vn 0.0058 0.5087 0.8609
vn -0.0005 0.5080 0.8613
vn 0.8609 0.5087 0.0058
vn 0.8609 0.5087 -0.0058
vn 0.8619 0.5071 -0.0021
vn 0.8620 0.5069 0.0018
vn -0.0022 0.5063 -0.8623
vn 0.0057 0.5087 -0.8609
vn 0.0012 0.5007 -0.8656
vn -0.8607 0.5091 -0.0066
vn -0.8607 0.5091 0.0066
vn -0.8618 0.5072 0.0024
vn -0.0074 0.5064 0.8623
vn 0.0066 0.5091 0.8607
vn 0.0022 0.5072 0.8618
vn -0.0006 0.5084 0.8611
vn 0.8607 0.5091 0.0066
vn 0.8607 0.5091 -0.0066
vn 0.8618 0.5073 -0.0024
vn 0.8618 0.5073 0.0024
vn -0.0026 0.5064 -0.8623
vn 0.0066 0.5091 -0.8607
vn 0.0014 0.4999 -0.8661
vn -0.8604 0.5095 0.0077
vn -0.0086 0.5063 0.8623
vn 0.0077 0.5095 0.8604
vn -0.0007 0.5087 0.8609
vn 0.8604 0.5095 0.0077
vn 0.8604 0.5095 -0.0077
vn -0.0031 0.5064 -0.8623
vn 0.0077 0.5095 -0.8604
vn 0.0017 0.4989 -0.8667
vn -0.8600 0.5102 0.0092
vn -0.8616 0.5077 0.0033
vn -0.8616 0.5077 -0.0033
vn -0.0104 0.5064 0.8622
vn 0.0092 0.5102 0.8600
vn 0.0034 0.5077 0.8615
vn -0.0009 0.5094 0.8605
vn 0.8600 0.5102 0.0092
vn 0.8600 0.5102 -0.0092
vn 0.8615 0.5077 -0.0034
vn 0.8615 0.5077 0.0034
vn -0.0036 0.5064 -0.8623
vn 0.0033 0.5077 -0.8616
vn 0.0092 0.5102 -0.8600
vn 0.0020 0.4974 -0.8675
vn -0.8594 0.5112 0.0115
vn -0.8613 0.5080 0.0042
vn -0.0129 0.5064 0.8622
vn 0.0115 0.5112 0.8594
vn 0.0041 0.5080 0.8614
vn -0.0011 0.5101 0.8601
vn 0.8594 0.5112 0.0115
vn 0.8594 0.5112 -0.0115
vn 0.8613 0.5081 -0.0042
vn 0.8613 0.5081 0.0042
vn -0.0047 0.5065 -0.8622
vn 0.0042 0.5080 -0.8613
vn 0.0115 0.5112 -0.8594
vn 0.0025 0.4952 -0.8688
vn -0.8583 0.5128 0.0154
vn -0.0172 0.5066 0.8620
vn 0.0154 0.5129 0.8583
vn 0.0057 0.5088 0.8609
vn -0.0015 0.5117 0.8592
vn 0.8584 0.5128 0.0154
vn 0.8584 0.5128 -0.0154
vn 0.8610 0.5087 -0.0057
vn 0.8610 0.5087 0.0057
vn -0.0064 0.5065 -0.8622
vn 0.0057 0.5087 -0.8610
vn 0.0154 0.5128 -0.8584
vn 0.0033 0.4915 -0.8709
vn 0.0699 0.9976 0.0002
vn 0.0699 0.9976 -0.0002
vn 0.0701 0.9975 -0.0000
vn -0.0000 0.9975 -0.0701
vn -0.0699 0.9976 -0.0002
vn -0.0699 0.9976 0.0002
vn -0.0701 0.9975 -0.0000
vn -0.0000 0.9975 0.0701
vn 0.0702 0.9975 -0.0000
vn -0.0000 0.9975 0.0702
vn -0.0000 0.9975 -0.0702
vn -0.0002 0.9976 -0.0699
vn -0.0698 0.9976 -0.0003
vn -0.0698 0.9976 0.0003
vn -0.0702 0.9975 -0.0000
vn 0.0002 0.9976 0.0699
vn 0.0698 0.9976 0.0003
vn -0.0697 0.9976 0.0004
vn 0.0007 0.9976 -0.0696
vn -0.0007 0.9976 -0.0695
vn -0.2497 0.9683 -0.0011
vn -0.2498 0.9683 0.0010
vn -0.2507 0.9681 -0.0000
vn -0.2505 0.9681 -0.0002
vn -0.0017 0.9681 0.2507
vn 0.0012 0.9684 0.2496
vn 0.0002 0.9681 0.2505
vn -0.0001 0.9681 0.2504
vn 0.2497 0.9683 0.0011
vn 0.2497 0.9683 -0.0011
vn 0.2507 0.9681 -0.0000
vn 0.0015 0.9681 -0.2508
vn -0.0011 0.9683 -0.2497
vn -0.0000 0.9681 -0.2507
vn -0.0002 0.9975 -0.0700
vn -0.0700 0.9976 -0.0002
vn -0.0003 0.9975 0.0700
vn 0.0698 0.9976 -0.0004
vn -0.0004 0.9976 -0.0698
vn -0.2495 0.9684 -0.0013
vn -0.2495 0.9684 0.0013
vn -0.2505 0.9681 0.0002
vn -0.0016 0.9681 0.2507
vn 0.0010 0.9683 0.2498
vn -0.0000 0.9681 0.2507
vn 0.2495 0.9684 0.0013
vn 0.2495 0.9684 -0.0013
vn 0.0019 0.9681 -0.2507
vn -0.0013 0.9684 -0.2495
vn 0.0003 0.9976 -0.0699
vn 0.0004 0.9976 -0.0699
vn -0.0003 0.9976 0.0700
vn -0.0691 0.9976 -0.0010
vn -0.0690 0.9976 0.0012
vn 0.0696 0.9976 0.0005
vn 0.0695 0.9976 -0.0006
vn 0.0005 0.9976 -0.0698
vn -0.0005 0.9976 -0.0696
vn -0.0696 0.9976 -0.0005
vn -0.0696 0.9976 0.0005
vn -0.0012 0.9976 0.0693
vn 0.0007 0.9976 0.0695
vn -0.0006 0.9976 -0.0695
vn -0.0695 0.9976 -0.0007
vn -0.0695 0.9976 0.0007
vn 0.0695 0.9976 0.0006
vn 0.0696 0.9976 -0.0005
vn -0.0007 0.9976 0.0696
vn 0.0006 0.9976 0.0695
vn 0.0694 0.9976 0.0008
vn 0.0694 0.9976 -0.0008
vn -0.0693 0.9976 0.0008
vn -0.0008 0.9976 0.0695
vn 0.0693 0.9976 0.0008
vn 0.0693 0.9976 -0.0008
vn 0.0012 0.9976 -0.0693
vn -0.0010 0.9976 -0.0691
vn -0.0694 0.9976 0.0007
vn 0.1151 0.9934 0.0017
vn 0.1151 0.9933 -0.0016
vn 0.1167 0.9932 -0.0000
vn 0.0019 0.9933 -0.1153
vn -0.0016 0.9933 -0.1152
vn -0.0000 0.9932 -0.1167
vn -0.1150 0.9934 -0.0017
vn -0.1151 0.9933 0.0016
vn -0.1165 0.9932 0.0002
vn -0.1164 0.9932 -0.0003
vn -0.0019 0.9933 0.1154
vn 0.0016 0.9933 0.1152
vn 0.0004 0.9932 0.1164
vn -0.0003 0.9932 0.1164
vn 0.1147 0.9934 0.0020
vn 0.1147 0.9934 -0.0021
vn 0.0023 0.9934 -0.1151
vn -0.0020 0.9934 -0.1148
vn -0.0008 0.9933 -0.1159
vn 0.0008 0.9933 -0.1159
vn -0.1147 0.9934 -0.0020
vn -0.1147 0.9934 0.0020
vn -0.1167 0.9932 -0.0000
vn -0.0021 0.9933 0.1152
vn 0.0019 0.9934 0.1149
vn -0.0000 0.9932 0.1167
vn -0.0752 0.9972 -0.0012
vn -0.0749 0.9972 0.0015
vn -0.0764 0.9971 -0.0000
vn -0.0024 0.9971 0.0764
vn 0.0016 0.9972 0.0748
vn -0.0000 0.9971 0.0764
vn 0.0747 0.9972 0.0017
vn 0.0747 0.9972 -0.0017
vn 0.0764 0.9971 -0.0000
vn 0.0761 0.9971 0.0004
vn 0.0023 0.9971 -0.0765
vn -0.0016 0.9972 -0.0749
vn -0.0000 0.9971 -0.0765
vn -0.0741 0.9972 -0.0024
vn -0.0742 0.9972 0.0023
vn -0.1455 0.9893 0.0053
vn -0.1455 0.9893 -0.0053
vn -0.0031 0.9971 0.0766
vn 0.0022 0.9972 0.0743
vn 0.0053 0.9893 0.1455
vn 0.0647 0.9927 0.1018
vn 0.0742 0.9972 0.0023
vn 0.0741 0.9972 -0.0024
vn 0.1455 0.9893 -0.0053
vn 0.1455 0.9893 0.0053
vn 0.0033 0.9971 -0.0764
vn -0.0023 0.9972 -0.0741
vn -0.0053 0.9893 -0.1455
vn -0.0648 0.9927 -0.1017
vn 0.0277 0.9987 -0.0425
vn 0.0002 0.9976 -0.0699
vn 0.0242 0.9986 -0.0460
vn 0.0425 0.9987 -0.0277
vn 0.0460 0.9986 -0.0242
vn 0.0243 0.9986 -0.0460
vn 0.0460 0.9986 -0.0243
vn -0.0425 0.9987 -0.0277
vn -0.0460 0.9986 -0.0242
vn -0.0277 0.9987 -0.0425
vn -0.0242 0.9986 -0.0460
vn -0.0460 0.9986 -0.0243
vn -0.0243 0.9986 -0.0460
vn -0.0277 0.9987 0.0425
vn -0.0002 0.9976 0.0699
vn -0.0242 0.9986 0.0460
vn -0.0425 0.9987 0.0277
vn -0.0460 0.9986 0.0242
vn -0.0243 0.9986 0.0460
vn -0.0460 0.9986 0.0243
vn 0.0277 0.9987 0.0425
vn 0.0242 0.9986 0.0460
vn 0.0425 0.9987 0.0277
vn 0.0460 0.9986 0.0243
vn 0.0243 0.9986 0.0460
vn 0.0459 0.9986 0.0243
vn -0.0020 0.5071 0.8619
vn -0.8619 0.5071 0.0020
vn -0.6871 0.6229 0.3740
vn -0.6612 0.6286 0.4095
vn 0.0699 0.9976 -0.0003
vn 0.0701 0.9975 -0.0001
vn 0.8619 0.5071 0.0020
vn 0.4096 0.6285 0.6613
vn 0.6871 0.6229 -0.3740
vn 0.6612 0.6286 -0.4095
vn -0.0003 0.9976 0.0699
vn -0.0001 0.9975 0.0701
vn 0.0277 0.9987 0.0426
vn 0.0426 0.9987 0.0277
vn 0.0460 0.9986 0.0242
vn -0.4096 0.6285 0.6613
vn -0.0021 0.5071 0.8619
vn -0.6612 0.6285 0.4095
vn -0.3741 0.6228 0.6872
vn 0.0277 0.9987 -0.0426
vn 0.0426 0.9987 -0.0277
vn 0.8619 0.5071 0.0021
vn 0.6872 0.6228 0.3741
vn -0.0426 0.9987 -0.0277
vn -0.0699 0.9976 -0.0003
vn -0.0003 0.9976 -0.0699
vn -0.0277 0.9987 -0.0426
vn 0.3741 0.6228 -0.6872
vn -0.0277 0.9987 0.0426
vn -0.0699 0.9976 0.0003
vn -0.0426 0.9987 0.0277
vn 0.0003 0.9976 0.0699
vn 0.0699 0.9976 0.0003
vn -0.0022 0.5071 0.8619
vn -0.0008 0.5065 0.8622
vn 0.0001 0.9975 -0.0701
vn 0.8619 0.5071 0.0022
vn 0.0022 0.5071 0.8619
vn 0.0008 0.5066 0.8622
vn -0.0459 0.9986 -0.0242
vn -0.0242 0.9986 -0.0459
vn 0.0022 0.5071 -0.8619
vn 0.8618 0.5072 -0.0022
vn -0.0701 0.9975 0.0001
vn -0.0023 0.5072 0.8618
vn -0.0008 0.5066 0.8622
vn -0.8618 0.5072 0.0023
vn -0.8622 0.5066 0.0008
vn 0.4096 0.6285 -0.6613
vn 0.0008 0.5066 -0.8622
vn 0.8622 0.5066 -0.0008
vn -0.0003 0.9976 0.0698
vn 0.0003 0.9976 0.0698
vn -0.0024 0.5073 0.8618
vn 0.0003 0.9976 -0.0698
vn 0.0243 0.9986 -0.0459
vn 0.0698 0.9976 -0.0003
vn 0.0459 0.9986 -0.0243
vn 0.0024 0.5073 0.8618
vn 0.0009 0.5066 0.8622
vn 0.6612 0.6285 0.4095
vn -0.0701 0.9975 -0.0001
vn -0.0003 0.9976 -0.0698
vn -0.0001 0.9975 -0.0701
vn -0.0243 0.9986 -0.0459
vn 0.0024 0.5073 -0.8618
vn 0.8622 0.5066 -0.0009
vn 0.0701 0.9975 0.0001
vn -0.0026 0.5073 0.8618
vn -0.0009 0.5066 0.8622
vn -0.3741 0.6228 0.6871
vn -0.8617 0.5073 0.0026
vn -0.6871 0.6228 0.3741
vn -0.1003 0.9829 0.1543
vn -0.0011 0.9683 0.2497
vn -0.0002 0.9681 0.2505
vn -0.0879 0.9821 0.1665
vn -0.2497 0.9683 0.0012
vn -0.1544 0.9829 0.1002
vn -0.1664 0.9821 0.0879
vn -0.2506 0.9681 0.0002
vn -0.1543 0.9829 0.1002
vn -0.1665 0.9821 0.0879
vn 0.8618 0.5073 0.0026
vn 0.0026 0.5073 0.8618
vn 0.3741 0.6228 0.6871
vn 0.1544 0.9829 0.1002
vn 0.2497 0.9683 0.0012
vn 0.2506 0.9681 0.0002
vn 0.1664 0.9821 0.0879
vn 0.0011 0.9683 0.2497
vn 0.1002 0.9829 0.1544
vn 0.0879 0.9821 0.1664
vn 0.1002 0.9829 0.1543
vn 0.1543 0.9829 0.1002
vn 0.0026 0.5073 -0.8618
vn 0.8618 0.5073 -0.0026
vn 0.6612 0.6285 -0.4095
vn 0.1003 0.9829 -0.1543
vn 0.0011 0.9683 -0.2497
vn 0.0002 0.9681 -0.2505
vn 0.0879 0.9821 -0.1665
vn 0.1543 0.9829 -0.1003
vn 0.1665 0.9821 -0.0879
vn 0.2505 0.9681 -0.0002
vn -0.1003 0.9829 -0.1543
vn -0.0879 0.9821 -0.1665
vn -0.0002 0.9681 -0.2505
vn -0.1543 0.9829 -0.1003
vn -0.1665 0.9821 -0.0879
vn -0.0027 0.5074 0.8617
vn 0.0004 0.9976 -0.0698
vn 0.0010 0.5066 0.8622
vn 0.3740 0.6228 0.6872
vn -0.0698 0.9976 0.0004
vn 0.0001 0.9975 0.0701
vn -0.0029 0.5074 0.8617
vn -0.0010 0.5067 0.8621
vn -0.8617 0.5074 0.0029
vn -0.8621 0.5067 0.0010
vn 0.8617 0.5075 0.0029
vn 0.8622 0.5067 0.0010
vn 0.0029 0.5075 0.8617
vn 0.6872 0.6228 0.3740
vn -0.0698 0.9976 -0.0004
vn 0.0029 0.5074 -0.8617
vn 0.0010 0.5067 -0.8621
vn -0.0004 0.9976 0.0698
vn 0.0004 0.9976 0.0698
vn 0.0698 0.9976 0.0004
vn -0.0031 0.5075 0.8616
vn -0.0011 0.5067 0.8621
vn -0.8616 0.5076 0.0031
vn -0.8621 0.5067 0.0011
vn -0.0014 0.9684 0.2494
vn -0.0003 0.9681 0.2505
vn -0.2494 0.9684 0.0014
vn -0.1543 0.9829 0.1003
vn -0.2505 0.9681 0.0003
vn 0.8616 0.5075 0.0031
vn 0.8621 0.5067 0.0011
vn 0.6871 0.6228 0.3741
vn 0.0031 0.5076 0.8616
vn 0.1543 0.9829 0.1003
vn 0.2494 0.9684 0.0014
vn 0.2505 0.9681 0.0003
vn 0.1665 0.9821 0.0879
vn 0.0014 0.9684 0.2494
vn 0.1003 0.9829 0.1543
vn 0.0003 0.9681 0.2505
vn 0.0879 0.9821 0.1665
vn 0.3741 0.6228 -0.6871
vn 0.8616 0.5075 -0.0031
vn 0.0014 0.9684 -0.2494
vn 0.0879 0.9821 -0.1664
vn 0.2494 0.9684 -0.0014
vn 0.2505 0.9681 -0.0003
vn 0.1002 0.9829 -0.1543
vn -0.0014 0.9684 -0.2494
vn -0.0003 0.9681 -0.2505
vn -0.1002 0.9829 -0.1543
vn -0.1543 0.9829 -0.1002
vn -0.2494 0.9684 -0.0014
vn -0.2505 0.9681 -0.0003
vn -0.0033 0.5077 0.8616
vn 0.0004 0.9976 -0.0697
vn 0.0697 0.9976 -0.0004
vn 0.0033 0.5077 0.8616
vn -0.0697 0.9976 -0.0004
vn -0.0004 0.9976 -0.0697
vn -0.0004 0.9976 0.0697
vn 0.0004 0.9976 0.0697
vn 0.0697 0.9976 0.0004
vn -0.0036 0.5077 0.8615
vn -0.0013 0.5067 0.8621
vn -0.8615 0.5077 0.0036
vn -0.3740 0.6228 0.6872
vn 0.8615 0.5078 0.0035
vn 0.0036 0.5077 0.8615
vn -0.0005 0.9976 -0.0697
vn 0.0036 0.5077 -0.8615
vn -0.0697 0.9976 0.0005
vn 0.0697 0.9976 0.0005
vn -0.4096 0.6285 0.6612
vn -0.0039 0.5079 0.8614
vn -0.0014 0.5068 0.8620
vn -0.8614 0.5079 0.0039
vn -0.8621 0.5068 0.0014
vn 0.0005 0.9976 -0.0697
vn 0.0697 0.9976 -0.0005
vn 0.8621 0.5068 0.0014
vn 0.0014 0.5068 0.8621
vn -0.0697 0.9976 -0.0005
vn 0.0039 0.5079 -0.8614
vn 0.0014 0.5068 -0.8621
vn 0.8614 0.5079 -0.0039
vn 0.8621 0.5068 -0.0014
vn -0.0005 0.9976 0.0697
vn 0.0005 0.9976 0.0697
vn -0.0042 0.5080 0.8613
vn -0.0015 0.5069 0.8620
vn -0.8620 0.5069 0.0015
vn 0.0005 0.9976 -0.0696
vn 0.0001 0.9975 -0.0700
vn 0.0700 0.9975 -0.0001
vn 0.8613 0.5080 0.0042
vn 0.0042 0.5080 0.8613
vn 0.0015 0.5069 0.8620
vn -0.0700 0.9975 -0.0001
vn -0.0001 0.9975 -0.0700
vn 0.0015 0.5068 -0.8620
vn 0.8620 0.5068 -0.0015
vn -0.0006 0.9976 0.0696
vn -0.0001 0.9975 0.0700
vn -0.0700 0.9975 0.0001
vn 0.0006 0.9976 0.0696
vn 0.0001 0.9975 0.0700
vn 0.0700 0.9975 0.0001
vn -0.0046 0.5082 0.8612
vn -0.0016 0.5069 0.8620
vn -0.8620 0.5069 0.0017
vn 0.0006 0.9976 -0.0696
vn 0.0696 0.9976 -0.0006
vn 0.8620 0.5069 0.0017
vn 0.0017 0.5069 0.8620
vn -0.0696 0.9976 -0.0006
vn -0.0006 0.9976 -0.0696
vn 0.0017 0.5069 -0.8620
vn 0.8620 0.5069 -0.0017
vn -0.0696 0.9976 0.0006
vn 0.0696 0.9976 0.0006
vn -0.0051 0.5084 0.8611
vn -0.0018 0.5070 0.8619
vn 0.0007 0.9976 -0.0695
vn 0.0695 0.9976 -0.0007
vn 0.0051 0.5085 0.8611
vn 0.0018 0.5070 0.8619
vn -0.0694 0.9976 -0.0007
vn 0.0051 0.5085 -0.8611
vn 0.0018 0.5070 -0.8619
vn 0.8611 0.5085 -0.0051
vn -0.0007 0.9976 0.0695
vn -0.0243 0.9986 0.0459
vn -0.0459 0.9986 0.0242
vn 0.0695 0.9976 0.0007
vn -0.0057 0.5087 0.8609
vn -0.8609 0.5087 0.0058
vn 0.0008 0.9976 -0.0694
vn -0.0694 0.9976 -0.0008
vn -0.0007 0.9976 -0.0694
vn 0.0058 0.5087 -0.8609
vn 0.8609 0.5087 -0.0057
vn 0.3740 0.6228 -0.6872
vn -0.0008 0.9976 0.0694
vn 0.0007 0.9976 0.0694
vn 0.0694 0.9976 0.0007
vn -0.0066 0.5091 0.8607
vn -0.8607 0.5090 0.0066
vn 0.0009 0.9976 -0.0693
vn 0.0002 0.9975 -0.0700
vn 0.0693 0.9976 -0.0009
vn 0.6612 0.6285 0.4096
vn 0.6872 0.6227 0.3741
vn -0.0693 0.9976 -0.0009
vn -0.0009 0.9976 -0.0693
vn 0.6612 0.6285 -0.4096
vn 0.3739 0.6230 -0.6870
vn -0.0009 0.9976 0.0693
vn -0.0693 0.9976 0.0009
vn -0.0700 0.9975 0.0002
vn 0.0009 0.9976 0.0693
vn 0.0693 0.9976 0.0009
vn -0.0077 0.5095 0.8604
vn -0.0028 0.5074 0.8617
vn -0.8617 0.5074 0.0028
vn 0.0462 0.9964 -0.0709
vn 0.0017 0.9934 -0.1150
vn 0.0003 0.9932 -0.1164
vn 0.0404 0.9962 -0.0767
vn 0.1151 0.9934 -0.0017
vn 0.0709 0.9964 -0.0462
vn 0.0766 0.9962 -0.0405
vn 0.1165 0.9932 -0.0003
vn 0.0404 0.9962 -0.0766
vn 0.0766 0.9962 -0.0404
vn 0.8617 0.5074 0.0028
vn -0.0709 0.9964 -0.0462
vn -0.0766 0.9962 -0.0405
vn -0.0017 0.9934 -0.1150
vn -0.0462 0.9964 -0.0709
vn -0.0404 0.9962 -0.0767
vn -0.0003 0.9932 -0.1164
vn -0.0709 0.9964 -0.0461
vn -0.0767 0.9962 -0.0404
vn -0.0404 0.9962 -0.0766
vn 0.0028 0.5074 -0.8617
vn 0.8617 0.5074 -0.0028
vn 0.6872 0.6228 -0.3740
vn -0.0462 0.9964 0.0710
vn -0.0017 0.9934 0.1151
vn -0.0405 0.9962 0.0766
vn -0.1151 0.9934 0.0017
vn -0.0710 0.9964 0.0462
vn -0.0766 0.9962 0.0405
vn -0.1164 0.9932 0.0003
vn -0.0709 0.9964 0.0462
vn -0.0405 0.9962 0.0767
vn -0.0767 0.9962 0.0405
vn 0.0017 0.9934 0.1151
vn 0.0462 0.9964 0.0710
vn 0.0404 0.9962 0.0767
vn 0.0003 0.9932 0.1165
vn 0.0710 0.9964 0.0462
vn 0.0767 0.9962 0.0405
vn 0.1164 0.9932 0.0003
vn 0.0767 0.9962 0.0404
vn -0.0092 0.5102 0.8600
vn -0.0034 0.5077 0.8615
vn -0.8616 0.5077 0.0034
vn 0.0021 0.9934 -0.1147
vn 0.0004 0.9932 -0.1164
vn 0.0710 0.9964 -0.0462
vn 0.1164 0.9932 -0.0004
vn -0.1147 0.9934 -0.0021
vn -0.1164 0.9932 -0.0004
vn -0.0020 0.9934 -0.1147
vn -0.0462 0.9964 -0.0710
vn -0.0004 0.9932 -0.1164
vn -0.0766 0.9962 -0.0404
vn -0.0462 0.9964 0.0709
vn -0.0021 0.9934 0.1147
vn -0.0004 0.9932 0.1163
vn -0.0404 0.9962 0.0766
vn -0.1147 0.9934 0.0021
vn -0.0709 0.9964 0.0461
vn -0.0767 0.9962 0.0404
vn -0.1163 0.9932 0.0004
vn -0.0766 0.9962 0.0404
vn 0.0021 0.9934 0.1147
vn 0.0462 0.9964 0.0709
vn 0.0710 0.9964 0.0461
vn 0.0766 0.9962 0.0404
vn 0.0404 0.9962 0.0766
vn 0.0709 0.9964 0.0462
vn 0.1147 0.9934 0.0021
vn 0.1164 0.9932 0.0004
vn -0.0116 0.5112 0.8594
vn -0.0301 0.9985 0.0463
vn -0.0017 0.9972 0.0747
vn -0.0003 0.9971 0.0761
vn -0.0264 0.9984 0.0501
vn -0.0747 0.9972 0.0017
vn -0.0463 0.9985 0.0302
vn -0.0501 0.9984 0.0264
vn -0.0761 0.9971 0.0003
vn -0.0301 0.9985 0.0464
vn 0.6871 0.6229 0.3741
vn 0.0116 0.5112 0.8594
vn 0.0043 0.5080 0.8613
vn 0.6871 0.6230 0.3740
vn 0.0463 0.9985 0.0302
vn 0.0761 0.9971 0.0003
vn 0.0501 0.9984 0.0264
vn 0.0017 0.9972 0.0747
vn 0.0302 0.9985 0.0463
vn 0.0264 0.9984 0.0501
vn 0.0003 0.9971 0.0761
vn 0.0116 0.5112 -0.8594
vn 0.8594 0.5112 -0.0116
vn 0.0302 0.9985 -0.0464
vn 0.0017 0.9972 -0.0747
vn 0.0003 0.9971 -0.0761
vn 0.0264 0.9984 -0.0501
vn 0.0464 0.9985 -0.0302
vn 0.0501 0.9984 -0.0264
vn 0.0761 0.9971 -0.0003
vn 0.0265 0.9984 -0.0501
vn 0.0501 0.9984 -0.0265
vn -0.0017 0.9972 -0.0747
vn -0.0302 0.9985 -0.0464
vn -0.0264 0.9984 -0.0501
vn -0.0003 0.9971 -0.0761
vn -0.0464 0.9985 -0.0302
vn -0.0501 0.9984 -0.0265
vn -0.0747 0.9972 -0.0017
vn -0.0761 0.9971 -0.0003
vn -0.0501 0.9984 -0.0264
vn -0.4095 0.6286 0.6612
vn -0.0154 0.5130 0.8583
vn -0.0057 0.5088 0.8609
vn -0.0302 0.9985 0.0464
vn -0.0024 0.9972 0.0742
vn -0.0053 0.9893 0.1455
vn -0.0695 0.9916 0.1089
vn -0.0741 0.9972 0.0024
vn -0.0464 0.9985 0.0302
vn -0.1089 0.9916 0.0695
vn -0.0463 0.9985 -0.0302
vn -0.1089 0.9916 -0.0695
vn -0.0024 0.9973 -0.0740
vn -0.0695 0.9916 -0.1090
vn -0.0695 0.9916 -0.1089
vn 0.8610 0.5086 0.0057
vn 0.6872 0.6229 0.3740
vn 0.0154 0.5130 0.8583
vn 0.3741 0.6229 0.6871
vn 0.0464 0.9985 0.0302
vn 0.0741 0.9972 0.0023
vn 0.1090 0.9916 0.0695
vn 0.0024 0.9972 0.0742
vn 0.0302 0.9985 0.0464
vn 0.0695 0.9916 0.1089
vn 0.0053 0.9894 0.1455
vn 0.6872 0.6228 -0.3741
vn 0.0302 0.9985 -0.0463
vn 0.0024 0.9973 -0.0741
vn 0.0053 0.9893 -0.1455
vn 0.0695 0.9916 -0.1089
vn 0.0463 0.9985 -0.0302
vn 0.1089 0.9916 -0.0695
vn 0.1455 0.9893 -0.0054
vn -0.0530 0.9976 0.0451
vn -0.0371 0.9970 -0.0681
vn -0.0692 0.9974 -0.0215
vn -0.0452 0.9976 0.0530
vn -0.0408 0.9976 0.0564
vn -0.0815 0.9963 -0.0279
vn -0.0680 0.9970 0.0371
vn -0.0215 0.9974 0.0691
vn 0.0530 0.9976 0.0451
vn -0.0279 0.9963 0.0815
vn 0.0371 0.9970 0.0680
vn 0.0691 0.9974 0.0215
vn 0.0451 0.9976 -0.0530
vn 0.0408 0.9976 -0.0564
vn 0.0814 0.9963 0.0278
vn 0.0680 0.9970 -0.0371
vn 0.0215 0.9974 -0.0691
vn -0.0530 0.9976 -0.0452
vn 0.0023 0.9973 -0.0741
vn 0.0010 0.9968 -0.0795
vn 0.0447 0.9906 -0.1295
vn 0.0033 0.9971 -0.0759
vn 0.0004 0.9968 -0.0797
vn 0.0171 0.9895 -0.1436
vn -0.0630 0.9924 -0.1057
vn 0.0007 0.9969 -0.0787
vn 0.0002 0.9971 -0.0762
vn 0.0022 0.9971 -0.0761
vn 0.0003 0.9969 -0.0787
vn -0.0020 0.9934 0.1147
vn -0.0023 0.9930 0.1183
vn -0.0022 0.9934 0.1150
vn -0.0011 0.9929 0.1193
vn -0.0019 0.9930 0.1181
vn 0.0005 0.9932 0.1165
vn -0.0017 0.9933 0.1155
vn -0.0008 0.9929 0.1187
vn -0.0000 0.9932 0.1168
vn -0.0011 0.9975 0.0710
vn -0.0003 0.9975 0.0709
vn -0.0007 0.9976 0.0694
vn -0.0008 0.9975 0.0707
vn 0.0003 0.9975 0.0700
vn -0.0009 0.9976 0.0695
vn -0.0003 0.9975 0.0710
vn -0.0006 0.9976 0.0695
vn -0.0004 0.9975 0.0710
vn -0.0011 0.9976 0.0691
vn -0.0012 0.9975 0.0710
vn -0.0012 0.9976 0.0692
vn -0.0006 0.9974 0.0715
vn -0.0001 0.9975 0.0705
vn 0.0006 0.9676 -0.2524
vn 0.0018 0.9681 -0.2505
vn 0.0002 0.9676 -0.2526
vn -0.0003 0.9975 0.0704
vn 0.0010 0.9683 -0.2498
vn 0.0003 0.9678 -0.2518
vn 0.0015 0.9681 -0.2505
vn 0.0002 0.9677 -0.2522
vn -0.0057 0.5087 -0.8610
vn 0.0015 0.5115 -0.8593
vn 0.0173 0.5065 -0.8621
vn -0.0064 0.5069 -0.8620
vn 0.0007 0.5117 -0.8592
vn 0.0167 0.5099 -0.8601
vn 0.0027 0.4914 -0.8709
vn -0.0042 0.5081 -0.8613
vn 0.0011 0.5102 -0.8601
vn 0.0129 0.5065 -0.8622
vn -0.0115 0.5112 -0.8594
vn -0.0047 0.5068 -0.8621
vn 0.0005 0.5102 -0.8601
vn 0.0125 0.5090 -0.8607
vn 0.0021 0.4951 -0.8688
vn -0.0033 0.5077 -0.8615
vn 0.0009 0.5093 -0.8606
vn 0.0104 0.5064 -0.8622
vn -0.0037 0.5067 -0.8621
vn 0.0004 0.5094 -0.8605
vn 0.0100 0.5085 -0.8610
vn 0.0016 0.4974 -0.8675
vn 0.0007 0.5087 -0.8609
vn 0.0086 0.5063 -0.8623
vn -0.0030 0.5065 -0.8622
vn 0.0003 0.5088 -0.8609
vn 0.0083 0.5081 -0.8613
vn 0.0014 0.4988 -0.8667
vn 0.0006 0.5085 -0.8611
vn 0.0074 0.5064 -0.8623
vn -0.0027 0.5065 -0.8622
vn 0.0003 0.5085 -0.8611
vn 0.0071 0.5078 -0.8614
vn 0.0012 0.4999 -0.8661
vn -0.0018 0.5070 -0.8620
vn 0.0005 0.5079 -0.8614
vn 0.0064 0.5063 -0.8623
vn -0.0019 0.5064 -0.8623
vn 0.0002 0.5079 -0.8614
vn 0.0062 0.5076 -0.8616
vn 0.0010 0.5007 -0.8656
vn -0.0016 0.5069 -0.8620
vn 0.0004 0.5078 -0.8615
vn 0.0057 0.5063 -0.8623
vn 0.0055 0.5075 -0.8617
vn 0.0009 0.5013 -0.8652
vn -0.0015 0.5068 -0.8620
vn 0.0004 0.5076 -0.8616
vn 0.0051 0.5063 -0.8623
vn -0.0018 0.5064 -0.8623
vn 0.0002 0.5077 -0.8615
vn 0.0050 0.5073 -0.8617
vn 0.0008 0.5018 -0.8650
vn 0.0003 0.5075 -0.8617
vn 0.0046 0.5063 -0.8623
vn -0.0041 0.5080 -0.8613
vn -0.0015 0.5064 -0.8623
vn 0.0002 0.5075 -0.8617
vn 0.0045 0.5072 -0.8618
vn 0.0007 0.5022 -0.8647
vn -0.0013 0.5068 -0.8621
vn 0.0003 0.5074 -0.8617
vn 0.0043 0.5063 -0.8624
vn -0.0038 0.5079 -0.8614
vn 0.0041 0.5071 -0.8619
vn 0.0007 0.5026 -0.8645
vn 0.0003 0.5073 -0.8618
vn 0.0039 0.5063 -0.8624
vn -0.0012 0.5063 -0.8623
vn 0.0001 0.5073 -0.8618
vn 0.0038 0.5071 -0.8619
vn 0.0006 0.5028 -0.8644
vn 0.0036 0.5063 -0.8624
vn 0.0035 0.5070 -0.8619
vn 0.0006 0.5031 -0.8642
vn 0.0035 0.5063 -0.8624
vn -0.0030 0.5075 -0.8616
vn -0.0010 0.5063 -0.8623
vn 0.0001 0.5071 -0.8619
vn 0.0033 0.5070 -0.8620
vn 0.0005 0.5033 -0.8641
vn 0.0002 0.5069 -0.8620
vn 0.0032 0.5063 -0.8624
vn -0.0011 0.5063 -0.8623
vn 0.0001 0.5072 -0.8618
vn 0.0031 0.5069 -0.8620
vn 0.0005 0.5035 -0.8640
vn -0.0004 0.5064 -0.8623
vn 0.0002 0.5068 -0.8621
vn 0.0030 0.5063 -0.8624
vn 0.0029 0.5069 -0.8620
vn 0.0005 0.5036 -0.8639
vn 0.0002 0.5070 -0.8619
vn 0.0029 0.5063 -0.8624
vn -0.0025 0.5073 -0.8618
vn 0.0001 0.5070 -0.8619
vn 0.0028 0.5068 -0.8620
vn 0.0005 0.5037 -0.8639
vn -0.0006 0.5065 -0.8623
vn 0.0001 0.5065 -0.8622
vn 0.0026 0.5063 -0.8624
vn -0.0024 0.5072 -0.8618
vn -0.0005 0.5063 -0.8624
vn 0.0026 0.5068 -0.8621
vn 0.0004 0.5039 -0.8638
vn -0.0008 0.5065 -0.8622
vn 0.0025 0.5062 -0.8624
vn 0.0001 0.5069 -0.8620
vn 0.0025 0.5068 -0.8621
vn 0.0004 0.5040 -0.8637
vn -0.0003 0.5063 -0.8623
vn 0.0023 0.5063 -0.8624
vn -0.0022 0.5072 -0.8619
vn 0.0024 0.5067 -0.8621
vn 0.0004 0.5041 -0.8637
vn 0.0023 0.5062 -0.8624
vn 0.0023 0.5067 -0.8621
vn 0.0003 0.5044 -0.8635
vn 0.0022 0.5067 -0.8621
vn 0.0018 0.5062 -0.8624
vn -0.0007 0.5063 -0.8624
vn 0.0001 0.5068 -0.8621
vn 0.0019 0.5066 -0.8622
vn 0.0003 0.5045 -0.8634
vn -0.0022 0.9972 0.0744
vn -0.0010 0.9968 0.0794
vn -0.0446 0.9906 0.1295
vn -0.0030 0.9971 0.0761
vn -0.0004 0.9968 0.0796
vn -0.0170 0.9895 0.1436
vn 0.0630 0.9924 0.1058
vn -0.0007 0.9969 0.0786
vn -0.0004 0.9971 0.0760
vn -0.0024 0.9971 0.0760
vn -0.0003 0.9969 0.0788
vn 0.0020 0.9934 -0.1148
vn 0.0023 0.9930 -0.1184
vn -0.0010 0.9932 -0.1163
vn 0.0023 0.9934 -0.1150
vn 0.0011 0.9928 -0.1194
vn -0.0009 0.9932 -0.1161
vn 0.0006 0.9933 -0.1158
vn 0.0016 0.9934 -0.1151
vn 0.0019 0.9930 -0.1181
vn 0.0009 0.9929 -0.1189
vn 0.0010 0.9976 -0.0691
vn 0.0011 0.9975 -0.0710
vn 0.0008 0.9976 -0.0695
vn 0.0004 0.9975 -0.0712
vn 0.0006 0.9975 -0.0706
vn 0.0007 0.9975 -0.0707
vn 0.0003 0.9975 -0.0710
vn 0.0003 0.9975 -0.0703
vn 0.0006 0.9976 -0.0697
vn 0.0002 0.9975 -0.0707
vn 0.0004 0.9975 -0.0705
vn -0.0010 0.9683 0.2498
vn -0.0004 0.9677 0.2520
vn -0.0017 0.9681 0.2505
vn -0.0002 0.9676 0.2523
vn 0.0001 0.9975 -0.0705
vn -0.0012 0.9683 0.2496
vn -0.0005 0.9677 0.2522
vn -0.0004 0.9681 0.2504
vn 0.0003 0.9681 0.2506
vn 0.0004 0.9975 -0.0710
vn 0.0004 0.9975 -0.0704
vn 0.0002 0.9975 -0.0706
vn -0.0154 0.5129 0.8583
vn -0.0033 0.4916 0.8708
vn 0.0064 0.5067 0.8621
vn -0.0172 0.5078 0.8613
vn -0.0016 0.4914 0.8709
vn 0.0062 0.5078 0.8614
vn -0.0012 0.5117 0.8591
vn -0.0115 0.5112 0.8594
vn -0.0025 0.4952 0.8688
vn 0.0046 0.5064 0.8623
vn -0.0129 0.5073 0.8617
vn -0.0012 0.4950 0.8689
vn 0.0045 0.5073 0.8618
vn -0.0009 0.5101 0.8601
vn -0.0020 0.4974 0.8675
vn 0.0038 0.5064 0.8623
vn -0.0103 0.5071 0.8618
vn -0.0009 0.4973 0.8676
vn 0.0036 0.5071 0.8619
vn -0.0007 0.5094 0.8605
vn -0.0016 0.4989 0.8667
vn 0.0031 0.5064 0.8623
vn -0.0085 0.5069 0.8620
vn -0.0008 0.4988 0.8667
vn 0.0030 0.5069 0.8620
vn -0.0006 0.5088 0.8609
vn -0.0014 0.4999 0.8661
vn 0.0024 0.5064 0.8623
vn -0.0073 0.5068 0.8620
vn -0.0007 0.4999 0.8661
vn 0.0025 0.5068 0.8620
vn -0.0005 0.5084 0.8611
vn -0.0012 0.5007 0.8656
vn 0.0022 0.5063 0.8623
vn -0.0018 0.5070 0.8620
vn -0.0064 0.5067 0.8621
vn -0.0006 0.5007 0.8656
vn 0.0021 0.5067 0.8621
vn -0.0004 0.5081 0.8613
vn -0.0011 0.5013 0.8653
vn 0.0019 0.5063 0.8623
vn -0.0057 0.5067 0.8621
vn -0.0005 0.5013 0.8653
vn 0.0018 0.5067 0.8621
vn -0.0004 0.5079 0.8614
vn -0.0010 0.5018 0.8650
vn 0.0024 0.5063 0.8623
vn -0.0017 0.5069 0.8620
vn -0.0051 0.5066 0.8621
vn -0.0005 0.5017 0.8650
vn 0.0023 0.5068 0.8621
vn -0.0005 0.5082 0.8612
vn -0.0009 0.5022 0.8647
vn 0.0017 0.5063 0.8624
vn -0.0047 0.5066 0.8622
vn -0.0004 0.5022 0.8648
vn 0.0016 0.5066 0.8622
vn -0.0003 0.5076 0.8616
vn -0.0038 0.5079 0.8614
vn -0.0008 0.5026 0.8645
vn 0.0014 0.5063 0.8624
vn -0.0013 0.5068 0.8621
vn -0.0042 0.5066 0.8622
vn -0.0004 0.5025 0.8646
vn 0.0015 0.5066 0.8622
vn -0.0003 0.5075 0.8616
vn -0.0035 0.5077 0.8615
vn -0.0008 0.5028 0.8644
vn -0.0012 0.5067 0.8621
vn -0.0039 0.5065 0.8622
vn -0.0004 0.5028 0.8644
vn 0.0013 0.5065 0.8622
vn -0.0002 0.5071 0.8619
vn -0.0033 0.5076 0.8616
vn -0.0007 0.5031 0.8642
vn 0.0013 0.5063 0.8624
vn -0.0036 0.5065 0.8622
vn -0.0003 0.5031 0.8642
vn 0.0014 0.5066 0.8622
vn -0.0030 0.5075 0.8616
vn -0.0007 0.5033 0.8641
vn 0.0012 0.5063 0.8624
vn -0.0032 0.5065 0.8622
vn -0.0003 0.5033 0.8641
vn 0.0005 0.5063 0.8624
vn -0.0002 0.5072 0.8618
vn -0.0006 0.5036 0.8639
vn 0.0011 0.5063 0.8624
vn -0.0010 0.5066 0.8622
vn -0.0031 0.5065 0.8623
vn -0.0003 0.5036 0.8640
vn 0.0011 0.5065 0.8623
vn -0.0006 0.5037 0.8639
vn -0.0028 0.5064 0.8623
vn -0.0003 0.5036 0.8639
vn -0.0005 0.5038 0.8638
vn 0.0009 0.5062 0.8624
vn -0.0003 0.5038 0.8638
vn 0.0008 0.5064 0.8623
vn -0.0005 0.5039 0.8637
vn 0.0010 0.5063 0.8624
vn 0.0009 0.5064 0.8623
vn -0.0002 0.5070 0.8619
vn -0.0005 0.5040 0.8637
vn -0.0025 0.5064 0.8623
vn -0.0002 0.5040 0.8637
vn -0.0005 0.5042 0.8636
vn -0.0024 0.5064 0.8623
vn -0.0002 0.5041 0.8636
vn -0.0004 0.5043 0.8636
vn -0.0023 0.5064 0.8623
vn -0.0002 0.5042 0.8636
vn -0.0004 0.5043 0.8635
vn -0.0022 0.5064 0.8623
vn -0.0002 0.5043 0.8636
vn -0.0003 0.5047 0.8633
vn 0.0005 0.5062 0.8624
vn -0.0001 0.5068 0.8621
vn -0.0020 0.5064 0.8623
vn -0.0002 0.5045 0.8634
vn 0.0006 0.5064 0.8623
vn -0.0006 0.5064 -0.8623
vn 0.0020 0.5064 -0.8623
vn 0.0002 0.5045 -0.8634
vn 0.0020 0.5065 -0.8622
vn -0.0008 0.5064 -0.8623
vn 0.0022 0.5064 -0.8623
vn 0.0002 0.5043 -0.8636
vn 0.0022 0.5065 -0.8622
vn 0.0003 0.5043 -0.8635
vn -0.0007 0.5063 -0.8623
vn 0.0023 0.5066 -0.8622
vn 0.0003 0.5042 -0.8636
vn 0.0025 0.5064 -0.8623
vn 0.0002 0.5040 -0.8637
vn -0.0009 0.5064 -0.8623
vn 0.0001 0.5066 -0.8622
vn 0.0026 0.5064 -0.8623
vn 0.0002 0.5039 -0.8637
vn 0.0029 0.5064 -0.8623
vn 0.0003 0.5038 -0.8638
vn -0.0011 0.5065 -0.8623
vn 0.0002 0.5071 -0.8619
vn 0.0031 0.5065 -0.8623
vn 0.0003 0.5036 -0.8640
vn -0.0010 0.5064 -0.8623
vn 0.0030 0.5067 -0.8621
vn 0.0004 0.5036 -0.8639
vn -0.0012 0.5064 -0.8623
vn 0.0031 0.5067 -0.8621
vn 0.0004 0.5035 -0.8640
vn -0.0012 0.5065 -0.8622
vn 0.0002 0.5073 -0.8618
vn 0.0034 0.5065 -0.8622
vn 0.0003 0.5032 -0.8642
vn -0.0013 0.5064 -0.8623
vn 0.0002 0.5072 -0.8618
vn 0.0033 0.5067 -0.8621
vn 0.0004 0.5033 -0.8641
vn 0.0036 0.5065 -0.8622
vn 0.0003 0.5031 -0.8642
vn 0.0036 0.5068 -0.8621
vn 0.0005 0.5031 -0.8642
vn 0.0038 0.5065 -0.8622
vn 0.0004 0.5028 -0.8644
vn -0.0009 0.5063 -0.8623
vn 0.0038 0.5068 -0.8621
vn 0.0005 0.5028 -0.8644
vn -0.0014 0.5065 -0.8622
vn 0.0042 0.5066 -0.8622
vn 0.0004 0.5025 -0.8646
vn -0.0015 0.5065 -0.8623
vn 0.0042 0.5069 -0.8620
vn 0.0005 0.5025 -0.8646
vn -0.0014 0.5066 -0.8622
vn 0.0046 0.5066 -0.8622
vn 0.0004 0.5022 -0.8647
vn 0.0046 0.5069 -0.8620
vn 0.0006 0.5022 -0.8647
vn -0.0017 0.5066 -0.8622
vn 0.0003 0.5077 -0.8615
vn 0.0051 0.5066 -0.8621
vn 0.0005 0.5018 -0.8650
vn -0.0017 0.5065 -0.8622
vn 0.0050 0.5070 -0.8619
vn 0.0006 0.5018 -0.8650
vn 0.0057 0.5067 -0.8621
vn 0.0005 0.5013 -0.8653
vn -0.0019 0.5066 -0.8622
vn 0.0003 0.5079 -0.8614
vn 0.0056 0.5071 -0.8619
vn 0.0007 0.5013 -0.8653
vn -0.0022 0.5067 -0.8621
vn 0.0004 0.5080 -0.8613
vn 0.0064 0.5067 -0.8621
vn 0.0006 0.5007 -0.8656
vn -0.0022 0.5066 -0.8622
vn 0.0003 0.5081 -0.8613
vn 0.0063 0.5072 -0.8618
vn 0.0008 0.5007 -0.8656
vn -0.0026 0.5069 -0.8620
vn 0.0005 0.5085 -0.8611
vn 0.0073 0.5068 -0.8620
vn 0.0007 0.4999 -0.8661
vn -0.0027 0.5067 -0.8621
vn 0.0004 0.5085 -0.8611
vn 0.0073 0.5073 -0.8617
vn 0.0009 0.4999 -0.8661
vn -0.0029 0.5069 -0.8620
vn 0.0006 0.5088 -0.8609
vn 0.0086 0.5069 -0.8620
vn 0.0008 0.4987 -0.8667
vn -0.0028 0.5067 -0.8621
vn 0.0005 0.5088 -0.8609
vn 0.0085 0.5075 -0.8616
vn 0.0011 0.4988 -0.8667
vn -0.0036 0.5071 -0.8619
vn 0.0007 0.5094 -0.8605
vn 0.0103 0.5071 -0.8618
vn 0.0009 0.4973 -0.8676
vn -0.0037 0.5069 -0.8620
vn 0.0006 0.5094 -0.8605
vn 0.0102 0.5078 -0.8614
vn 0.0013 0.4973 -0.8676
vn -0.0046 0.5073 -0.8617
vn 0.0009 0.5102 -0.8600
vn 0.0129 0.5073 -0.8617
vn 0.0012 0.4951 -0.8689
vn -0.0046 0.5071 -0.8619
vn 0.0007 0.5103 -0.8600
vn 0.0127 0.5082 -0.8612
vn 0.0016 0.4951 -0.8688
vn -0.0062 0.5077 -0.8615
vn 0.0012 0.5116 -0.8592
vn 0.0172 0.5076 -0.8614
vn 0.0016 0.4913 -0.8710
vn -0.0063 0.5073 -0.8617
vn 0.0010 0.5116 -0.8592
vn 0.0170 0.5088 -0.8607
vn 0.0022 0.4913 -0.8710
vn 0.0013 0.9682 -0.2502
vn 0.0004 0.9677 -0.2521
vn 0.0014 0.9682 -0.2503
vn 0.0003 0.9677 -0.2522
vn -0.0002 0.9975 0.0704
vn -0.0006 0.9976 0.0697
vn 0.0017 0.9683 -0.2499
vn 0.0004 0.9676 -0.2524
vn 0.0018 0.9682 -0.2502
vn 0.0004 0.9676 -0.2526
vn -0.0011 0.9976 0.0692
vn -0.0010 0.9975 0.0712
vn -0.0008 0.9974 0.0714
vn -0.0005 0.9975 0.0709
vn -0.0006 0.9975 0.0707
vn -0.0008 0.9975 0.0709
vn -0.0004 0.9975 0.0708
vn -0.0009 0.9975 0.0711
vn -0.0010 0.9976 0.0694
vn -0.0007 0.9975 0.0713
vn -0.0018 0.9933 0.1152
vn -0.0016 0.9930 0.1184
vn -0.0002 0.9932 0.1162
vn -0.0018 0.9933 0.1153
vn -0.0012 0.9929 0.1186
vn -0.0021 0.9934 0.1149
vn -0.0020 0.9929 0.1188
vn -0.0022 0.9934 0.1149
vn -0.0015 0.9929 0.1191
vn 0.0022 0.9972 -0.0754
vn 0.0006 0.9969 -0.0788
vn 0.0023 0.9971 -0.0757
vn 0.0005 0.9969 -0.0788
vn -0.0000 0.9971 -0.0764
vn 0.0030 0.9972 -0.0750
vn 0.0008 0.9968 -0.0795
vn 0.0364 0.9901 -0.1355
vn -0.0587 0.9918 -0.1136
vn 0.0031 0.9971 -0.0754
vn 0.0006 0.9968 -0.0795
vn 0.0268 0.9897 -0.1403
vn -0.0609 0.9921 -0.1098
vn -0.0019 0.5066 0.8622
vn -0.0003 0.5045 0.8634
vn 0.0007 0.5063 0.8624
vn -0.0020 0.5065 0.8622
vn -0.0022 0.5067 0.8621
vn -0.0022 0.5065 0.8622
vn -0.0003 0.5043 0.8635
vn -0.0023 0.5067 0.8621
vn 0.0009 0.5063 0.8624
vn -0.0001 0.5069 0.8620
vn -0.0023 0.5066 0.8622
vn -0.0003 0.5042 0.8636
vn -0.0004 0.5042 0.8636
vn -0.0003 0.5041 0.8636
vn -0.0025 0.5068 0.8621
vn -0.0004 0.5040 0.8637
vn 0.0011 0.5063 0.8623
vn -0.0001 0.5070 0.8620
vn -0.0025 0.5066 0.8622
vn -0.0003 0.5040 0.8637
vn -0.0026 0.5068 0.8621
vn -0.0004 0.5039 0.8638
vn 0.0009 0.5063 0.8623
vn -0.0027 0.5066 0.8622
vn -0.0003 0.5039 0.8638
vn -0.0001 0.5070 0.8619
vn -0.0027 0.5068 0.8620
vn -0.0004 0.5038 0.8638
vn 0.0003 0.5062 0.8624
vn -0.0000 0.5065 0.8622
vn -0.0028 0.5066 0.8622
vn -0.0029 0.5069 0.8620
vn -0.0005 0.5036 0.8639
vn -0.0030 0.5067 0.8621
vn -0.0004 0.5036 0.8639
vn -0.0030 0.5069 0.8620
vn -0.0004 0.5036 0.8640
vn -0.0033 0.5069 0.8620
vn -0.0005 0.5033 0.8641
vn 0.0012 0.5063 0.8623
vn -0.0001 0.5072 0.8618
vn -0.0033 0.5067 0.8621
vn -0.0004 0.5033 0.8641
vn 0.0012 0.5064 0.8623
vn -0.0035 0.5070 0.8619
vn -0.0006 0.5031 0.8642
vn 0.0016 0.5064 0.8623
vn -0.0002 0.5074 0.8617
vn -0.0036 0.5068 0.8621
vn -0.0005 0.5031 0.8642
vn 0.0015 0.5065 0.8623
vn -0.0002 0.5075 0.8616
vn -0.0038 0.5070 0.8619
vn -0.0006 0.5028 0.8644
vn 0.0014 0.5063 0.8623
vn -0.0039 0.5068 0.8621
vn -0.0005 0.5028 0.8644
vn 0.0014 0.5064 0.8623
vn -0.0041 0.5071 0.8619
vn -0.0007 0.5026 0.8645
vn 0.0013 0.5064 0.8623
vn -0.0002 0.5075 0.8617
vn -0.0042 0.5069 0.8620
vn -0.0005 0.5026 0.8645
vn -0.0045 0.5072 0.8618
vn -0.0007 0.5022 0.8648
vn -0.0002 0.5076 0.8616
vn -0.0046 0.5069 0.8620
vn -0.0006 0.5022 0.8647
vn 0.0016 0.5065 0.8622
vn -0.0050 0.5073 0.8617
vn -0.0008 0.5018 0.8650
vn 0.0024 0.5065 0.8623
vn -0.0003 0.5082 0.8612
vn -0.0051 0.5070 0.8619
vn -0.0006 0.5018 0.8650
vn 0.0023 0.5066 0.8622
vn -0.0004 0.5082 0.8612
vn -0.0056 0.5075 0.8617
vn -0.0009 0.5013 0.8653
vn 0.0021 0.5065 0.8623
vn -0.0002 0.5080 0.8613
vn -0.0057 0.5071 0.8619
vn -0.0007 0.5013 0.8653
vn 0.0021 0.5066 0.8622
vn -0.0003 0.5080 0.8614
vn -0.0062 0.5076 0.8616
vn -0.0010 0.5007 0.8656
vn 0.0019 0.5064 0.8623
vn -0.0002 0.5079 0.8614
vn -0.0063 0.5072 0.8618
vn -0.0008 0.5007 0.8656
vn 0.0022 0.5066 0.8622
vn -0.0003 0.5081 0.8613
vn -0.0071 0.5078 0.8614
vn -0.0012 0.4999 0.8661
vn 0.0026 0.5065 0.8622
vn -0.0003 0.5085 0.8611
vn -0.0073 0.5073 0.8617
vn -0.0009 0.4999 0.8661
vn 0.0026 0.5067 0.8621
vn -0.0004 0.5084 0.8611
vn -0.0083 0.5081 0.8613
vn -0.0014 0.4989 0.8667
vn 0.0031 0.5065 0.8622
vn -0.0003 0.5088 0.8609
vn -0.0084 0.5075 0.8616
vn -0.0011 0.4988 0.8667
vn 0.0030 0.5067 0.8621
vn -0.0005 0.5088 0.8609
vn -0.0100 0.5085 0.8610
vn -0.0016 0.4974 0.8675
vn 0.0037 0.5067 0.8621
vn -0.0004 0.5094 0.8605
vn -0.0102 0.5078 0.8614
vn -0.0013 0.4973 0.8676
vn 0.0037 0.5069 0.8620
vn -0.0006 0.5094 0.8605
vn -0.0125 0.5090 0.8607
vn -0.0021 0.4951 0.8688
vn 0.0046 0.5067 0.8621
vn -0.0005 0.5101 0.8601
vn -0.0127 0.5081 0.8612
vn -0.0016 0.4950 0.8689
vn 0.0045 0.5070 0.8619
vn -0.0007 0.5101 0.8601
vn -0.0167 0.5100 0.8600
vn -0.0027 0.4915 0.8709
vn 0.0064 0.5071 0.8619
vn -0.0007 0.5118 0.8591
vn -0.0170 0.5089 0.8607
vn -0.0022 0.4915 0.8709
vn 0.0063 0.5074 0.8617
vn -0.0010 0.5118 0.8591
vn 0.0003 0.9975 -0.0705
vn 0.0004 0.9975 -0.0707
vn 0.0007 0.9975 -0.0709
vn 0.0006 0.9975 -0.0710
vn -0.0015 0.9682 0.2500
vn -0.0004 0.9676 0.2523
vn -0.0017 0.9682 0.2502
vn -0.0003 0.9676 0.2523
vn 0.0005 0.9681 0.2506
vn 0.0002 0.9975 -0.0705
vn 0.0003 0.9975 -0.0700
vn 0.0004 0.9975 -0.0706
vn 0.0003 0.9975 -0.0706
vn -0.0004 0.9677 0.2521
vn -0.0016 0.9682 0.2503
vn 0.0005 0.9975 -0.0707
vn 0.0010 0.9976 -0.0692
vn 0.0008 0.9975 -0.0710
vn 0.0011 0.9976 -0.0692
vn 0.0007 0.9975 -0.0712
vn 0.0018 0.9933 -0.1151
vn 0.0017 0.9930 -0.1184
vn 0.0018 0.9933 -0.1152
vn 0.0013 0.9929 -0.1187
vn 0.0022 0.9934 -0.1149
vn 0.0020 0.9929 -0.1188
vn -0.0010 0.9932 -0.1162
vn 0.0003 0.9933 -0.1156
vn 0.0022 0.9934 -0.1150
vn 0.0015 0.9929 -0.1191
vn -0.0007 0.9932 -0.1163
vn 0.0004 0.9933 -0.1159
vn -0.0020 0.9972 0.0754
vn -0.0006 0.9969 0.0787
vn -0.0022 0.9971 0.0757
vn -0.0005 0.9969 0.0788
vn -0.0028 0.9972 0.0752
vn -0.0008 0.9968 0.0795
vn -0.0363 0.9901 0.1355
vn 0.0586 0.9918 0.1137
vn -0.0029 0.9971 0.0756
vn -0.0006 0.9968 0.0795
vn -0.0267 0.9897 0.1404
vn 0.0609 0.9921 0.1099
vt 0.979845 0.208174
vt 0.963342 0.275028
vt 0.963107 0.009102
vt 0.967760 0.206272
vt 0.951383 0.271968
vt 0.951223 0.012085
vt 0.971860 0.142515
vt 0.967896 0.078593
vt 0.984126 0.142524
vt 0.979934 0.076661
vt 0.939706 0.200814
vt 0.927041 0.256704
vt 0.926032 0.027799
vt 0.939155 0.083657
vt 0.943033 0.142207
vt 0.876029 0.192899
vt 0.866712 0.039043
vt 0.866971 0.245413
vt 0.875975 0.091842
vt 0.878366 0.142374
vt 0.850508 0.189468
vt 0.844724 0.234460
vt 0.843585 0.050453
vt 0.849785 0.095052
vt 0.851850 0.142178
vt 0.819074 0.189304
vt 0.815732 0.050539
vt 0.816927 0.234632
vt 0.818376 0.095495
vt 0.820144 0.142432
vt 0.796324 0.191220
vt 0.793365 0.241662
vt 0.792696 0.043528
vt 0.796021 0.093754
vt 0.797450 0.142452
vt 0.623409 0.181874
vt 0.857903 0.378445
vt 0.876951 0.397146
vt 0.620209 0.219856
vt 0.618635 0.067231
vt 0.857201 0.301071
vt 0.875902 0.282023
vt 0.622487 0.105314
vt 0.953276 0.281321
vt 0.972324 0.300022
vt 0.624051 0.143587
vt 0.973026 0.377396
vt 0.954325 0.396444
vt 0.865483 0.384470
vt 0.870789 0.389679
vt 0.864668 0.294909
vt 0.869877 0.289603
vt 0.959438 0.288788
vt 0.964745 0.293997
vt 0.965560 0.383558
vt 0.960351 0.388865
vt 0.870705 0.384459
vt 0.869888 0.294825
vt 0.959522 0.294008
vt 0.960339 0.383642
vt 0.875517 0.379533
vt 0.874815 0.299637
vt 0.954711 0.298935
vt 0.955413 0.378830
vt 0.903052 0.089025
vt 0.892789 0.035351
vt 0.893263 0.249275
vt 0.903333 0.195503
vt 0.906226 0.142313
vt 0.911860 0.087935
vt 0.901173 0.033892
vt 0.901633 0.250840
vt 0.912150 0.196629
vt 0.915158 0.142345
vt 0.909730 0.088224
vt 0.899544 0.036494
vt 0.900049 0.248223
vt 0.904922 0.088847
vt 0.895240 0.037229
vt 0.895752 0.247424
vt 0.910054 0.196311
vt 0.905233 0.195734
vt 0.913023 0.142313
vt 0.908156 0.142342
vt 0.830572 0.096028
vt 0.826913 0.051673
vt 0.827990 0.233348
vt 0.831266 0.188651
vt 0.832423 0.142316
vt 0.837505 0.095952
vt 0.833048 0.051764
vt 0.834104 0.233292
vt 0.838202 0.188695
vt 0.839370 0.142301
vt 0.835936 0.096071
vt 0.831747 0.053520
vt 0.832831 0.231514
vt 0.832049 0.096125
vt 0.828511 0.053463
vt 0.829605 0.231548
vt 0.836653 0.188569
vt 0.832762 0.188578
vt 0.837792 0.142289
vt 0.833897 0.142331
vt 0.979845 0.208174
vt 0.963342 0.275028
vt 0.963107 0.009102
vt 0.967760 0.206272
vt 0.951383 0.271968
vt 0.951223 0.012085
vt 0.971860 0.142515
vt 0.967896 0.078593
vt 0.984126 0.142524
vt 0.979934 0.076661
vt 0.939706 0.200814
vt 0.927041 0.256704
vt 0.926032 0.027799
vt 0.939155 0.083657
vt 0.943033 0.142207
vt 0.876029 0.192899
vt 0.866712 0.039043
vt 0.866971 0.245413
vt 0.875975 0.091842
vt 0.878366 0.142374
vt 0.850508 0.189468
vt 0.844724 0.234460
vt 0.843585 0.050453
vt 0.849785 0.095052
vt 0.851850 0.142178
vt 0.819074 0.189304
vt 0.815732 0.050539
vt 0.816927 0.234632
vt 0.818376 0.095495
vt 0.820144 0.142432
vt 0.796324 0.191220
vt 0.793365 0.241662
vt 0.792696 0.043528
vt 0.796021 0.093754
vt 0.797450 0.142452
vt 0.623409 0.181874
vt 0.296584 0.100760
vt 0.314298 0.118151
vt 0.620209 0.219856
vt 0.618635 0.067231
vt 0.295931 0.028804
vt 0.313322 0.011090
vt 0.622487 0.105314
vt 0.385279 0.010437
vt 0.402993 0.027828
vt 0.624051 0.143587
vt 0.403646 0.099784
vt 0.386254 0.117498
vt 0.303632 0.106363
vt 0.308568 0.111207
vt 0.302875 0.023073
vt 0.307719 0.018138
vt 0.391009 0.017381
vt 0.395945 0.022225
vt 0.396702 0.105515
vt 0.391858 0.110450
vt 0.308490 0.106353
vt 0.307729 0.022995
vt 0.391088 0.022235
vt 0.391847 0.105593
vt 0.312964 0.101771
vt 0.312311 0.027470
vt 0.386613 0.026817
vt 0.387266 0.101118
vt 0.903052 0.089025
vt 0.892789 0.035351
vt 0.893263 0.249275
vt 0.903333 0.195503
vt 0.906226 0.142313
vt 0.911860 0.087935
vt 0.901173 0.033892
vt 0.901633 0.250840
vt 0.912150 0.196629
vt 0.915158 0.142345
vt 0.909730 0.088224
vt 0.899544 0.036494
vt 0.900049 0.248223
vt 0.904922 0.088847
vt 0.895240 0.037229
vt 0.895752 0.247424
vt 0.910054 0.196311
vt 0.905233 0.195734
vt 0.913023 0.142313
vt 0.908156 0.142342
vt 0.830572 0.096028
vt 0.826913 0.051673
vt 0.827990 0.233348
vt 0.831266 0.188651
vt 0.832423 0.142316
vt 0.837505 0.095952
vt 0.833048 0.051764
vt 0.834104 0.233292
vt 0.838202 0.188695
vt 0.839370 0.142301
vt 0.835936 0.096071
vt 0.831747 0.053520
vt 0.832831 0.231514
vt 0.832049 0.096125
vt 0.828511 0.053463
vt 0.829605 0.231548
vt 0.836653 0.188569
vt 0.832762 0.188578
vt 0.837792 0.142289
vt 0.833897 0.142331
vt 0.787967 0.327878
vt 0.811995 0.630626
vt 0.981791 0.631952
vt 0.457476 0.325221
vt 0.810531 0.814917
vt 0.674837 0.326968
vt 0.570606 0.326131
vt 0.980326 0.816281
vt 0.675448 0.250974
vt 0.571217 0.250136
vt 0.788578 0.251883
vt 0.838999 0.438688
vt 0.458087 0.249226
vt 0.492631 0.440457
vt 0.602060 0.326383
vt 0.929092 0.815858
vt 0.602671 0.250389
vt 0.532046 0.440256
vt 0.930565 0.631578
vt 0.531559 0.345028
vt 0.643383 0.326716
vt 0.861754 0.815344
vt 0.643994 0.250721
vt 0.799585 0.438890
vt 0.863235 0.631025
vt 0.799099 0.343662
vt 0.639924 0.439705
vt 0.691706 0.439441
vt 0.702488 0.251191
vt 0.701877 0.327186
vt 0.810876 0.770868
vt 0.862116 0.771276
vt 0.691220 0.344213
vt 0.929432 0.771804
vt 0.639438 0.344477
vt 0.980664 0.772215
vt 0.543566 0.325913
vt 0.544177 0.249919
vt 0.840206 0.569444
vt 0.644317 0.660003
vt 0.872502 0.568875
vt 0.673469 0.660426
vt 0.881849 0.612366
vt 0.682483 0.695116
vt 0.881164 0.579400
vt 0.683956 0.670569
vt 0.946392 0.611076
vt 0.744016 0.696457
vt 0.945798 0.578097
vt 0.744868 0.672155
vt 0.953485 0.567182
vt 0.753877 0.661703
vt 0.987047 0.566842
vt 0.785584 0.661677
vt 0.837485 0.407959
vt 0.647535 0.525098
vt 0.645837 0.524668
vt 0.841070 0.613200
vt 0.644455 0.695076
vt 0.644604 0.695879
vt 0.987631 0.610488
vt 0.782958 0.697138
vt 0.783802 0.695768
vt 0.985508 0.405086
vt 0.784693 0.527348
vt 0.785896 0.526131
vt 0.951943 0.404795
vt 0.753816 0.526024
vt 0.755976 0.526294
vt 0.953591 0.577946
vt 0.753933 0.670252
vt 0.752374 0.672849
vt 0.872697 0.579595
vt 0.676207 0.670398
vt 0.673214 0.668762
vt 0.869778 0.407476
vt 0.675434 0.525939
vt 0.676751 0.524664
vt 0.791566 0.705339
vt 0.675458 0.249678
vt 0.743907 0.706062
vt 0.644005 0.249425
vt 0.743986 0.698395
vt 0.784420 0.697309
vt 0.634429 0.659835
vt 0.544188 0.248623
vt 0.642392 0.659967
vt 0.643132 0.696442
vt 0.634971 0.704195
vt 0.571227 0.248840
vt 0.682371 0.697047
vt 0.681938 0.704763
vt 0.602681 0.249093
vt 0.787506 0.661717
vt 0.794937 0.661846
vt 0.702498 0.249896
vt 0.785601 0.526123
vt 0.792969 0.517713
vt 0.788589 0.250588
vt 0.839007 0.440312
vt 0.637993 0.515966
vt 0.458097 0.247931
vt 0.492640 0.442080
vt 0.645817 0.524664
vt 0.683600 0.660560
vt 0.639933 0.441328
vt 0.684581 0.516087
vt 0.532054 0.441879
vt 0.675427 0.660475
vt 0.676454 0.524662
vt 0.683824 0.668626
vt 0.674676 0.669933
vt 0.744930 0.670175
vt 0.744733 0.661872
vt 0.691715 0.441064
vt 0.751990 0.661755
vt 0.753504 0.671503
vt 0.753794 0.526022
vt 0.746464 0.518139
vt 0.799593 0.440513
vt 0.311747 0.130248
vt 0.410079 0.130426
vt 0.024698 0.133208
vt 0.311693 0.155159
vt 0.409643 0.155360
vt 0.025499 0.158096
vt 0.217957 0.156237
vt 0.124192 0.156168
vt 0.217828 0.131285
vt 0.123742 0.131258
vt 0.311040 0.180044
vt 0.401297 0.179405
vt 0.034444 0.182846
vt 0.124795 0.181572
vt 0.217881 0.181168
vt 0.311233 0.204506
vt 0.401630 0.202059
vt 0.034785 0.205509
vt 0.124943 0.206034
vt 0.218118 0.205236
vt 0.311720 0.224737
vt 0.410274 0.221690
vt 0.026677 0.224599
vt 0.124335 0.225837
vt 0.218002 0.225059
vt 0.312214 0.241439
vt 0.574685 0.199867
vt 0.595654 0.178588
vt 0.411098 0.238349
vt 0.026123 0.241297
vt 0.464616 0.200672
vt 0.443337 0.179703
vt 0.124118 0.242550
vt 0.442531 0.069635
vt 0.463500 0.048355
vt 0.218097 0.241793
vt 0.573569 0.047550
vt 0.594849 0.068519
vt 0.581988 0.192217
vt 0.588111 0.186002
vt 0.457202 0.193130
vt 0.450987 0.187006
vt 0.450074 0.062220
vt 0.456197 0.056006
vt 0.580984 0.055093
vt 0.587198 0.061216
vt 0.581954 0.186058
vt 0.457146 0.186972
vt 0.456232 0.062164
vt 0.581040 0.061250
vt 0.577223 0.181404
vt 0.461800 0.182242
vt 0.460962 0.066819
vt 0.576386 0.065981
vt 0.311747 0.130248
vt 0.410079 0.130426
vt 0.024698 0.133208
vt 0.311693 0.155159
vt 0.409643 0.155360
vt 0.025499 0.158096
vt 0.217957 0.156237
vt 0.124192 0.156168
vt 0.217828 0.131285
vt 0.123742 0.131258
vt 0.311040 0.180044
vt 0.401297 0.179405
vt 0.034444 0.182846
vt 0.124795 0.181572
vt 0.217881 0.181168
vt 0.311233 0.204506
vt 0.401630 0.202059
vt 0.034785 0.205509
vt 0.124943 0.206034
vt 0.218118 0.205236
vt 0.311720 0.224737
vt 0.410274 0.221690
vt 0.026677 0.224599
vt 0.124335 0.225837
vt 0.218002 0.225059
vt 0.312214 0.241439
vt 0.574685 0.199867
vt 0.595654 0.178588
vt 0.411098 0.238349
vt 0.026123 0.241297
vt 0.464616 0.200672
vt 0.443337 0.179703
vt 0.124118 0.242550
vt 0.442531 0.069635
vt 0.463500 0.048355
vt 0.218097 0.241793
vt 0.573569 0.047550
vt 0.594849 0.068519
vt 0.581988 0.192217
vt 0.588111 0.186002
vt 0.457202 0.193130
vt 0.450987 0.187006
vt 0.450074 0.062220
vt 0.456197 0.056006
vt 0.580984 0.055093
vt 0.587198 0.061216
vt 0.581954 0.186058
vt 0.457146 0.186972
vt 0.456232 0.062164
vt 0.581040 0.061250
vt 0.577223 0.181404
vt 0.461800 0.182242
vt 0.460962 0.066819
vt 0.576386 0.065981
vt 0.615817 0.705347
vt 0.502480 0.706672
vt 0.615689 0.694413
vt 0.502352 0.695737
vt 0.615627 0.689126
vt 0.502291 0.690451
vt 0.615568 0.684084
vt 0.502232 0.685409
vt 0.615515 0.679505
vt 0.502178 0.680830
vt 0.615455 0.674377
vt 0.502118 0.675702
vt 0.615410 0.670561
vt 0.502074 0.671885
vt 0.615350 0.665389
vt 0.502014 0.666714
vt 0.615306 0.661621
vt 0.501970 0.662946
vt 0.615241 0.656129
vt 0.501905 0.657453
vt 0.615185 0.651343
vt 0.501849 0.652668
vt 0.615121 0.645791
vt 0.501785 0.647116
vt 0.615072 0.641617
vt 0.501736 0.642942
vt 0.615001 0.635581
vt 0.501665 0.636905
vt 0.614943 0.630577
vt 0.501607 0.631902
vt 0.614883 0.625500
vt 0.501547 0.626825
vt 0.614835 0.621378
vt 0.501499 0.622702
vt 0.614769 0.615749
vt 0.501433 0.617073
vt 0.614722 0.611722
vt 0.501386 0.613047
vt 0.614658 0.606170
vt 0.501322 0.607494
vt 0.614608 0.601958
vt 0.501272 0.603282
vt 0.614548 0.596760
vt 0.501212 0.598084
vt 0.614492 0.592009
vt 0.501156 0.593333
vt 0.614431 0.586807
vt 0.501095 0.588131
vt 0.614391 0.583359
vt 0.501055 0.584683
vt 0.614315 0.576836
vt 0.500979 0.578161
vt 0.614251 0.571336
vt 0.500914 0.572661
vt 0.614186 0.565791
vt 0.500849 0.567115
vt 0.614135 0.561406
vt 0.500798 0.562730
vt 0.614065 0.555449
vt 0.500728 0.556774
vt 0.614007 0.550514
vt 0.500671 0.551839
vt 0.613932 0.544031
vt 0.500595 0.545356
vt 0.613876 0.539247
vt 0.500539 0.540571
vt 0.613801 0.532872
vt 0.500465 0.534197
vt 0.613742 0.527810
vt 0.500405 0.529134
vt 0.613657 0.520537
vt 0.500320 0.521861
vt 0.613590 0.514750
vt 0.500253 0.516074
vt 0.613522 0.508938
vt 0.500185 0.510262
vt 0.613468 0.504357
vt 0.500131 0.505682
vt 0.613392 0.497863
vt 0.500055 0.499188
vt 0.613335 0.492986
vt 0.499998 0.494310
vt 0.613267 0.487138
vt 0.499930 0.488463
vt 0.613207 0.482003
vt 0.499870 0.483328
vt 0.613138 0.476050
vt 0.499800 0.477375
vt 0.613087 0.471722
vt 0.499750 0.473046
vt 0.613010 0.465107
vt 0.499672 0.466432
vt 0.612955 0.460431
vt 0.499618 0.461755
vt 0.612874 0.453488
vt 0.499537 0.454813
vt 0.912681 0.763357
vt 0.369067 0.831135
vt 0.011068 0.738059
vt 0.908999 0.628171
vt 0.360008 0.735711
vt 0.976918 0.984572
vt 0.008742 0.827264
vt 0.060039 0.992247
vt 0.975737 0.842841
vt 0.456888 0.731161
vt 0.096031 0.835615
vt 0.058848 0.850516
vt 0.891787 0.763929
vt 0.457668 0.827280
vt 0.096505 0.734228
vt 0.888098 0.628741
vt 0.096707 0.750014
vt 0.457320 0.812027
vt 0.368415 0.816147
vt 0.011734 0.752508
vt 0.096062 0.819705
vt 0.457100 0.746758
vt 0.360778 0.752098
vt 0.010152 0.812489
vt 0.101097 0.762581
vt 0.461019 0.799787
vt 0.371337 0.803512
vt 0.015635 0.764376
vt 0.101260 0.804103
vt 0.460797 0.759240
vt 0.366983 0.765215
vt 0.014761 0.800511
vt 0.350552 0.829716
vt 0.429487 0.847414
vt 0.056140 0.109142
vt 0.350177 0.813253
vt 0.047230 0.097638
vt 0.349940 0.800923
vt 0.038174 0.091448
vt 0.349269 0.760436
vt 0.016087 0.062949
vt 0.349088 0.748135
vt 0.012352 0.052629
vt 0.348940 0.731807
vt 0.003439 0.041113
vt 0.889589 0.683392
vt 0.910482 0.682676
vt 0.345446 0.689210
vt 0.145729 0.697282
vt 0.147953 0.645858
vt 0.429694 0.989152
vt 0.694148 0.732217
vt 0.605123 0.845943
vt 0.214385 0.109087
vt 0.694078 0.747565
vt 0.223109 0.097960
vt 0.694102 0.759111
vt 0.231942 0.091996
vt 0.694287 0.797083
vt 0.253552 0.064434
vt 0.694375 0.808622
vt 0.257236 0.054433
vt 0.694591 0.823947
vt 0.265960 0.043305
vt 0.890292 0.709288
vt 0.911193 0.708865
vt 0.185258 0.645374
vt 0.134894 0.694591
vt 0.199511 0.644417
vt 0.607289 0.987666
vt 0.727151 0.794122
vt 0.466624 0.847103
vt 0.078685 0.109430
vt 0.727086 0.785545
vt 0.087891 0.098161
vt 0.727037 0.779079
vt 0.097098 0.092206
vt 0.726882 0.757823
vt 0.119904 0.064287
vt 0.726831 0.751358
vt 0.123899 0.054073
vt 0.726704 0.742656
vt 0.133099 0.042808
vt 0.889737 0.688869
vt 0.910634 0.688215
vt 0.014092 0.680606
vt 0.010681 0.686687
vt 0.467246 0.988838
vt 0.763424 0.793871
vt 0.567952 0.846254
vt 0.192472 0.109240
vt 0.763374 0.785289
vt 0.183598 0.098238
vt 0.763335 0.778817
vt 0.174686 0.092400
vt 0.763202 0.757537
vt 0.152678 0.065133
vt 0.763164 0.751054
vt 0.148857 0.055188
vt 0.763108 0.742441
vt 0.139986 0.044200
vt 0.890142 0.703808
vt 0.911044 0.703327
vt 0.569703 0.987980
vt 0.034891 0.007297
vt 0.213681 0.009146
vt 0.023179 0.007536
vt 0.191769 0.009302
vt 0.023164 0.006819
vt 0.190928 0.008260
vt 0.034877 0.006581
vt 0.214508 0.008092
vt 0.034869 0.006193
vt 0.214956 0.007520
vt 0.023156 0.006431
vt 0.190472 0.007695
vt 0.034855 0.005509
vt 0.215746 0.006513
vt 0.023143 0.005747
vt 0.189668 0.006698
vt 0.034845 0.005038
vt 0.216289 0.005821
vt 0.023133 0.005277
vt 0.189116 0.006014
vt 0.034833 0.004425
vt 0.216997 0.004917
vt 0.874738 0.709715
vt 0.023121 0.004663
vt 0.188395 0.005121
vt 0.874584 0.704235
vt 0.017470 0.007476
vt 0.080039 0.006597
vt 0.004304 0.008090
vt 0.057487 0.006294
vt 0.004267 0.007285
vt 0.056643 0.005203
vt 0.017432 0.006671
vt 0.080912 0.005530
vt 0.017412 0.006234
vt 0.081384 0.004952
vt 0.004246 0.006849
vt 0.056185 0.004611
vt 0.017376 0.005465
vt 0.082217 0.003932
vt 0.004210 0.006080
vt 0.055379 0.003569
vt 0.017352 0.004937
vt 0.082789 0.003232
vt 0.004186 0.005551
vt 0.054826 0.002852
vt 0.017319 0.004247
vt 0.083536 0.002317
vt 0.874191 0.689291
vt 0.004153 0.004861
vt 0.054103 0.001917
vt 0.874050 0.683812
vt 0.269367 0.329364
vt 0.401158 0.333979
vt 0.270597 0.410917
vt 0.399226 0.409403
vt 0.156512 0.376578
vt 0.172557 0.413902
vt 0.493545 0.411666
vt 0.017610 0.378107
vt 0.155629 0.295983
vt 0.168026 0.334917
vt 0.016723 0.297509
vt 0.496345 0.337583
vt 0.271535 0.455347
vt 0.398571 0.453667
vt 0.474806 0.454526
vt 0.018029 0.429782
vt 0.157193 0.428300
vt 0.193717 0.458201
vt 0.275579 0.607246
vt 0.398970 0.605116
vt 0.472989 0.602837
vt 0.019676 0.598811
vt 0.159039 0.597357
vt 0.200899 0.607615
vt 0.273033 0.612799
vt 0.401720 0.610563
vt 0.476517 0.608789
vt 0.013307 0.604658
vt 0.165527 0.603069
vt 0.197550 0.613731
vt 0.273110 0.617519
vt 0.482923 0.718843
vt 0.401811 0.615268
vt 0.358120 0.719258
vt 0.476635 0.613338
vt 0.013366 0.610344
vt 0.357809 0.641815
vt 0.165587 0.608755
vt 0.197591 0.618318
vt 0.482613 0.641239
vt 0.477989 0.715268
vt 0.363025 0.715650
vt 0.362742 0.645384
vt 0.477710 0.644855
vt 0.269307 0.411898
vt 0.269228 0.409935
vt 0.271938 0.409942
vt 0.271940 0.411834
vt 0.397905 0.410350
vt 0.397926 0.408473
vt 0.400563 0.408506
vt 0.400495 0.410347
vt 0.155096 0.377622
vt 0.155074 0.375567
vt 0.173894 0.412840
vt 0.156501 0.375569
vt 0.156534 0.378222
vt 0.174459 0.414791
vt 0.156512 0.376578
vt 0.491749 0.412535
vt 0.017610 0.378107
vt 0.492277 0.410705
vt 0.017599 0.377096
vt 0.019027 0.377064
vt 0.493172 0.412518
vt 0.019045 0.379119
vt 0.270723 0.329411
vt 0.267967 0.329440
vt 0.402473 0.334029
vt 0.399802 0.333932
vt 0.155629 0.295983
vt 0.169425 0.334841
vt 0.154200 0.295999
vt 0.018152 0.297494
vt 0.016723 0.297509
vt 0.495030 0.337533
vt 0.270268 0.456291
vt 0.270205 0.454462
vt 0.272839 0.454398
vt 0.272866 0.456241
vt 0.397288 0.454596
vt 0.397277 0.452755
vt 0.399868 0.452753
vt 0.399857 0.454590
vt 0.473520 0.455424
vt 0.473808 0.453597
vt 0.019452 0.428735
vt 0.475180 0.453671
vt 0.474795 0.455430
vt 0.019470 0.430797
vt 0.474806 0.454526
vt 0.155772 0.429346
vt 0.155744 0.427282
vt 0.194719 0.457231
vt 0.157186 0.427770
vt 0.157204 0.429319
vt 0.195077 0.459053
vt 0.157193 0.428300
vt 0.274094 0.608127
vt 0.274319 0.606229
vt 0.276802 0.606269
vt 0.276600 0.608331
vt 0.398059 0.606231
vt 0.397715 0.604161
vt 0.400189 0.604092
vt 0.400571 0.605930
vt 0.472462 0.603792
vt 0.471780 0.601875
vt 0.021049 0.597729
vt 0.473001 0.601901
vt 0.020131 0.599963
vt 0.472989 0.602837
vt 0.158609 0.598518
vt 0.157613 0.596281
vt 0.202090 0.606598
vt 0.159027 0.596231
vt 0.201559 0.608564
vt 0.159039 0.597357
vt 0.271929 0.613745
vt 0.272353 0.611958
vt 0.275074 0.611662
vt 0.274218 0.613665
vt 0.400567 0.611467
vt 0.399743 0.609517
vt 0.402463 0.609677
vt 0.402847 0.611468
vt 0.475430 0.609718
vt 0.474911 0.607898
vt 0.016310 0.603470
vt 0.475134 0.606456
vt 0.476539 0.609643
vt 0.014703 0.605711
vt 0.476227 0.608300
vt 0.164154 0.604151
vt 0.162553 0.601964
vt 0.199255 0.612771
vt 0.163423 0.601217
vt 0.165539 0.604195
vt 0.198678 0.614625
vt 0.165252 0.602827
vt 0.271598 0.617535
vt 0.481959 0.717084
vt 0.273984 0.617472
vt 0.271965 0.616552
vt 0.274273 0.616574
vt 0.480165 0.717955
vt 0.275575 0.617386
vt 0.360867 0.718351
vt 0.399296 0.615312
vt 0.400593 0.614350
vt 0.402893 0.614282
vt 0.403278 0.615141
vt 0.359070 0.717482
vt 0.400931 0.615284
vt 0.358774 0.643571
vt 0.475136 0.613376
vt 0.475491 0.612423
vt 0.014747 0.609216
vt 0.476612 0.612447
vt 0.016282 0.610205
vt 0.360568 0.642700
vt 0.475950 0.613356
vt 0.479867 0.642150
vt 0.162613 0.608786
vt 0.164156 0.607635
vt 0.198693 0.617368
vt 0.165575 0.607595
vt 0.199072 0.618209
vt 0.481663 0.643020
vt 0.164547 0.608766
vt 0.478787 0.714859
vt 0.477716 0.716109
vt 0.477138 0.714422
vt 0.363869 0.714799
vt 0.363295 0.716473
vt 0.362224 0.715237
vt 0.363614 0.646247
vt 0.361945 0.645792
vt 0.363010 0.644559
vt 0.476866 0.645707
vt 0.477439 0.644033
vt 0.478511 0.645270
vt 0.360778 0.752098
vt 0.010681 0.686687
vt 0.000000 0.000000
vt 0.366983 0.765215
vt 0.014092 0.680606
vt 0.000000 0.000000
vt 0.910482 0.682676
vt 0.199511 0.644417
vt 0.607289 0.987666
vt 0.134894 0.694591
vt 0.910634 0.688215
vt 0.185258 0.645374
vt 0.911044 0.703327
vt 0.147953 0.645858
vt 0.569703 0.987980
vt 0.145729 0.697282
vt 0.010152 0.812489
vt 0.345446 0.689210
vt 0.000000 0.000000
vt 0.014761 0.800511
vt 0.341353 0.682150
vt 0.912681 0.763357
vt 0.369067 0.831135
vt 0.010635 0.646487
vt 0.368415 0.816147
vt 0.010642 0.654556
vt 0.911193 0.708865
vt 0.135076 0.646388
vt 0.011068 0.738059
vt 0.908999 0.628171
vt 0.344775 0.642205
vt 0.011734 0.752508
vt 0.344916 0.651628
vt 0.360008 0.735711
vt 0.976918 0.984572
vt 0.010691 0.694744
vt 0.371337 0.803512
vt 0.014069 0.660634
vt 0.429694 0.989152
vt 0.200030 0.700500
vt 0.467246 0.988838
vt 0.184655 0.699903
vt 0.008742 0.827264
vt 0.060039 0.992247
vt 0.345568 0.698647
vt 0.015635 0.764376
vt 0.341029 0.658794
vt 0.341353 0.682150
vt 0.000000 0.000000
vt 0.010635 0.646487
vt 0.010642 0.654556
vt 0.135076 0.646388
vt 0.344775 0.642205
vt 0.344916 0.651628
vt 0.010691 0.694744
vt 0.000000 0.000000
vt 0.000000 0.000000
vt 0.014069 0.660634
vt 0.200030 0.700500
vt 0.184655 0.699903
vt 0.345568 0.698647
vt 0.000000 0.000000
vt 0.341029 0.658794
vt 0.000000 0.000000
vt 0.000000 0.000000
vt 0.592718 0.412254
vt 0.033263 0.752342
vt 0.034430 0.753496
vt 0.974550 0.389985
vt 0.597819 0.412239
vt 0.979934 0.389978
vt 0.033849 0.753344
vt 0.595269 0.412247
vt 0.033422 0.752921
vt 0.584589 0.425615
vt 0.587254 0.425262
vt 0.971293 0.375913
vt 0.589690 0.425599
vt 0.965909 0.375920
vt 0.052517 0.008915
vt 0.156656 0.751651
vt 0.407664 0.390735
vt 0.047045 0.008882
vt 0.156504 0.752232
vt 0.410356 0.390732
vt 0.156081 0.752660
vt 0.413048 0.390728
vt 0.155502 0.752818
vt 0.421652 0.376641
vt 0.418839 0.377008
vt 0.055720 0.023243
vt 0.416268 0.376648
vt 0.061193 0.023276
vt 0.058196 0.413857
vt 0.032738 0.630689
vt 0.402486 0.765300
vt 0.055645 0.413865
vt 0.033160 0.630262
vt 0.033740 0.630103
vt 0.407494 0.765332
vt 0.060746 0.413849
vt 0.032586 0.631270
vt 0.415597 0.752288
vt 0.410589 0.752257
vt 0.063854 0.427176
vt 0.066290 0.426811
vt 0.068955 0.427161
vt 0.628695 0.012475
vt 0.934821 0.768663
vt 0.155393 0.629578
vt 0.625959 0.012458
vt 0.155820 0.630000
vt 0.623223 0.012441
vt 0.155979 0.630580
vt 0.929812 0.768631
vt 0.154811 0.629425
vt 0.614371 0.026694
vt 0.617233 0.026342
vt 0.926883 0.755518
vt 0.619843 0.026728
vt 0.921874 0.755487
vt 0.071811 0.430003
vt 0.069049 0.429662
vt 0.413402 0.749475
vt 0.066710 0.430019
vt 0.418411 0.749507
vt 0.581750 0.428475
vt 0.584502 0.428117
vt 0.968284 0.372907
vt 0.586851 0.428459
vt 0.962900 0.372915
vt 0.573621 0.441835
vt 0.576292 0.441471
vt 0.959643 0.358843
vt 0.578722 0.441820
vt 0.954259 0.358850
vt 0.426514 0.736463
vt 0.421506 0.736432
vt 0.074919 0.443330
vt 0.077355 0.442966
vt 0.080020 0.443315
vt 0.424653 0.373627
vt 0.421748 0.374000
vt 0.058756 0.026320
vt 0.419269 0.373634
vt 0.064228 0.026354
vt 0.433256 0.359539
vt 0.430436 0.359919
vt 0.067431 0.040681
vt 0.427873 0.359547
vt 0.072903 0.040715
vt 0.611297 0.029734
vt 0.614253 0.029377
vt 0.924105 0.752701
vt 0.616770 0.029768
vt 0.919097 0.752670
vt 0.602445 0.043987
vt 0.605314 0.043623
vt 0.916167 0.739557
vt 0.607918 0.044021
vt 0.911159 0.739525
vt 0.082881 0.446158
vt 0.080116 0.445816
vt 0.424319 0.733650
vt 0.077775 0.446173
vt 0.429327 0.733681
vt 0.570783 0.444695
vt 0.573535 0.444336
vt 0.956634 0.355837
vt 0.575884 0.444679
vt 0.951250 0.355844
vt 0.562654 0.458055
vt 0.565325 0.457691
vt 0.947993 0.341772
vt 0.567755 0.458040
vt 0.942609 0.341779
vt 0.437431 0.720638
vt 0.432422 0.720606
vt 0.085983 0.459484
vt 0.088419 0.459120
vt 0.091084 0.459469
vt 0.436258 0.356526
vt 0.433352 0.356900
vt 0.070467 0.043759
vt 0.430874 0.356533
vt 0.075945 0.043793
vt 0.444861 0.342438
vt 0.442041 0.342818
vt 0.079142 0.058120
vt 0.439477 0.342445
vt 0.084614 0.058154
vt 0.599372 0.047027
vt 0.602328 0.046669
vt 0.913390 0.736740
vt 0.604844 0.047061
vt 0.908381 0.736708
vt 0.590520 0.061280
vt 0.593389 0.060915
vt 0.905452 0.723595
vt 0.595992 0.061313
vt 0.900443 0.723564
vt 0.093946 0.462312
vt 0.000000 0.000000
vt 0.091181 0.461970
vt 0.000000 0.000000
vt 0.435235 0.717825
vt 0.088839 0.462327
vt 0.000000 0.000000
vt 0.440244 0.717856
vt 0.000000 0.000000
vt 0.559816 0.460915
vt 0.000000 0.000000
vt 0.562568 0.460556
vt 0.000000 0.000000
vt 0.944984 0.338767
vt 0.564917 0.460900
vt 0.000000 0.000000
vt 0.939600 0.338774
vt 0.000000 0.000000
vt 0.551687 0.474275
vt 0.554358 0.473911
vt 0.936342 0.324702
vt 0.556787 0.474260
vt 0.930958 0.324709
vt 0.448347 0.704813
vt 0.443339 0.704781
vt 0.097048 0.475639
vt 0.099484 0.475275
vt 0.102149 0.475623
vt 0.447863 0.339425
vt 0.000000 0.000000
vt 0.444957 0.339799
vt 0.000000 0.000000
vt 0.082177 0.061198
vt 0.442479 0.339432
vt 0.000000 0.000000
vt 0.087656 0.061232
vt 0.000000 0.000000
vt 0.456466 0.325337
vt 0.453646 0.325717
vt 0.090853 0.075559
vt 0.451082 0.325344
vt 0.096325 0.075593
vt 0.587447 0.064319
vt 0.000000 0.000000
vt 0.590403 0.063962
vt 0.000000 0.000000
vt 0.902674 0.720778
vt 0.592919 0.064353
vt 0.000000 0.000000
vt 0.897666 0.720746
vt 0.000000 0.000000
vt 0.578595 0.078572
vt 0.581464 0.078208
vt 0.894736 0.707633
vt 0.584067 0.078606
vt 0.889728 0.707602
vt 0.105004 0.478466
vt 0.102242 0.478124
vt 0.446152 0.702000
vt 0.099904 0.478481
vt 0.451160 0.702031
vt 0.548848 0.477135
vt 0.551600 0.476776
vt 0.933333 0.321696
vt 0.553949 0.477120
vt 0.927949 0.321704
vt 0.540719 0.490495
vt 0.543390 0.490131
vt 0.924692 0.307632
vt 0.545820 0.490480
vt 0.919309 0.307639
vt 0.459263 0.688988
vt 0.454255 0.688956
vt 0.108113 0.491793
vt 0.110548 0.491429
vt 0.113214 0.491777
vt 0.459468 0.322324
vt 0.456562 0.322698
vt 0.093888 0.078637
vt 0.454084 0.322331
vt 0.099367 0.078670
vt 0.468071 0.308236
vt 0.465251 0.308616
vt 0.102564 0.092998
vt 0.462687 0.308243
vt 0.108036 0.093031
vt 0.575521 0.081612
vt 0.578477 0.081254
vt 0.891958 0.704816
vt 0.580993 0.081646
vt 0.886950 0.704785
vt 0.566669 0.095865
vt 0.569538 0.095501
vt 0.884020 0.691671
vt 0.572141 0.095899
vt 0.879012 0.691640
vt 0.116075 0.494620
vt 0.113310 0.494278
vt 0.457069 0.686175
vt 0.110968 0.494635
vt 0.462077 0.686206
vt 0.537881 0.493355
vt 0.540633 0.492996
vt 0.921683 0.304626
vt 0.542982 0.493340
vt 0.916299 0.304633
vt 0.529752 0.506716
vt 0.532423 0.506352
vt 0.913042 0.290561
vt 0.534853 0.506701
vt 0.907658 0.290568
vt 0.470180 0.673163
vt 0.465172 0.673131
vt 0.119177 0.507947
vt 0.121613 0.507583
vt 0.124278 0.507931
vt 0.471072 0.305223
vt 0.468167 0.305597
vt 0.105599 0.096075
vt 0.465688 0.305230
vt 0.111078 0.096109
vt 0.479676 0.291135
vt 0.476856 0.291515
vt 0.114274 0.110436
vt 0.474292 0.291142
vt 0.119747 0.110470
vt 0.563596 0.098905
vt 0.566552 0.098547
vt 0.881242 0.688854
vt 0.569068 0.098939
vt 0.876228 0.688823
vt 0.554744 0.113158
vt 0.557613 0.112793
vt 0.873304 0.675710
vt 0.560216 0.113192
vt 0.868296 0.675678
vt 0.127134 0.510774
vt 0.124372 0.510432
vt 0.467985 0.670349
vt 0.122033 0.510789
vt 0.472993 0.670381
vt 0.526913 0.509575
vt 0.529665 0.509217
vt 0.910033 0.287556
vt 0.532014 0.509560
vt 0.904649 0.287563
vt 0.518784 0.522936
vt 0.521456 0.522573
vt 0.901392 0.273491
vt 0.523885 0.522921
vt 0.896008 0.273498
vt 0.481097 0.657338
vt 0.476088 0.657306
vt 0.130242 0.524101
vt 0.132677 0.523738
vt 0.135343 0.524086
vt 0.482677 0.288121
vt 0.479772 0.288495
vt 0.117310 0.113514
vt 0.477293 0.288129
vt 0.122782 0.113548
vt 0.491281 0.274034
vt 0.488461 0.274412
vt 0.125985 0.127875
vt 0.485897 0.274041
vt 0.131457 0.127909
vt 0.551670 0.116198
vt 0.554626 0.115840
vt 0.870527 0.672893
vt 0.557142 0.116232
vt 0.865518 0.672861
vt 0.542818 0.130450
vt 0.545688 0.130087
vt 0.862589 0.659748
vt 0.548290 0.130484
vt 0.857580 0.659716
vt 0.138198 0.526978
vt 0.135440 0.526638
vt 0.478902 0.654475
vt 0.133098 0.526994
vt 0.483910 0.654507
vt 0.515946 0.525846
vt 0.518695 0.525488
vt 0.898383 0.270432
vt 0.521046 0.525831
vt 0.892999 0.270439
vt 0.507817 0.539206
vt 0.510488 0.538842
vt 0.889742 0.256368
vt 0.512918 0.539191
vt 0.884358 0.256375
vt 0.492013 0.641463
vt 0.487005 0.641432
vt 0.141306 0.540305
vt 0.143742 0.539941
vt 0.146407 0.540290
vt 0.494282 0.270967
vt 0.491380 0.271340
vt 0.129020 0.131007
vt 0.488898 0.270975
vt 0.134492 0.131040
vt 0.502886 0.256880
vt 0.500066 0.257260
vt 0.137696 0.145368
vt 0.497502 0.256887
vt 0.143168 0.145402
vt 0.539745 0.133544
vt 0.542697 0.133187
vt 0.859811 0.656882
vt 0.545217 0.133578
vt 0.854803 0.656850
vt 0.530893 0.147797
vt 0.533762 0.147433
vt 0.851873 0.643737
vt 0.536365 0.147831
vt 0.846865 0.643705
vt 0.149263 0.543133
vt 0.146501 0.542791
vt 0.489818 0.638650
vt 0.144162 0.543148
vt 0.494827 0.638682
vt 0.504979 0.542066
vt 0.507731 0.541707
vt 0.886733 0.253362
vt 0.510079 0.542051
vt 0.881349 0.253369
vt 0.496849 0.555426
vt 0.499521 0.555062
vt 0.878092 0.239297
vt 0.501950 0.555411
vt 0.872708 0.239304
vt 0.502930 0.625638
vt 0.497922 0.625607
vt 0.152371 0.556459
vt 0.154806 0.556095
vt 0.157472 0.556444
vt 0.505887 0.253866
vt 0.502981 0.254240
vt 0.140731 0.148446
vt 0.500503 0.253874
vt 0.146203 0.148479
vt 0.514490 0.239779
vt 0.511671 0.240158
vt 0.149407 0.162807
vt 0.509107 0.239786
vt 0.154879 0.162840
vt 0.527819 0.150837
vt 0.530775 0.150479
vt 0.849096 0.640920
vt 0.533291 0.150871
vt 0.844087 0.640888
vt 0.518967 0.165090
vt 0.521836 0.164725
vt 0.841158 0.627775
vt 0.524440 0.165124
vt 0.836150 0.627744
vt 0.160327 0.559287
vt 0.157565 0.558945
vt 0.500735 0.622825
vt 0.155226 0.559302
vt 0.505743 0.622857
vt 0.494011 0.558286
vt 0.496763 0.557927
vt 0.875083 0.236292
vt 0.499112 0.558271
vt 0.869699 0.236299
vt 0.485882 0.571647
vt 0.488554 0.571284
vt 0.866442 0.222227
vt 0.490983 0.571631
vt 0.861058 0.222234
vt 0.513846 0.609813
vt 0.508838 0.609782
vt 0.163435 0.572613
vt 0.165870 0.572250
vt 0.168536 0.572598
vt 0.517492 0.236765
vt 0.514586 0.237139
vt 0.152442 0.165884
vt 0.512108 0.236772
vt 0.157914 0.165918
vt 0.526095 0.222678
vt 0.523275 0.223056
vt 0.161117 0.180245
vt 0.520712 0.222685
vt 0.166589 0.180279
vt 0.515894 0.168130
vt 0.518850 0.167772
vt 0.838380 0.624958
vt 0.521366 0.168163
vt 0.833368 0.624927
vt 0.507042 0.182382
vt 0.509911 0.182019
vt 0.830442 0.611814
vt 0.512514 0.182416
vt 0.825434 0.611782
vt 0.171394 0.575491
vt 0.168635 0.575150
vt 0.511652 0.606951
vt 0.166291 0.575506
vt 0.516660 0.606982
vt 0.483044 0.574556
vt 0.485793 0.574199
vt 0.863432 0.219169
vt 0.488144 0.574541
vt 0.858049 0.219176
vt 0.474914 0.587917
vt 0.477585 0.587553
vt 0.854791 0.205103
vt 0.480015 0.587902
vt 0.849407 0.205110
vt 0.524764 0.593939
vt 0.519755 0.593907
vt 0.174500 0.588818
vt 0.176936 0.588454
vt 0.179601 0.588803
vt 0.529096 0.219611
vt 0.526194 0.219984
vt 0.164152 0.183377
vt 0.523713 0.219618
vt 0.169624 0.183411
vt 0.537701 0.205523
vt 0.534881 0.205903
vt 0.172828 0.197739
vt 0.532317 0.205530
vt 0.178301 0.197772
vt 0.503968 0.185476
vt 0.506921 0.185119
vt 0.827665 0.608947
vt 0.509440 0.185510
vt 0.822654 0.608916
vt 0.495116 0.199730
vt 0.497985 0.199365
vt 0.819727 0.595802
vt 0.500588 0.199763
vt 0.814718 0.595771
vt 0.182457 0.591645
vt 0.179695 0.591303
vt 0.522568 0.591125
vt 0.177356 0.591661
vt 0.527576 0.591157
vt 0.472076 0.590777
vt 0.474828 0.590418
vt 0.851782 0.202097
vt 0.477177 0.590762
vt 0.846398 0.202105
vt 0.463948 0.604137
vt 0.466619 0.603773
vt 0.843141 0.188033
vt 0.469048 0.604122
vt 0.837757 0.188040
vt 0.535680 0.578114
vt 0.530672 0.578082
vt 0.185564 0.604972
vt 0.188000 0.604608
vt 0.190665 0.604957
vt 0.540702 0.202510
vt 0.537796 0.202883
vt 0.175864 0.200816
vt 0.535318 0.202517
vt 0.181336 0.200850
vt 0.549305 0.188422
vt 0.546485 0.188802
vt 0.184538 0.215177
vt 0.543921 0.188429
vt 0.190010 0.215211
vt 0.492043 0.202769
vt 0.494999 0.202412
vt 0.816949 0.592985
vt 0.497515 0.202803
vt 0.811938 0.592954
vt 0.483191 0.217022
vt 0.486060 0.216658
vt 0.809011 0.579841
vt 0.488663 0.217056
vt 0.804003 0.579809
vt 0.193521 0.607799
vt 0.190759 0.607457
vt 0.533484 0.575300
vt 0.188420 0.607815
vt 0.538493 0.575332
vt 0.461109 0.606997
vt 0.463861 0.606638
vt 0.840132 0.185028
vt 0.466210 0.606982
vt 0.834748 0.185035
vt 0.452980 0.620358
vt 0.455651 0.619993
vt 0.831491 0.170963
vt 0.458080 0.620342
vt 0.826107 0.170970
vt 0.546596 0.562289
vt 0.541588 0.562257
vt 0.196629 0.621126
vt 0.199064 0.620762
vt 0.201730 0.621111
vt 0.552306 0.185409
vt 0.549401 0.185783
vt 0.187574 0.218255
vt 0.546923 0.185416
vt 0.193046 0.218288
vt 0.560910 0.171321
vt 0.558090 0.171701
vt 0.196249 0.232616
vt 0.555526 0.171328
vt 0.201722 0.232650
vt 0.480118 0.220062
vt 0.483074 0.219704
vt 0.806233 0.577024
vt 0.485590 0.220096
vt 0.801225 0.576992
vt 0.471266 0.234315
vt 0.474135 0.233950
vt 0.798295 0.563879
vt 0.476738 0.234348
vt 0.793287 0.563847
vt 0.204587 0.623953
vt 0.201824 0.623611
vt 0.544401 0.559475
vt 0.199484 0.623968
vt 0.549410 0.559507
vt 0.450141 0.623217
vt 0.452893 0.622858
vt 0.828482 0.167957
vt 0.455242 0.623202
vt 0.823098 0.167964
vt 0.442012 0.636578
vt 0.444683 0.636214
vt 0.819841 0.153892
vt 0.447113 0.636562
vt 0.814457 0.153899
vt 0.557513 0.546463
vt 0.552505 0.546432
vt 0.207694 0.637280
vt 0.210129 0.636916
vt 0.212795 0.637265
vt 0.563911 0.168308
vt 0.561006 0.168682
vt 0.199285 0.235693
vt 0.558527 0.168315
vt 0.204757 0.235727
vt 0.572515 0.154220
vt 0.569695 0.154600
vt 0.207960 0.250055
vt 0.567131 0.154227
vt 0.213432 0.250088
vt 0.468192 0.237355
vt 0.471148 0.236997
vt 0.795518 0.561062
vt 0.473665 0.237388
vt 0.790510 0.561030
vt 0.459340 0.251608
vt 0.462209 0.251243
vt 0.787580 0.547917
vt 0.464812 0.251641
vt 0.782571 0.547885
vt 0.215650 0.640108
vt 0.212888 0.639766
vt 0.555318 0.543650
vt 0.210549 0.640123
vt 0.560326 0.543682
vt 0.439173 0.639437
vt 0.441925 0.639078
vt 0.816832 0.150887
vt 0.444274 0.639422
vt 0.811448 0.150894
vt 0.431045 0.652798
vt 0.433716 0.652433
vt 0.808191 0.136822
vt 0.436146 0.652782
vt 0.802807 0.136829
vt 0.568429 0.530639
vt 0.563421 0.530607
vt 0.218758 0.653434
vt 0.221193 0.653070
vt 0.223859 0.653419
vt 0.575516 0.151206
vt 0.572611 0.151580
vt 0.210996 0.253132
vt 0.570132 0.151213
vt 0.216470 0.253166
vt 0.584120 0.137119
vt 0.581300 0.137499
vt 0.219671 0.267493
vt 0.578736 0.137126
vt 0.225143 0.267527
vt 0.456267 0.254647
vt 0.459223 0.254290
vt 0.784802 0.545100
vt 0.461739 0.254681
vt 0.779794 0.545068
vt 0.447415 0.268900
vt 0.450284 0.268536
vt 0.776864 0.531955
vt 0.452887 0.268934
vt 0.771856 0.531924
vt 0.226716 0.656262
vt 0.223953 0.655920
vt 0.566234 0.527825
vt 0.221614 0.656277
vt 0.571242 0.527857
vt 0.428206 0.655657
vt 0.430958 0.655298
vt 0.805182 0.133817
vt 0.433307 0.655642
vt 0.799798 0.133824
vt 0.420077 0.669018
vt 0.422748 0.668654
vt 0.796540 0.119751
vt 0.425178 0.669003
vt 0.791156 0.119759
vt 0.579346 0.514813
vt 0.574338 0.514782
vt 0.229823 0.669588
vt 0.232259 0.669224
vt 0.234924 0.669573
vt 0.587121 0.134106
vt 0.584216 0.134480
vt 0.222706 0.270571
vt 0.581737 0.134113
vt 0.228179 0.270605
vt 0.595725 0.120017
vt 0.592905 0.120397
vt 0.231382 0.284933
vt 0.590342 0.120024
vt 0.236854 0.284966
vt 0.444341 0.271940
vt 0.447297 0.271582
vt 0.774086 0.529138
vt 0.449813 0.271974
vt 0.769078 0.529107
vt 0.435489 0.286194
vt 0.438358 0.285829
vt 0.766147 0.515993
vt 0.440961 0.286228
vt 0.761139 0.515961
vt 0.237781 0.672416
vt 0.235018 0.672074
vt 0.577151 0.512000
vt 0.232679 0.672431
vt 0.582159 0.512031
vt 0.417238 0.671878
vt 0.419990 0.671519
vt 0.793531 0.116746
vt 0.422339 0.671863
vt 0.788147 0.116753
vt 0.409110 0.685238
vt 0.411781 0.684874
vt 0.784891 0.102682
vt 0.414211 0.685223
vt 0.779507 0.102689
vt 0.590262 0.498988
vt 0.585254 0.498957
vt 0.240887 0.685743
vt 0.243323 0.685379
vt 0.245988 0.685727
vt 0.598727 0.117004
vt 0.595821 0.117378
vt 0.234418 0.288010
vt 0.593343 0.117011
vt 0.239890 0.288044
vt 0.607330 0.102917
vt 0.604510 0.103297
vt 0.243092 0.302371
vt 0.601946 0.102924
vt 0.248565 0.302404
vt 0.432415 0.289234
vt 0.435371 0.288876
vt 0.763370 0.513176
vt 0.437887 0.289267
vt 0.758362 0.513144
vt 0.423564 0.303486
vt 0.426433 0.303121
vt 0.755433 0.500032
vt 0.429036 0.303519
vt 0.750425 0.500001
vt 0.248844 0.688570
vt 0.246082 0.688228
vt 0.588068 0.496175
vt 0.243743 0.688585
vt 0.593076 0.496207
vt 0.406271 0.688098
vt 0.409024 0.687739
vt 0.781882 0.099676
vt 0.411372 0.688082
vt 0.776498 0.099683
vt 0.398142 0.701458
vt 0.400813 0.701094
vt 0.773240 0.085611
vt 0.403243 0.701443
vt 0.767856 0.085618
vt 0.601179 0.483163
vt 0.596171 0.483131
vt 0.251952 0.701897
vt 0.254388 0.701533
vt 0.257053 0.701882
vt 0.610331 0.099903
vt 0.607425 0.100277
vt 0.246128 0.305448
vt 0.604947 0.099910
vt 0.251600 0.305482
vt 0.618935 0.085815
vt 0.616115 0.086195
vt 0.254804 0.319810
vt 0.613551 0.085822
vt 0.260276 0.319844
vt 0.420491 0.306525
vt 0.423447 0.306167
vt 0.752655 0.497215
vt 0.425963 0.306559
vt 0.747646 0.497183
vt 0.411638 0.320779
vt 0.414507 0.320415
vt 0.744716 0.484070
vt 0.417110 0.320813
vt 0.739708 0.484038
vt 0.259908 0.704724
vt 0.257147 0.704382
vt 0.598984 0.480350
vt 0.254808 0.704739
vt 0.603992 0.480381
vt 0.395304 0.704318
vt 0.398056 0.703959
vt 0.770231 0.082606
vt 0.400404 0.704303
vt 0.764847 0.082613
vt 0.387175 0.717678
vt 0.389846 0.717314
vt 0.761590 0.068541
vt 0.392276 0.717663
vt 0.756206 0.068548
vt 0.612095 0.467339
vt 0.607087 0.467307
vt 0.263016 0.718050
vt 0.265451 0.717687
vt 0.268117 0.718035
vt 0.621936 0.082801
vt 0.619031 0.083175
vt 0.257840 0.322888
vt 0.616553 0.082809
vt 0.263312 0.322922
vt 0.630539 0.068715
vt 0.627719 0.069095
vt 0.266514 0.337247
vt 0.625155 0.068722
vt 0.271986 0.337281
vt 0.408565 0.323819
vt 0.411521 0.323461
vt 0.741939 0.481253
vt 0.414037 0.323853
vt 0.736930 0.481221
vt 0.399714 0.338071
vt 0.402583 0.337706
vt 0.734002 0.468109
vt 0.405186 0.338104
vt 0.728994 0.468078
vt 0.270972 0.720885
vt 0.268211 0.720543
vt 0.609900 0.464518
vt 0.265871 0.720900
vt 0.614908 0.464550
vt 0.384337 0.720545
vt 0.387088 0.720186
vt 0.758581 0.065528
vt 0.389437 0.720530
vt 0.753196 0.065535
vt 0.376207 0.733906
vt 0.378878 0.733542
vt 0.749940 0.051463
vt 0.381308 0.733891
vt 0.744556 0.051470
vt 0.623012 0.451506
vt 0.618004 0.451474
vt 0.274081 0.734212
vt 0.276517 0.733848
vt 0.279182 0.734197
vt 0.633540 0.065694
vt 0.630635 0.066068
vt 0.269549 0.340333
vt 0.628156 0.065701
vt 0.275021 0.340367
vt 0.642144 0.051606
vt 0.639324 0.051985
vt 0.278225 0.354695
vt 0.636760 0.051613
vt 0.283697 0.354729
vt 0.396640 0.341118
vt 0.399596 0.340760
vt 0.731224 0.465285
vt 0.402113 0.341152
vt 0.726215 0.465253
vt 0.387788 0.355372
vt 0.390657 0.355007
vt 0.723286 0.452140
vt 0.393260 0.355405
vt 0.718278 0.452108
vt 0.282038 0.737047
vt 0.279276 0.736705
vt 0.620817 0.448686
vt 0.276937 0.737062
vt 0.625825 0.448717
vt 0.373369 0.736773
vt 0.376120 0.736414
vt 0.746931 0.048450
vt 0.378469 0.736758
vt 0.741547 0.048457
vt 0.365241 0.750133
vt 0.367911 0.749770
vt 0.738290 0.034386
vt 0.370341 0.750118
vt 0.732906 0.034393
vt 0.633929 0.435673
vt 0.628921 0.435642
vt 0.285146 0.750374
vt 0.287582 0.750010
vt 0.290247 0.750359
vt 0.645145 0.048585
vt 0.642240 0.048958
vt 0.281261 0.357780
vt 0.639762 0.048592
vt 0.286733 0.357814
vt 0.653750 0.034497
vt 0.650930 0.034876
vt 0.289935 0.372142
vt 0.648366 0.034504
vt 0.295408 0.372175
vt 0.384714 0.358419
vt 0.387670 0.358062
vt 0.720508 0.449316
vt 0.390186 0.358453
vt 0.715500 0.449284
vt 0.375861 0.372673
vt 0.378730 0.372310
vt 0.712569 0.436170
vt 0.381334 0.372707
vt 0.707561 0.436139
vt 0.293103 0.753202
vt 0.290341 0.752860
vt 0.631734 0.432859
vt 0.288002 0.753217
vt 0.636742 0.432891
vt 0.362402 0.752993
vt 0.365151 0.752646
vt 0.735281 0.031380
vt 0.367503 0.752978
vt 0.729897 0.031387
vt 0.354270 0.766356
vt 0.942565 0.538321
vt 0.356821 0.766348
vt 0.942565 0.541512
vt 0.726639 0.017312
vt 0.359371 0.766340
vt 0.942565 0.544703
vt 0.936183 0.544703
vt 0.721255 0.017319
vt 0.936183 0.465676
vt 0.644845 0.419849
vt 0.639837 0.419817
vt 0.296210 0.766528
vt 0.942565 0.465676
vt 0.298760 0.766520
vt 0.942565 0.468867
vt 0.301310 0.766513
vt 0.942565 0.472058
vt 0.656751 0.031483
vt 0.653849 0.031845
vt 0.292971 0.375220
vt 0.651367 0.031490
vt 0.298443 0.375254
vt 0.665354 0.017393
vt 0.869918 0.544703
vt 0.662663 0.017397
vt 0.866728 0.544703
vt 0.301649 0.389582
vt 0.659971 0.017400
vt 0.863537 0.544703
vt 0.307121 0.389616
vt 0.863537 0.538321
vt 0.372788 0.375714
vt 0.375740 0.375368
vt 0.709791 0.433352
vt 0.378260 0.375748
vt 0.704783 0.433320
vt 0.363937 0.389966
vt 0.863537 0.472058
vt 0.366673 0.389982
vt 0.863537 0.468867
vt 0.701854 0.420209
vt 0.369409 0.389999
vt 0.863537 0.465676
vt 0.696846 0.420177
vt 0.869918 0.465676
vt 0.932625 0.469233
vt 0.936163 0.470012
vt 0.938334 0.472396
vt 0.939008 0.475616
vt 0.939008 0.534762
vt 0.938294 0.537958
vt 0.936005 0.540316
vt 0.932625 0.541145
vt 0.873477 0.541145
vt 0.870281 0.540431
vt 0.867923 0.538142
vt 0.867094 0.534762
vt 0.867094 0.475616
vt 0.867808 0.472421
vt 0.870097 0.470062
vt 0.873477 0.469233
vt 0.914095 0.465676
vt 0.662179 0.419958
vt 0.679512 0.420068
vt 0.892006 0.465676
vt 0.625121 0.578679
vt 0.714562 0.579244
vt 0.617709 0.610469
vt 0.721571 0.611126
vt 0.632532 0.546937
vt 0.707552 0.547411
vt 0.636238 0.531067
vt 0.704047 0.531496
vt 0.654767 0.451707
vt 0.686523 0.451907
vt 0.639944 0.515196
vt 0.700541 0.515578
vt 0.651061 0.467585
vt 0.690028 0.467832
vt 0.628826 0.562808
vt 0.711057 0.563328
vt 0.658473 0.435828
vt 0.683017 0.435984
vt 0.647355 0.483455
vt 0.693532 0.483746
vt 0.621415 0.594550
vt 0.718067 0.595160
vt 0.584356 0.753354
vt 0.753115 0.754421
vt 0.588062 0.737484
vt 0.749611 0.738504
vt 0.591768 0.721613
vt 0.746106 0.722589
vt 0.595474 0.705743
vt 0.742601 0.706672
vt 0.599179 0.689872
vt 0.739096 0.690756
vt 0.602885 0.674001
vt 0.735591 0.674840
vt 0.606591 0.658131
vt 0.732086 0.658923
vt 0.610297 0.642210
vt 0.728581 0.642958
vt 0.643650 0.499326
vt 0.697037 0.499663
vt 0.614003 0.626340
vt 0.725077 0.627042
vt 0.912909 0.469233
vt 0.893193 0.469233
vt 0.074097 0.629877
vt 0.581600 0.766432
vt 0.114454 0.629651
vt 0.755706 0.767531
vt 0.585306 0.750561
vt 0.752202 0.751616
vt 0.589012 0.734690
vt 0.748696 0.735699
vt 0.592718 0.718819
vt 0.000000 0.000000
vt 0.745192 0.719783
vt 0.000000 0.000000
vt 0.596423 0.702949
vt 0.741687 0.703867
vt 0.618658 0.607627
vt 0.720656 0.608271
vt 0.600127 0.687078
vt 0.738178 0.687951
vt 0.603835 0.671208
vt 0.734676 0.672034
vt 0.607541 0.655288
vt 0.731172 0.656069
vt 0.611247 0.639417
vt 0.727667 0.640153
vt 0.629777 0.560015
vt 0.710143 0.560522
vt 0.644599 0.496532
vt 0.696123 0.496858
vt 0.648305 0.480661
vt 0.692617 0.480941
vt 0.652010 0.464784
vt 0.689113 0.465019
vt 0.655717 0.448906
vt 0.685608 0.449095
vt 0.659422 0.433034
vt 0.682103 0.433177
vt 0.633482 0.544144
vt 0.706638 0.544606
vt 0.614951 0.623547
vt 0.724160 0.624237
vt 0.622363 0.591756
vt 0.717151 0.592355
vt 0.626070 0.575885
vt 0.713648 0.576439
vt 0.637187 0.528274
vt 0.703133 0.528690
vt 0.640893 0.512402
vt 0.699628 0.512773
vt 0.783484 0.373152
vt 0.604069 0.373390
vt 0.779586 0.356071
vt 0.607922 0.356299
vt 0.775688 0.338991
vt 0.000000 0.000000
vt 0.611775 0.339208
vt 0.000000 0.000000
vt 0.771789 0.321911
vt 0.615628 0.322117
vt 0.767890 0.304830
vt 0.619481 0.305026
vt 0.763992 0.287749
vt 0.623334 0.287935
vt 0.760093 0.270615
vt 0.627188 0.270791
vt 0.756195 0.253535
vt 0.631041 0.253700
vt 0.784490 0.376160
vt 0.603071 0.376401
vt 0.721109 0.099756
vt 0.665720 0.099830
vt 0.717210 0.082676
vt 0.669573 0.082738
vt 0.713311 0.065588
vt 0.673425 0.065641
vt 0.709413 0.048500
vt 0.677279 0.048542
vt 0.705515 0.031419
vt 0.681133 0.031451
vt 0.912909 0.541145
vt 0.893193 0.541145
vt 0.752297 0.236454
vt 0.634894 0.236610
vt 0.748398 0.219321
vt 0.638747 0.219466
vt 0.744499 0.202240
vt 0.642601 0.202375
vt 0.740601 0.185160
vt 0.646453 0.185284
vt 0.736702 0.168079
vt 0.650307 0.168193
vt 0.732804 0.150998
vt 0.654160 0.151102
vt 0.728906 0.133918
vt 0.658013 0.134012
vt 0.725007 0.116837
vt 0.661867 0.116920
vt 0.074787 0.753270
vt 0.787383 0.390233
vt 0.115145 0.753044
vt 0.600215 0.390480
vt 0.780591 0.359080
vt 0.606924 0.359309
vt 0.776693 0.341999
vt 0.610777 0.342218
vt 0.772794 0.324918
vt 0.614630 0.325128
vt 0.768896 0.307838
vt 0.618484 0.308037
vt 0.764997 0.290757
vt 0.622337 0.290946
vt 0.761099 0.273677
vt 0.626190 0.273855
vt 0.757201 0.256543
vt 0.630043 0.256712
vt 0.753302 0.239462
vt 0.633896 0.239621
vt 0.718216 0.085684
vt 0.668575 0.085749
vt 0.714317 0.068604
vt 0.672428 0.068659
vt 0.710419 0.051515
vt 0.676281 0.051561
vt 0.706521 0.034428
vt 0.680135 0.034462
vt 0.702621 0.017344
vt 0.914095 0.544703
vt 0.892006 0.544703
vt 0.683988 0.017368
vt 0.749404 0.222382
vt 0.637749 0.222530
vt 0.745505 0.205248
vt 0.641603 0.205385
vt 0.741606 0.188167
vt 0.645456 0.188295
vt 0.737708 0.171087
vt 0.649309 0.171204
vt 0.733810 0.154006
vt 0.653162 0.154113
vt 0.729911 0.136926
vt 0.657016 0.137022
vt 0.726012 0.119845
vt 0.660869 0.119931
vt 0.722115 0.102765
vt 0.664722 0.102841
vt 0.667956 0.419995
vt 0.906732 0.465676
vt 0.673734 0.420031
vt 0.899369 0.465676
vt 0.654935 0.578867
vt 0.684748 0.579056
vt 0.652330 0.610688
vt 0.686950 0.610907
vt 0.657539 0.547095
vt 0.682545 0.547253
vt 0.658841 0.531210
vt 0.681444 0.531353
vt 0.665352 0.451774
vt 0.675938 0.451840
vt 0.660143 0.515323
vt 0.680342 0.515451
vt 0.664050 0.467667
vt 0.677039 0.467750
vt 0.656236 0.562981
vt 0.683647 0.563155
vt 0.666654 0.435880
vt 0.674836 0.435932
vt 0.662747 0.483552
vt 0.678140 0.483649
vt 0.653632 0.594753
vt 0.685850 0.594957
vt 0.640609 0.753710
vt 0.696862 0.754065
vt 0.641912 0.737824
vt 0.695761 0.738164
vt 0.643214 0.721938
vt 0.694660 0.722264
vt 0.644516 0.706053
vt 0.693559 0.706362
vt 0.645818 0.690167
vt 0.692457 0.690461
vt 0.647120 0.674281
vt 0.691356 0.674560
vt 0.648423 0.658395
vt 0.690254 0.658659
vt 0.649725 0.642459
vt 0.689153 0.642709
vt 0.661446 0.499438
vt 0.679241 0.499551
vt 0.651028 0.626574
vt 0.688052 0.626808
vt 0.906337 0.469233
vt 0.899765 0.469233
vt 0.087549 0.629802
vt 0.639635 0.766798
vt 0.101002 0.629726
vt 0.697671 0.767165
vt 0.640938 0.750913
vt 0.696570 0.751264
vt 0.642240 0.735026
vt 0.695468 0.735363
vt 0.643543 0.719140
vt 0.000000 0.000000
vt 0.694367 0.719462
vt 0.000000 0.000000
vt 0.644844 0.703255
vt 0.693266 0.703561
vt 0.652657 0.607842
vt 0.686657 0.608056
vt 0.646144 0.687369
vt 0.692161 0.687660
vt 0.647448 0.671483
vt 0.691062 0.671759
vt 0.648751 0.655548
vt 0.689962 0.655809
vt 0.650054 0.639662
vt 0.688860 0.639907
vt 0.656566 0.560184
vt 0.683354 0.560353
vt 0.661774 0.496641
vt 0.678948 0.496749
vt 0.663076 0.480754
vt 0.677846 0.480848
vt 0.664378 0.464862
vt 0.676745 0.464941
vt 0.665681 0.448969
vt 0.675644 0.449032
vt 0.666982 0.433082
vt 0.674543 0.433129
vt 0.657867 0.544298
vt 0.682253 0.544452
vt 0.651354 0.623777
vt 0.687757 0.624007
vt 0.653959 0.591956
vt 0.685555 0.592155
vt 0.655263 0.576070
vt 0.684455 0.576254
vt 0.659169 0.528413
vt 0.681151 0.528551
vt 0.660471 0.512526
vt 0.680050 0.512649
vt 0.723679 0.373231
vt 0.663874 0.373311
vt 0.722365 0.356147
vt 0.665143 0.356223
vt 0.721050 0.339063
vt 0.000000 0.000000
vt 0.666413 0.339136
vt 0.000000 0.000000
vt 0.719735 0.321980
vt 0.667682 0.322048
vt 0.718420 0.304895
vt 0.668951 0.304961
vt 0.717106 0.287811
vt 0.670220 0.287873
vt 0.715791 0.270674
vt 0.671490 0.270732
vt 0.714477 0.253590
vt 0.672759 0.253645
vt 0.724017 0.376240
vt 0.663544 0.376321
vt 0.702646 0.099781
vt 0.684183 0.099805
vt 0.701331 0.082697
vt 0.685452 0.082717
vt 0.700015 0.065606
vt 0.686720 0.065623
vt 0.698702 0.048514
vt 0.687990 0.048528
vt 0.697388 0.031430
vt 0.689260 0.031440
vt 0.906337 0.541145
vt 0.899765 0.541145
vt 0.713163 0.236506
vt 0.674028 0.236558
vt 0.711848 0.219369
vt 0.675297 0.219418
vt 0.710533 0.202285
vt 0.676567 0.202330
vt 0.709218 0.185201
vt 0.677836 0.185243
vt 0.707904 0.168117
vt 0.679105 0.168155
vt 0.706589 0.151033
vt 0.680375 0.151067
vt 0.705275 0.133949
vt 0.681644 0.133981
vt 0.703960 0.116865
vt 0.682914 0.116892
vt 0.088240 0.753195
vt 0.724993 0.390315
vt 0.101692 0.753119
vt 0.662604 0.390398
vt 0.722702 0.359156
vt 0.664813 0.359233
vt 0.721388 0.342072
vt 0.666082 0.342145
vt 0.720073 0.324988
vt 0.667351 0.325058
vt 0.718759 0.307904
vt 0.668621 0.307971
vt 0.717444 0.290820
vt 0.669890 0.290883
vt 0.716129 0.273736
vt 0.671160 0.273796
vt 0.714815 0.256599
vt 0.672429 0.256656
vt 0.713500 0.239515
vt 0.673698 0.239568
vt 0.701669 0.085706
vt 0.685122 0.085727
vt 0.700354 0.068622
vt 0.686391 0.068641
vt 0.699040 0.051530
vt 0.687660 0.051546
vt 0.697726 0.034439
vt 0.688930 0.034451
vt 0.696410 0.017352
vt 0.906732 0.544703
vt 0.690199 0.017360
vt 0.899369 0.544703
vt 0.712186 0.222431
vt 0.674967 0.222481
vt 0.710871 0.205294
vt 0.676237 0.205339
vt 0.709556 0.188210
vt 0.677506 0.188252
vt 0.708242 0.171126
vt 0.678775 0.171165
vt 0.706927 0.154042
vt 0.680045 0.154077
vt 0.705613 0.136958
vt 0.681314 0.136990
vt 0.704298 0.119874
vt 0.682583 0.119902
vt 0.702984 0.102790
vt 0.683853 0.102816
s 0
usemtl lambert4SG
f 1/1/1 2/2/1 4/5/1 3/4/1
f 41/61/2 42/62/2 43/63/2 44/64/2
f 5/7/3 6/8/3 8/10/3 7/9/3
f 2/3/4 8/10/4 6/8/4 4/6/4
f 7/9/5 1/1/5 3/4/5 5/7/5
f 3/4/6 4/5/6 10/12/6 9/11/6
f 4/6/7 6/8/7 11/14/7 10/13/7
f 6/8/8 5/7/8 12/15/8 11/14/8
f 5/7/9 3/4/9 9/11/9 12/15/9
f 9/11/1 10/12/1 50/72/1 51/73/1
f 10/13/4 11/14/4 49/70/4 50/71/4
f 11/14/3 12/15/3 52/74/3 49/70/3
f 12/15/5 9/11/5 51/73/5 52/74/5
f 13/16/10 14/18/10 18/22/10 17/21/10
f 14/17/11 15/19/11 19/24/11 18/23/11
f 15/19/12 16/20/12 20/25/12 19/24/12
f 16/20/13 13/16/13 17/21/13 20/25/13
f 17/21/1 18/22/1 66/92/1 67/93/1
f 18/23/4 19/24/4 65/90/4 66/91/4
f 19/24/3 20/25/3 68/94/3 65/90/3
f 20/25/5 17/21/5 67/93/5 68/94/5
f 21/26/14 22/28/14 26/32/14 25/31/14
f 22/27/15 23/29/15 27/34/15 26/33/15
f 23/29/16 24/30/16 28/35/16 27/34/16
f 24/30/17 21/26/17 25/31/17 28/35/17
f 25/31/18 26/32/18 30/39/18 29/36/18
f 26/33/19 27/34/19 31/43/19 30/40/19
f 27/34/20 28/35/20 32/46/20 31/43/20
f 28/35/21 25/31/21 29/36/21 32/46/21
f 29/37/22 30/41/22 34/51/22 33/49/22
f 30/42/23 31/44/23 35/53/23 34/52/23
f 31/45/24 32/47/24 36/55/24 35/54/24
f 32/48/25 29/38/25 33/50/25 36/56/25
f 33/49/1 34/51/1 38/58/1 37/57/1
f 34/52/4 35/53/4 39/59/4 38/58/4
f 35/54/3 36/55/3 40/60/3 39/59/3
f 36/56/5 33/50/5 37/57/5 40/60/5
f 37/57/26 38/58/26 42/62/26 41/61/26
f 38/58/27 39/59/27 43/63/27 42/62/27
f 39/59/28 40/60/28 44/64/28 43/63/28
f 40/60/29 37/57/29 41/61/29 44/64/29
f 46/66/4 45/65/4 15/19/4 14/17/4
f 47/68/1 46/67/1 14/18/1 13/16/1
f 48/69/5 47/68/5 13/16/5 16/20/5
f 45/65/3 48/69/3 16/20/3 15/19/3
f 54/76/4 53/75/4 55/78/4 56/79/4
f 57/81/1 54/77/1 56/80/1 58/82/1
f 59/83/5 57/81/5 58/82/5 60/84/5
f 53/75/3 59/83/3 60/84/3 55/78/3
f 50/71/30 49/70/30 53/75/30 54/76/30
f 45/65/31 46/66/31 56/79/31 55/78/31
f 51/73/32 50/72/32 54/77/32 57/81/32
f 46/67/33 47/68/33 58/82/33 56/80/33
f 52/74/34 51/73/34 57/81/34 59/83/34
f 47/68/35 48/69/35 60/84/35 58/82/35
f 49/70/36 52/74/36 59/83/36 53/75/36
f 48/69/37 45/65/37 55/78/37 60/84/37
f 62/86/4 61/85/4 23/29/4 22/27/4
f 63/88/1 62/87/1 22/28/1 21/26/1
f 64/89/5 63/88/5 21/26/5 24/30/5
f 61/85/3 64/89/3 24/30/3 23/29/3
f 70/96/4 69/95/4 71/98/4 72/99/4
f 73/101/1 70/97/1 72/100/1 74/102/1
f 75/103/5 73/101/5 74/102/5 76/104/5
f 69/95/3 75/103/3 76/104/3 71/98/3
f 66/91/38 65/90/38 69/95/38 70/96/38
f 61/85/39 62/86/39 72/99/39 71/98/39
f 67/93/40 66/92/40 70/97/40 73/101/40
f 62/87/41 63/88/41 74/102/41 72/100/41
f 68/94/42 67/93/42 73/101/42 75/103/42
f 63/88/43 64/89/43 76/104/43 74/102/43
f 65/90/44 68/94/44 75/103/44 69/95/44
f 64/89/45 61/85/45 71/98/45 76/104/45
f 77/105/1 78/106/1 80/109/1 79/108/1
f 117/165/2 118/166/2 119/167/2 120/168/2
f 81/111/3 82/112/3 84/114/3 83/113/3
f 78/107/4 84/114/4 82/112/4 80/110/4
f 83/113/5 77/105/5 79/108/5 81/111/5
f 79/108/6 80/109/6 86/116/6 85/115/6
f 80/110/7 82/112/7 87/118/7 86/117/7
f 82/112/8 81/111/8 88/119/8 87/118/8
f 81/111/9 79/108/9 85/115/9 88/119/9
f 85/115/1 86/116/1 126/176/1 127/177/1
f 86/117/4 87/118/4 125/174/4 126/175/4
f 87/118/3 88/119/3 128/178/3 125/174/3
f 88/119/5 85/115/5 127/177/5 128/178/5
f 89/120/10 90/122/10 94/126/10 93/125/10
f 90/121/11 91/123/11 95/128/11 94/127/11
f 91/123/12 92/124/12 96/129/12 95/128/12
f 92/124/13 89/120/13 93/125/13 96/129/13
f 93/125/1 94/126/1 142/196/1 143/197/1
f 94/127/4 95/128/4 141/194/4 142/195/4
f 95/128/3 96/129/3 144/198/3 141/194/3
f 96/129/5 93/125/5 143/197/5 144/198/5
f 97/130/14 98/132/14 102/136/14 101/135/14
f 98/131/15 99/133/15 103/138/15 102/137/15
f 99/133/16 100/134/16 104/139/16 103/138/16
f 100/134/17 97/130/17 101/135/17 104/139/17
f 101/135/18 102/136/18 106/143/18 105/140/18
f 102/137/19 103/138/19 107/147/19 106/144/19
f 103/138/20 104/139/20 108/150/20 107/147/20
f 104/139/21 101/135/21 105/140/21 108/150/21
f 105/141/22 106/145/22 110/155/22 109/153/22
f 106/146/23 107/148/23 111/157/23 110/156/23
f 107/149/24 108/151/24 112/159/24 111/158/24
f 108/152/25 105/142/25 109/154/25 112/160/25
f 109/153/1 110/155/1 114/162/1 113/161/1
f 110/156/4 111/157/4 115/163/4 114/162/4
f 111/158/3 112/159/3 116/164/3 115/163/3
f 112/160/5 109/154/5 113/161/5 116/164/5
f 113/161/26 114/162/26 118/166/26 117/165/26
f 114/162/27 115/163/27 119/167/27 118/166/27
f 115/163/28 116/164/28 120/168/28 119/167/28
f 116/164/29 113/161/29 117/165/29 120/168/29
f 122/170/4 121/169/4 91/123/4 90/121/4
f 123/172/1 122/171/1 90/122/1 89/120/1
f 124/173/5 123/172/5 89/120/5 92/124/5
f 121/169/3 124/173/3 92/124/3 91/123/3
f 130/180/4 129/179/4 131/182/4 132/183/4
f 133/185/1 130/181/1 132/184/1 134/186/1
f 135/187/5 133/185/5 134/186/5 136/188/5
f 129/179/3 135/187/3 136/188/3 131/182/3
f 126/175/30 125/174/30 129/179/30 130/180/30
f 121/169/31 122/170/31 132/183/31 131/182/31
f 127/177/32 126/176/32 130/181/32 133/185/32
f 122/171/33 123/172/33 134/186/33 132/184/33
f 128/178/34 127/177/34 133/185/34 135/187/34
f 123/172/35 124/173/35 136/188/35 134/186/35
f 125/174/36 128/178/36 135/187/36 129/179/36
f 124/173/37 121/169/37 131/182/37 136/188/37
f 138/190/4 137/189/4 99/133/4 98/131/4
f 139/192/1 138/191/1 98/132/1 97/130/1
f 140/193/5 139/192/5 97/130/5 100/134/5
f 137/189/3 140/193/3 100/134/3 99/133/3
f 146/200/4 145/199/4 147/202/4 148/203/4
f 149/205/1 146/201/1 148/204/1 150/206/1
f 151/207/5 149/205/5 150/206/5 152/208/5
f 145/199/3 151/207/3 152/208/3 147/202/3
f 142/195/38 141/194/38 145/199/38 146/200/38
f 137/189/39 138/190/39 148/203/39 147/202/39
f 143/197/40 142/196/40 146/201/40 149/205/40
f 138/191/41 139/192/41 150/206/41 148/204/41
f 144/198/42 143/197/42 149/205/42 151/207/42
f 139/192/43 140/193/43 152/208/43 150/206/43
f 141/194/44 144/198/44 151/207/44 145/199/44
f 140/193/45 137/189/45 147/202/45 152/208/45
s 1
f 172/239/46 173/240/47 165/230/2 155/213/2
f 155/214/2 165/229/2 166/231/2 157/217/2
f 193/287/3 194/289/3 195/291/3 196/292/3
f 175/245/4 176/246/4 158/218/4 156/215/4
f 171/237/5 172/238/5 155/214/5 157/217/5
f 161/223/2 156/215/2 158/218/2 162/225/2
f 197/293/3 198/295/3 199/296/3 200/297/3
f 161/224/2 174/242/47 175/244/46 156/216/2
f 165/229/2 161/223/2 162/225/2 166/231/2
f 201/299/3 195/291/3 194/289/3 202/300/3
f 165/230/2 173/240/47 174/242/47 161/224/2
f 204/303/3 203/302/3 205/305/3 206/306/3
f 159/219/5 153/209/5 172/238/5 171/237/5
f 153/210/1 168/233/1 173/240/47 172/239/46
f 175/244/46 174/242/47 164/227/1 154/211/1
f 154/212/4 160/221/4 176/246/4 175/245/4
f 207/309/3 208/312/3 198/295/3 197/293/3
s 0
f 164/228/5 174/243/5 169/235/5 163/226/5
f 173/241/4 168/234/4 167/232/4 170/236/4
f 170/236/48 169/235/48 174/243/48 173/241/48
s 1
f 210/315/3 209/313/3 211/317/3 212/318/3
f 213/319/3 214/320/3 211/317/3 209/313/3
f 216/322/3 215/321/3 213/319/3 209/313/3
f 217/324/3 218/325/3 215/321/3 216/322/3
f 183/259/3 189/275/3 188/272/3 184/261/3
f 190/278/3 187/269/3 181/255/3 182/257/3
f 180/253/3 182/257/3 181/255/3 179/251/3
f 179/251/3 186/266/3 191/281/3 180/253/3
f 210/315/3 212/318/3 208/312/3 207/309/3
f 185/263/3 192/284/3 178/249/3 177/247/3
f 200/297/3 199/296/3 201/299/3 202/300/3
f 191/281/3 186/266/3 177/247/3 178/249/3
f 184/261/3 187/269/3 190/278/3 183/259/3
f 193/287/3 196/292/3 203/302/3 204/303/3
f 206/306/3 205/305/3 219/326/3 220/327/3
f 220/327/3 219/326/3 217/324/3 216/322/3
s 0
f 157/217/2 166/231/2 194/290/2 193/288/2
f 181/256/49 187/270/49 196/292/49 195/291/49
f 177/248/5 186/267/5 199/296/5 198/295/5
f 158/218/4 176/246/4 197/294/4 200/298/4
f 179/252/49 181/256/49 195/291/49 201/299/49
f 166/231/2 162/225/2 202/301/2 194/290/2
f 184/262/4 188/273/4 205/305/4 203/302/4
f 159/219/5 171/237/5 204/304/5 206/307/5
f 185/264/5 177/248/5 198/295/5 208/312/5
f 176/246/4 160/221/4 207/310/4 197/294/4
f 163/226/5 169/235/5 209/314/5 210/316/5
f 178/250/4 192/285/4 212/318/4 211/317/4
f 180/254/2 191/282/2 214/320/2 213/319/2
f 191/283/4 178/250/4 211/317/4 214/320/4
f 182/258/2 180/254/2 213/319/2 215/321/2
f 169/235/49 170/236/49 216/323/49 209/314/49
f 183/260/5 190/279/5 218/325/5 217/324/5
f 190/280/2 182/258/2 215/321/2 218/325/2
f 192/286/50 185/265/50 208/312/50 212/318/50
f 160/222/49 163/226/49 210/316/49 207/311/49
f 186/268/49 179/252/49 201/299/49 199/296/49
f 162/225/2 158/218/2 200/298/2 202/301/2
f 187/271/4 184/262/4 203/302/4 196/292/4
f 171/237/5 157/217/5 193/288/5 204/304/5
f 188/274/51 189/276/51 219/326/51 205/305/51
f 167/232/49 159/220/49 206/308/49 220/328/49
f 189/277/5 183/260/5 217/324/5 219/326/5
f 170/236/4 167/232/4 220/328/4 216/323/4
f 221/329/1 222/330/1 224/333/1 223/332/1
f 253/379/2 254/380/2 255/381/2 256/382/2
f 225/335/3 226/336/3 228/338/3 227/337/3
f 222/331/4 228/338/4 226/336/4 224/334/4
f 227/337/5 221/329/5 223/332/5 225/335/5
f 223/332/52 224/333/52 230/340/52 229/339/52
f 224/334/53 226/336/53 231/342/53 230/341/53
f 226/336/54 225/335/54 232/343/54 231/342/54
f 225/335/55 223/332/55 229/339/55 232/343/55
f 229/339/1 230/340/1 234/345/1 233/344/1
f 230/341/4 231/342/4 235/347/4 234/346/4
f 231/342/3 232/343/3 236/348/3 235/347/3
f 232/343/5 229/339/5 233/344/5 236/348/5
f 233/344/56 234/345/56 238/350/56 237/349/56
f 234/346/57 235/347/57 239/352/57 238/351/57
f 235/347/58 236/348/58 240/353/58 239/352/58
f 236/348/59 233/344/59 237/349/59 240/353/59
f 237/349/1 238/350/1 242/357/1 241/354/1
f 238/351/4 239/352/4 243/361/4 242/358/4
f 239/352/3 240/353/3 244/364/3 243/361/3
f 240/353/5 237/349/5 241/354/5 244/364/5
f 241/355/60 242/359/60 246/369/60 245/367/60
f 242/360/61 243/362/61 247/371/61 246/370/61
f 243/363/62 244/365/62 248/373/62 247/372/62
f 244/366/63 241/356/63 245/368/63 248/374/63
f 245/367/1 246/369/1 250/376/1 249/375/1
f 246/370/4 247/371/4 251/377/4 250/376/4
f 247/372/3 248/373/3 252/378/3 251/377/3
f 248/374/5 245/368/5 249/375/5 252/378/5
f 249/375/64 250/376/64 254/380/64 253/379/64
f 250/376/65 251/377/65 255/381/65 254/380/65
f 251/377/66 252/378/66 256/382/66 255/381/66
f 252/378/67 249/375/67 253/379/67 256/382/67
f 257/383/1 258/384/1 260/387/1 259/386/1
f 289/433/2 290/434/2 291/435/2 292/436/2
f 261/389/3 262/390/3 264/392/3 263/391/3
f 258/385/4 264/392/4 262/390/4 260/388/4
f 263/391/5 257/383/5 259/386/5 261/389/5
f 259/386/52 260/387/52 266/394/52 265/393/52
f 260/388/53 262/390/53 267/396/53 266/395/53
f 262/390/54 261/389/54 268/397/54 267/396/54
f 261/389/55 259/386/55 265/393/55 268/397/55
f 265/393/1 266/394/1 270/399/1 269/398/1
f 266/395/4 267/396/4 271/401/4 270/400/4
f 267/396/3 268/397/3 272/402/3 271/401/3
f 268/397/5 265/393/5 269/398/5 272/402/5
f 269/398/56 270/399/56 274/404/56 273/403/56
f 270/400/57 271/401/57 275/406/57 274/405/57
f 271/401/58 272/402/58 276/407/58 275/406/58
f 272/402/59 269/398/59 273/403/59 276/407/59
f 273/403/1 274/404/1 278/411/1 277/408/1
f 274/405/4 275/406/4 279/415/4 278/412/4
f 275/406/3 276/407/3 280/418/3 279/415/3
f 276/407/5 273/403/5 277/408/5 280/418/5
f 277/409/60 278/413/60 282/423/60 281/421/60
f 278/414/61 279/416/61 283/425/61 282/424/61
f 279/417/62 280/419/62 284/427/62 283/426/62
f 280/420/63 277/410/63 281/422/63 284/428/63
f 281/421/1 282/423/1 286/430/1 285/429/1
f 282/424/4 283/425/4 287/431/4 286/430/4
f 283/426/3 284/427/3 288/432/3 287/431/3
f 284/428/5 281/422/5 285/429/5 288/432/5
f 285/429/64 286/430/64 290/434/64 289/433/64
f 286/430/65 287/431/65 291/435/65 290/434/65
f 287/431/66 288/432/66 292/436/66 291/435/66
f 288/432/67 285/429/67 289/433/67 292/436/67
f 293/437/2 294/438/2 296/440/2 295/439/2
f 295/439/2 296/440/2 298/442/2 297/441/2
f 297/441/3 298/442/3 300/444/3 299/443/3
f 299/443/2 300/444/2 302/446/2 301/445/2
f 301/445/68 302/446/68 304/448/68 303/447/68
f 303/447/2 304/448/2 306/450/2 305/449/2
f 305/449/68 306/450/68 308/452/68 307/451/68
f 307/451/2 308/452/2 310/454/2 309/453/2
f 309/453/3 310/454/3 312/456/3 311/455/3
f 311/455/2 312/456/2 314/458/2 313/457/2
f 313/457/68 314/458/68 316/460/68 315/459/68
f 315/459/2 316/460/2 318/462/2 317/461/2
f 317/461/3 318/462/3 320/464/3 319/463/3
f 319/463/2 320/464/2 322/466/2 321/465/2
f 321/465/68 322/466/68 324/468/68 323/467/68
f 323/467/2 324/468/2 326/470/2 325/469/2
f 325/469/3 326/470/3 328/472/3 327/471/3
f 327/471/2 328/472/2 330/474/2 329/473/2
f 329/473/3 330/474/3 332/476/3 331/475/3
f 331/475/2 332/476/2 334/478/2 333/477/2
f 333/477/3 334/478/3 336/480/3 335/479/3
f 335/479/2 336/480/2 338/482/2 337/481/2
f 337/481/3 338/482/3 340/484/3 339/483/3
f 339/483/2 340/484/2 342/486/2 341/485/2
f 341/485/3 342/486/3 344/488/3 343/487/3
f 343/487/2 344/488/2 346/490/2 345/489/2
f 345/489/3 346/490/3 348/492/3 347/491/3
f 347/491/2 348/492/2 350/494/2 349/493/2
f 349/493/3 350/494/3 352/496/3 351/495/3
f 351/495/2 352/496/2 354/498/2 353/497/2
f 353/497/3 354/498/3 356/500/3 355/499/3
f 355/499/2 356/500/2 358/502/2 357/501/2
f 357/501/3 358/502/3 360/504/3 359/503/3
f 359/503/2 360/504/2 362/506/2 361/505/2
f 361/505/3 362/506/3 364/508/3 363/507/3
f 363/507/2 364/508/2 366/510/2 365/509/2
f 365/509/3 366/510/3 368/512/3 367/511/3
f 367/511/2 368/512/2 370/514/2 369/513/2
f 369/513/3 370/514/3 372/516/3 371/515/3
f 371/515/2 372/516/2 374/518/2 373/517/2
f 373/517/3 374/518/3 376/520/3 375/519/3
f 375/519/2 376/520/2 378/522/2 377/521/2
f 377/521/3 378/522/3 380/524/3 379/523/3
f 379/523/2 380/524/2 382/526/2 381/525/2
f 381/525/3 382/526/3 384/528/3 383/527/3
f 383/527/2 384/528/2 386/530/2 385/529/2
f 385/529/3 386/530/3 388/532/3 387/531/3
s 1
f 391/538/2 434/602/2 424/585/2 393/541/2
f 393/542/3 424/584/3 425/587/69 402/554/70
f 395/545/49 429/597/49 430/598/49 389/533/49
f 404/556/71 401/553/71 394/543/4 392/539/4
f 402/554/72 403/555/72 391/537/5 393/542/5
f 398/550/73 428/593/74 429/595/3 395/546/3
f 395/546/5 389/534/5 399/551/75 398/550/75
f 390/535/4 396/547/4 397/549/76 400/552/76
f 402/554/70 425/587/69 426/589/77 410/562/78
f 410/562/79 411/563/80 403/555/72 402/554/72
f 412/564/81 409/561/82 401/553/71 404/556/71
f 406/558/83 427/591/84 428/593/74 398/550/73
f 398/550/75 399/551/75 407/559/85 406/558/86
f 400/552/76 397/549/76 405/557/87 408/560/88
f 410/562/78 426/589/77 427/591/84 406/558/83
f 406/558/86 407/559/85 411/563/80 410/562/79
f 408/560/88 405/557/87 409/561/82 412/564/81
f 413/565/3 394/543/3 401/553/70 414/568/69
f 415/570/77 414/568/69 401/553/70 409/561/89
f 416/572/84 415/570/77 409/561/89 405/557/90
f 417/574/74 416/572/84 405/557/90 397/549/73
f 418/576/3 417/574/74 397/549/73 396/547/3
f 419/579/49 418/578/49 396/548/49 390/536/49
f 390/535/1 400/552/91 618/902/92 617/899/93
f 411/563/94 407/559/95 620/907/96 606/874/97
f 444/620/98 452/636/99 611/885/100 622/911/101
f 407/559/95 399/551/102 615/895/103 620/907/96
f 452/636/99 434/602/104 608/879/105 611/885/100
f 413/566/2 423/583/2 392/540/2 394/544/2
f 453/637/3 454/639/3 455/641/106 456/643/106
f 457/645/106 456/643/106 455/641/106 458/647/106
f 459/649/3 457/645/106 458/647/106 460/651/3
f 461/653/3 459/649/3 460/651/3 462/655/3
f 463/657/3 461/653/3 462/655/3 464/660/3
f 430/598/49 429/597/49 450/634/49 451/635/49
f 441/617/107 419/579/108 607/877/109 609/881/110
f 389/533/1 430/598/111 616/897/112 614/892/1
f 403/555/113 411/563/94 606/874/97 605/871/114
f 391/537/115 403/555/113 605/871/114 619/904/1
f 419/579/108 390/536/1 617/900/93 607/877/109
f 424/585/2 434/602/2 452/636/2 445/622/2
f 465/663/3 466/665/3 467/667/106 468/669/106
f 469/671/106 468/669/106 467/667/106 470/673/106
f 471/675/3 469/671/106 470/673/106 472/677/3
f 473/679/3 471/675/3 472/677/3 474/681/3
f 475/683/3 473/679/3 474/681/3 476/686/3
f 441/617/49 440/616/49 418/578/49 419/579/49
f 434/602/104 391/538/115 619/905/1 608/879/105
f 412/564/116 404/556/117 612/887/118 613/890/119
f 408/560/120 412/564/116 613/890/119 624/916/121
f 423/583/1 444/620/98 622/911/101 621/909/1
f 400/552/91 408/560/120 624/916/121 618/902/92
f 435/604/2 444/620/2 423/583/2 413/566/2
f 445/621/3 435/603/3 436/606/122 446/624/122
f 447/626/123 446/624/122 436/606/122 437/608/123
f 448/628/124 447/626/123 437/608/123 438/610/124
f 449/630/125 448/628/124 438/610/124 439/612/125
f 450/632/3 449/630/125 439/612/125 440/614/3
f 451/635/49 450/634/49 440/616/49 441/617/49
f 430/598/111 451/635/126 610/883/1 616/897/112
f 399/551/102 389/534/1 614/893/1 615/895/103
f 404/556/117 392/539/1 623/913/127 612/887/118
f 451/635/126 441/617/107 609/881/110 610/883/1
f 392/540/1 423/583/1 621/909/1 623/914/127
f 445/622/2 452/636/2 444/620/2 435/604/2
s 0
f 424/586/128 445/623/128 454/640/128 453/638/128
f 445/623/4 446/625/4 455/642/4 454/640/4
f 425/588/5 424/586/5 453/638/5 456/644/5
f 426/590/5 425/588/5 456/644/5 457/646/5
f 446/625/4 447/627/4 458/648/4 455/642/4
f 427/592/5 426/590/5 457/646/5 459/650/5
f 447/627/4 448/629/4 460/652/4 458/648/4
f 428/594/5 427/592/5 459/650/5 461/654/5
f 448/629/4 449/631/4 462/656/4 460/652/4
f 429/596/5 428/594/5 461/654/5 463/658/5
f 449/631/4 450/633/4 464/661/4 462/656/4
f 450/634/49 429/597/49 463/659/49 464/662/49
f 435/605/128 413/567/128 466/666/128 465/664/128
f 413/567/4 414/569/4 467/668/4 466/666/4
f 436/607/5 435/605/5 465/664/5 468/670/5
f 437/609/5 436/607/5 468/670/5 469/672/5
f 414/569/4 415/571/4 470/674/4 467/668/4
f 438/611/5 437/609/5 469/672/5 471/676/5
f 415/571/4 416/573/4 472/678/4 470/674/4
f 439/613/5 438/611/5 471/676/5 473/680/5
f 416/573/4 417/575/4 474/682/4 472/678/4
f 440/615/5 439/613/5 473/680/5 475/684/5
f 417/575/4 418/577/4 476/687/4 474/682/4
f 418/578/49 440/616/49 475/685/49 476/688/49
f 477/689/1 478/690/1 480/692/1 479/691/1
f 501/729/2 502/730/2 503/731/2 504/732/2
f 481/693/3 482/696/3 484/699/3 483/697/3
f 478/690/4 484/700/4 482/695/4 480/692/4
f 483/698/5 477/689/5 479/691/5 481/694/5
f 479/691/1 480/692/1 486/702/1 485/701/1
f 480/692/4 482/695/4 487/703/4 486/702/4
f 482/696/129 481/693/129 488/705/129 487/704/129
f 481/694/5 479/691/5 485/701/5 488/706/5
f 485/701/1 486/702/1 490/708/1 489/707/1
f 486/702/4 487/703/4 491/709/4 490/708/4
f 487/704/3 488/705/3 492/711/3 491/710/3
f 488/706/5 485/701/5 489/707/5 492/712/5
f 489/707/130 490/708/130 494/714/130 493/713/130
f 490/708/131 491/709/131 495/715/131 494/714/131
f 491/710/132 492/711/132 496/717/132 495/716/132
f 492/712/133 489/707/133 493/713/133 496/718/133
f 493/713/1 494/714/1 498/721/1 497/719/1
f 494/714/4 495/715/4 499/723/4 498/721/4
f 495/716/3 496/717/3 500/726/3 499/724/3
f 496/718/5 493/713/5 497/719/5 500/727/5
f 497/720/134 498/722/134 502/730/134 501/729/134
f 498/722/135 499/725/135 503/731/135 502/730/135
f 499/725/136 500/728/136 504/732/136 503/731/136
f 500/728/137 497/720/137 501/729/137 504/732/137
s 1
f 505/733/138 508/736/138 531/767/138 530/766/138
f 506/734/5 505/733/5 516/746/5 515/743/5
f 507/735/139 506/734/139 522/756/139 521/755/139
f 508/736/1 507/735/1 510/738/1 509/737/1
f 509/737/140 512/740/140 535/771/140 534/770/140
f 511/739/141 510/738/141 524/758/141 523/757/141
f 512/740/4 511/739/4 518/750/4 517/748/4
f 513/741/142 516/745/143 543/783/144 542/781/145
f 514/742/146 513/741/147 520/754/147 519/752/148
f 515/744/149 514/742/150 526/761/151 525/759/151
f 517/748/152 520/753/153 539/776/154 538/774/155
f 519/752/156 518/751/157 528/763/158 527/762/158
f 529/765/159 532/768/160 547/789/160 546/788/160
f 530/766/5 529/765/5 544/785/5 543/782/5
f 532/768/1 531/767/1 534/770/1 533/769/1
f 533/769/161 536/772/161 551/793/161 550/792/161
f 536/772/4 535/771/4 538/774/4 537/773/4
f 537/773/162 540/777/163 555/798/164 554/796/164
f 540/778/165 539/775/147 542/781/166 541/780/167
f 541/780/168 544/784/169 559/804/170 558/802/170
f 545/787/171 548/790/172 563/809/173 562/808/174
f 546/788/175 545/787/171 560/805/176 559/803/177
f 548/790/172 547/789/178 550/792/179 549/791/180
f 549/791/180 552/794/181 567/813/182 566/812/183
f 552/794/181 551/793/184 554/796/185 553/795/186
f 553/795/186 556/800/187 571/818/188 570/816/189
f 556/799/187 555/797/190 558/802/190 557/801/191
f 557/801/191 560/806/176 575/825/192 574/823/193
s 0
f 561/807/194 564/810/194 579/833/194 578/832/194
s 1
f 562/808/174 561/807/195 576/827/196 575/824/192
f 564/810/197 563/809/173 566/812/183 565/811/198
s 0
f 565/811/199 568/814/199 583/839/199 582/838/199
s 1
f 568/814/200 567/813/182 570/816/189 569/815/201
s 0
f 569/815/202 572/819/202 587/847/202 586/845/202
s 1
f 572/820/203 571/817/188 574/823/193 573/822/204
s 0
f 573/822/205 576/826/205 591/855/205 590/853/205
s 1
f 577/830/206 580/834/207 594/860/208 593/859/209
s 0
f 578/832/210 577/829/210 592/856/210 591/854/210
s 1
f 580/835/207 579/833/211 582/838/212 581/837/213
f 581/836/213 584/841/214 598/864/215 597/863/216
s 0
f 584/840/217 583/839/217 586/845/217 585/844/217
s 1
f 585/843/218 588/849/219 601/867/220 600/866/221
f 588/848/219 587/846/222 590/853/223 589/852/224
f 589/851/224 592/857/225 604/870/226 603/869/227
f 593/859/209 595/861/228 602/868/229 604/870/226
f 595/861/228 594/860/208 597/863/216 596/862/230
f 596/862/230 598/864/215 600/866/221 599/865/231
f 599/865/231 601/867/220 603/869/227 602/868/229
f 507/735/1 521/755/1 524/758/1 510/738/1
f 595/861/228 596/862/230 599/865/231 602/868/229
f 514/742/146 519/752/148 527/762/3 526/761/3
f 511/739/4 523/757/4 528/764/4 518/750/4
f 515/743/5 525/760/5 522/756/5 506/734/5
f 508/736/1 509/737/1 534/770/1 531/767/1
f 512/740/4 517/748/4 538/774/4 535/771/4
f 520/754/147 513/741/147 542/781/166 539/775/147
f 516/746/5 505/733/5 530/766/5 543/782/5
f 532/768/1 533/769/1 550/792/179 547/789/178
f 536/772/4 537/773/4 554/796/185 551/793/184
f 540/778/165 541/780/167 558/802/190 555/797/190
f 544/785/5 529/765/5 546/788/175 559/803/177
f 548/790/172 549/791/180 566/812/183 563/809/173
f 552/794/181 553/795/186 570/816/189 567/813/182
f 556/799/187 557/801/191 574/823/193 571/817/188
f 560/805/176 545/787/171 562/808/174 575/824/192
f 564/810/197 565/811/198 582/838/212 579/833/211
f 568/814/200 569/815/201 586/845/4 583/839/4
f 572/820/203 573/822/204 590/853/223 587/846/232
f 576/827/196 561/807/195 578/832/5 591/854/5
f 580/834/207 581/836/213 597/863/216 594/860/208
f 584/841/214 585/843/218 600/866/221 598/864/215
f 588/849/219 589/851/224 603/869/227 601/867/220
f 592/857/225 577/830/206 593/859/209 604/870/226
f 505/733/138 506/734/139 507/735/139 508/736/138
f 509/737/140 510/738/141 511/739/141 512/740/140
f 513/741/142 514/742/150 515/744/149 516/747/143
f 517/749/152 518/751/157 519/752/156 520/754/153
f 529/765/159 530/766/138 531/767/138 532/768/160
f 533/769/161 534/770/140 535/771/140 536/772/161
f 537/773/162 538/774/155 539/776/154 540/779/163
f 541/780/168 542/781/145 543/783/144 544/786/169
f 545/787/171 546/788/233 547/789/233 548/790/172
f 549/791/180 550/792/234 551/793/234 552/794/181
f 553/795/186 554/796/235 555/798/235 556/800/187
f 557/801/191 558/802/236 559/804/236 560/806/176
f 561/807/237 562/808/174 563/809/173 564/810/237
f 565/811/238 566/812/183 567/813/182 568/814/238
f 569/815/239 570/816/189 571/818/188 572/821/239
f 573/822/240 574/823/193 575/825/192 576/828/240
f 577/831/206 578/832/241 579/833/241 580/835/207
f 581/837/213 582/838/242 583/839/242 584/842/214
f 585/844/218 586/845/243 587/847/243 588/850/219
f 589/852/224 590/853/244 591/855/244 592/858/225
f 593/859/209 594/860/208 595/861/228
f 596/862/230 597/863/216 598/864/215
f 599/865/231 600/866/221 601/867/220
f 602/868/229 603/869/227 604/870/226
f 617/901/245 618/903/246 632/924/247 631/923/248
f 619/906/249 605/872/250 443/619/251 633/925/252
f 622/912/253 611/886/254 421/581/255 636/930/256
f 624/917/257 613/891/258 625/918/259 638/933/260
f 608/880/261 619/906/249 633/925/252 432/600/262
f 605/872/250 606/875/263 442/618/264 443/619/251
f 610/884/265 609/882/266 431/599/267 422/582/268
f 618/903/246 624/917/257 638/933/260 632/924/247
f 612/888/269 623/915/270 637/931/271 420/580/272
f 621/910/273 622/912/253 636/930/256 635/929/274
f 614/894/275 616/898/276 630/922/277 628/920/278
f 609/882/266 607/878/279 433/601/280 431/599/267
f 623/915/270 621/910/273 635/929/274 637/931/271
f 606/875/263 620/908/281 634/928/282 442/618/264
f 615/896/283 614/894/275 628/920/278 629/921/284
f 616/898/276 610/884/265 422/582/268 630/922/277
f 607/878/279 617/901/245 631/923/248 433/601/280
f 613/891/258 612/888/269 420/580/272 625/918/259
f 620/908/281 615/896/283 629/921/284 634/928/282
f 611/886/254 608/880/261 432/600/262 421/581/255
f 631/923/285 632/924/286 629/921/287 628/920/288
f 634/927/289 638/933/290 625/919/1 606/876/1
s 0
f 612/889/291 605/873/291 606/876/291 625/919/291
s 1
f 641/934/292 612/889/3 605/873/3 642/935/293
f 638/933/290 634/928/289 629/921/287 632/924/286
f 633/926/5 637/932/1 641/934/292 642/935/293
s 0
f 164/228/2 163/226/2 167/232/2 168/234/2
usemtl lambert4SG.002
f 743/1082/49 739/1073/49 740/1075/49 741/1078/49 742/1080/49 1415/1937/49 1595/2129/49 1596/2131/49 1416/1939/49 766/1122/49 765/1120/49 764/1117/49 763/1115/49 758/1108/49 757/1106/49 756/1103/49 755/1101/49 1458/1983/49 1638/2175/49 1637/2173/49 1457/1981/49 746/1089/49 745/1087/49 744/1084/49
usemtl lambert3SG.002
f 643/936/294 646/943/295 648/946/296 647/945/297
f 646/943/298 645/940/299 649/948/300 648/946/296
f 645/941/301 644/939/302 650/949/303 649/947/304
f 654/957/305 653/955/306 656/960/307 655/959/308
f 653/955/309 652/952/310 657/962/311 656/960/312
f 652/953/313 651/950/314 658/963/315 657/961/316
f 661/970/317 660/966/318 664/974/319 663/973/320
f 660/967/321 659/964/322 665/976/323 664/975/324
f 659/964/325 662/971/326 666/977/327 665/976/328
f 669/983/329 668/981/330 672/988/331 671/987/332
f 668/981/333 667/978/334 673/990/335 672/988/336
f 667/979/337 670/985/338 674/991/339 673/989/340
f 678/996/341 677/994/342 688/1008/343 687/1007/320
f 677/995/321 676/993/322 689/1010/323 688/1009/324
f 676/993/344 675/992/345 690/1011/327 689/1010/328
f 710/1036/346 709/1034/318 720/1048/319 719/1047/320
f 709/1035/321 708/1033/322 721/1050/323 720/1049/324
f 708/1033/344 707/1032/347 722/1051/327 721/1050/328
f 742/1079/348 741/1076/321 752/1096/319 751/1095/349
f 741/1077/321 740/1074/322 753/1098/323 752/1097/319
f 740/1074/344 739/1072/350 754/1099/351 753/1098/328
f 774/1132/352 773/1130/342 784/1144/319 783/1143/349
f 773/1131/321 772/1129/322 785/1146/323 784/1145/324
f 772/1129/344 771/1128/353 786/1147/354 785/1146/328
f 806/1172/355 805/1170/321 816/1184/324 815/1183/349
f 805/1171/356 804/1169/322 817/1186/328 816/1185/319
f 804/1169/322 803/1168/357 818/1187/354 817/1186/323
f 838/1212/358 837/1210/342 848/1224/319 847/1223/359
f 837/1211/360 836/1209/322 849/1226/328 848/1225/324
f 836/1209/322 835/1208/361 850/1227/362 849/1226/328
f 870/1252/363 869/1250/321 880/1264/364 879/1263/359
f 869/1251/321 868/1249/322 881/1266/323 880/1265/324
f 868/1249/325 867/1248/365 882/1267/366 881/1266/367
f 902/1292/368 901/1290/342 912/1304/343 911/1303/369
f 901/1291/321 900/1289/322 913/1306/323 912/1305/324
f 900/1289/325 899/1288/370 914/1307/371 913/1306/328
f 934/1332/372 933/1330/321 944/1344/319 943/1343/373
f 933/1331/321 932/1329/322 945/1346/328 944/1345/324
f 932/1329/325 931/1328/374 946/1347/375 945/1346/376
f 966/1372/377 965/1370/342 976/1384/343 975/1383/378
f 965/1371/321 964/1369/322 977/1386/323 976/1385/324
f 964/1369/325 963/1368/379 978/1387/380 977/1386/328
f 998/1412/381 997/1410/321 1008/1424/324 1007/1423/382
f 997/1411/321 996/1409/322 1009/1426/323 1008/1425/324
f 996/1409/325 995/1408/383 1010/1427/384 1009/1426/328
f 1030/1452/385 1029/1450/342 1040/1464/319 1039/1463/386
f 1029/1451/321 1028/1449/322 1041/1466/323 1040/1465/324
f 1028/1449/325 1027/1448/387 1042/1467/388 1041/1466/323
f 1062/1492/389 1061/1490/321 1072/1504/319 1071/1503/390
f 1061/1491/321 1060/1489/322 1073/1506/323 1072/1505/319
f 1060/1489/322 1059/1488/391 1074/1507/392 1073/1506/328
f 1094/1532/393 1093/1530/321 1104/1544/319 1103/1543/394
f 1093/1531/356 1092/1529/322 1105/1546/323 1104/1545/324
f 1092/1529/325 1091/1528/395 1106/1547/396 1105/1546/367
f 1126/1572/397 1125/1570/321 1136/1584/319 1135/1583/398
f 1125/1571/321 1124/1569/322 1137/1586/323 1136/1585/319
f 1124/1569/322 1123/1568/399 1138/1587/400 1137/1586/401
f 1158/1612/402 1157/1610/321 1168/1624/319 1167/1623/346
f 1157/1611/321 1156/1609/344 1169/1626/367 1168/1625/403
f 1156/1609/344 1155/1608/404 1170/1627/347 1169/1626/328
f 1190/1652/405 1189/1650/321 1200/1664/324 1199/1663/355
f 1189/1651/321 1188/1649/322 1201/1666/323 1200/1665/324
f 1188/1649/322 1187/1648/406 1202/1667/407 1201/1666/323
f 1222/1692/408 1221/1690/342 1232/1704/343 1231/1703/409
f 1221/1691/321 1220/1689/322 1233/1706/323 1232/1705/324
f 1220/1689/325 1219/1688/410 1234/1707/411 1233/1706/367
f 1254/1732/412 1253/1730/321 1264/1744/319 1263/1743/413
f 1253/1731/318 1252/1729/322 1265/1746/328 1264/1745/319
f 1252/1729/322 1251/1728/414 1266/1747/415 1265/1746/328
f 1286/1772/416 1285/1770/342 1296/1784/319 1295/1783/389
f 1285/1771/318 1284/1769/322 1297/1786/417 1296/1785/319
f 1284/1769/344 1283/1768/418 1298/1787/391 1297/1786/328
f 1318/1812/419 1317/1810/342 1328/1829/324 1327/1828/420
f 1317/1811/321 1316/1809/325 1329/1832/367 1328/1830/403
f 1316/1809/325 1315/1808/421 1330/1834/422 1329/1832/367
f 666/977/423 662/971/424 643/936/425 647/945/423
f 1470/1995/426 1500/2027/427 654/957/428 655/959/426
f 658/963/429 651/950/430 669/983/431 671/987/429
f 1388/1907/432 674/991/433 670/985/434 1410/1931/435
f 675/992/375 679/997/425 683/1002/423 690/1011/423
f 1454/1977/436 691/1012/437 695/1017/426 1502/2029/426
f 694/1016/314 699/1022/438 703/1027/439 698/1021/429
f 1390/1909/440 706/1031/441 702/1026/442 1412/1933/443
f 707/1032/345 711/1037/444 715/1042/423 722/1051/423
f 1456/1979/445 723/1052/446 727/1057/447 1504/2031/448
f 726/1056/449 731/1062/450 735/1067/439 730/1061/451
f 1392/1911/432 738/1071/433 734/1066/452 1414/1935/453
f 739/1072/353 743/1081/454 747/1090/455 754/1099/384
f 1458/1982/456 755/1100/446 759/1109/426 1506/2033/426
f 758/1107/457 763/1114/458 767/1123/429 762/1113/429
f 1394/1913/459 770/1127/460 766/1121/461 1416/1938/462
f 771/1128/347 775/1133/444 779/1138/423 786/1147/423
f 1460/1985/463 787/1148/464 791/1153/308 1508/2035/465
f 790/1152/466 795/1158/467 799/1163/468 794/1157/469
f 1396/1915/440 802/1167/460 798/1162/470 1418/1941/471
f 803/1168/357 807/1173/472 811/1178/455 818/1187/327
f 1462/1987/473 819/1188/474 823/1193/475 1510/2037/476
f 822/1192/477 827/1198/478 831/1203/468 826/1197/479
f 1398/1917/480 834/1207/460 830/1202/481 1422/1945/482
f 835/1208/483 839/1213/484 843/1218/485 850/1227/362
f 1464/1989/486 851/1228/487 855/1233/488 1512/2039/426
f 854/1232/489 859/1238/490 863/1243/439 858/1237/479
f 1400/1919/491 866/1247/492 862/1242/493 1424/1947/494
f 867/1248/365 871/1253/495 875/1258/455 882/1267/366
f 1466/1991/496 883/1268/497 887/1273/426 1514/2041/426
f 886/1272/498 891/1278/499 895/1283/500 890/1277/501
f 1402/1921/502 898/1287/503 894/1282/504 1426/1949/505
f 899/1288/506 903/1293/507 907/1298/508 914/1307/375
f 1468/1993/509 915/1308/510 919/1313/511 1516/2043/512
f 918/1312/513 923/1318/514 927/1323/515 922/1317/501
f 1406/1925/480 930/1327/516 926/1322/517 1428/1951/518
f 931/1328/370 935/1333/519 939/1338/520 946/1347/521
f 1484/2009/522 947/1348/523 951/1353/524 1528/2057/525
f 950/1352/526 955/1358/527 959/1363/500 954/1357/528
f 1368/1887/502 962/1367/529 958/1362/530 1444/1967/531
f 963/1368/379 967/1373/532 971/1378/455 978/1387/362
f 1486/2011/533 979/1388/534 983/1393/535 1530/2059/536
f 982/1392/537 987/1398/538 991/1403/468 986/1397/429
f 1386/1905/433 994/1407/433 990/1402/539 1420/1943/540
f 995/1408/541 999/1413/542 1003/1418/543 1010/1427/375
f 1488/2013/544 1011/1428/545 1015/1433/535 1532/2061/512
f 1014/1432/546 1019/1438/547 1023/1443/458 1018/1437/548
f 1366/1885/549 1026/1447/503 1022/1442/550 1446/1969/551
f 1027/1448/387 1031/1453/552 1035/1458/543 1042/1467/380
f 1490/2015/553 1043/1468/554 1047/1473/555 1534/2063/536
f 1046/1472/556 1051/1478/557 1055/1483/558 1050/1477/559
f 1380/1899/560 1058/1487/561 1054/1482/562 1448/1971/563
f 1059/1488/564 1063/1493/565 1067/1498/566 1074/1507/384
f 1492/2017/567 1075/1508/568 1079/1513/535 1536/2065/536
f 1078/1512/569 1083/1518/570 1087/1523/571 1082/1517/572
f 1370/1889/560 1090/1527/561 1086/1522/573 1430/1953/574
f 1091/1528/575 1095/1533/576 1099/1538/577 1106/1547/392
f 1494/2019/578 1107/1548/579 1111/1553/446 1538/2067/580
f 1110/1552/581 1115/1558/582 1119/1563/583 1114/1557/449
f 1372/1891/584 1122/1567/585 1118/1562/586 1442/1965/587
f 1123/1568/399 1127/1573/588 1131/1578/425 1138/1587/424
f 1496/2021/589 1139/1588/590 1143/1593/591 1540/2069/592
f 1142/1592/593 1147/1598/594 1151/1603/438 1146/1597/595
f 1376/1895/596 1154/1607/597 1150/1602/598 1450/1973/599
f 1155/1608/422 1159/1613/600 1163/1618/425 1170/1627/345
f 1498/2023/601 1171/1628/602 1175/1633/428 1542/2071/603
f 1174/1632/604 1179/1638/605 1183/1643/606 1178/1637/607
f 1404/1923/608 1186/1647/442 1182/1642/609 1452/1975/610
f 1187/1648/611 1191/1653/612 1195/1658/613 1202/1667/407
f 1472/1997/614 1203/1668/615 1207/1673/616 1518/2045/617
f 1206/1672/618 1211/1678/619 1215/1683/620 1210/1677/621
f 1384/1903/622 1218/1687/481 1214/1682/623 1432/1955/624
f 1219/1688/410 1223/1693/625 1227/1698/495 1234/1707/365
f 1474/1999/626 1235/1708/627 1239/1713/497 1520/2047/628
f 1238/1712/629 1243/1718/630 1247/1723/499 1242/1717/498
f 1378/1897/631 1250/1727/493 1246/1722/632 1434/1957/633
f 1251/1728/414 1255/1733/634 1259/1738/635 1266/1747/636
f 1476/2001/637 1267/1748/638 1271/1753/639 1522/2049/640
f 1270/1752/641 1275/1758/642 1279/1763/643 1274/1757/644
f 1374/1893/645 1282/1767/646 1278/1762/647 1436/1959/648
f 1283/1768/418 1287/1773/649 1291/1778/650 1298/1787/564
f 1478/2003/651 1299/1788/652 1303/1793/653 1524/2051/654
f 1302/1792/655 1307/1798/656 1311/1803/657 1306/1797/658
f 1382/1901/659 1314/1807/660 1310/1802/661 1438/1961/662
f 1315/1808/421 1319/1813/663 1323/1818/600 1330/1834/422
f 1480/2005/664 1331/1836/665 1335/1841/666 1526/2055/667
f 1334/1840/668 1339/1850/669 1343/1855/670 1338/1848/671
f 1364/1882/672 1346/1862/673 1342/1854/674 1440/1963/675
f 666/977/676 647/945/677 679/997/678 675/992/678
f 1470/1995/679 655/959/679 691/1012/679 1454/1977/679
f 658/963/680 671/987/681 699/1022/682 694/1016/682
f 1387/1906/683 663/973/683 678/996/683 1411/1932/683
f 690/1011/684 683/1002/684 711/1037/684 707/1032/684
f 1502/2029/679 695/1017/679 723/1052/679 1456/1979/679
f 698/1021/682 703/1027/682 731/1062/682 726/1056/682
f 1389/1908/685 687/1007/685 710/1036/685 1413/1934/685
f 722/1051/684 715/1042/684 743/1081/684 739/1072/684
f 1504/2031/686 727/1057/687 755/1100/686 1458/1982/686
f 730/1061/688 735/1067/689 763/1114/690 758/1107/690
f 1391/1910/685 719/1047/691 742/1079/685 1415/1936/685
f 754/1099/692 747/1090/677 775/1133/684 771/1128/684
f 1506/2033/679 759/1109/679 787/1148/679 1460/1985/679
f 762/1113/682 767/1123/682 795/1158/682 790/1152/682
f 1393/1912/685 751/1095/685 774/1132/685 1417/1940/685
f 786/1147/684 779/1138/684 807/1173/684 803/1168/684
f 1508/2035/686 791/1153/686 819/1188/686 1462/1987/686
f 794/1157/688 799/1163/693 827/1198/682 822/1192/682
f 1395/1914/683 783/1143/683 806/1172/683 1421/1944/683
f 818/1187/676 811/1178/677 839/1213/678 835/1208/678
f 1510/2037/694 823/1193/695 851/1228/679 1464/1989/679
f 826/1197/688 831/1203/693 859/1238/682 854/1232/682
f 1397/1916/685 815/1183/685 838/1212/685 1423/1946/685
f 850/1227/696 843/1218/697 871/1253/698 867/1248/699
f 1512/2039/700 855/1233/701 883/1268/702 1466/1991/703
f 858/1237/704 863/1243/705 891/1278/706 886/1272/706
f 1399/1918/707 847/1223/708 870/1252/709 1425/1948/709
f 882/1267/676 875/1258/677 903/1293/684 899/1288/684
f 1514/2041/686 887/1273/710 915/1308/686 1468/1993/686
f 890/1277/711 895/1283/690 923/1318/690 918/1312/690
f 1401/1920/712 879/1263/691 902/1292/685 1427/1950/685
f 914/1307/692 907/1298/713 935/1333/684 931/1328/684
f 1516/2043/686 919/1313/714 947/1348/686 1484/2009/686
f 922/1317/688 927/1323/689 955/1358/690 950/1352/690
f 1405/1924/683 911/1303/683 934/1332/683 1443/1966/683
f 946/1347/715 939/1338/716 967/1373/717 963/1368/698
f 1528/2057/718 951/1353/719 979/1388/720 1486/2011/720
f 954/1357/721 959/1363/722 987/1398/706 982/1392/706
f 1367/1886/723 943/1343/724 966/1372/709 1419/1942/709
f 978/1387/676 971/1378/677 999/1413/678 995/1408/678
f 1530/2059/725 983/1393/679 1011/1428/679 1488/2013/679
f 986/1397/682 991/1403/682 1019/1438/682 1014/1432/682
f 1385/1904/683 975/1383/683 998/1412/683 1445/1968/683
f 1010/1427/676 1003/1418/684 1031/1453/684 1027/1448/684
f 1532/2061/726 1015/1433/687 1043/1468/686 1490/2015/686
f 1018/1437/680 1023/1443/681 1051/1478/690 1046/1472/690
f 1365/1884/727 1007/1423/683 1030/1452/683 1447/1970/683
f 1042/1467/692 1035/1458/684 1063/1493/684 1059/1488/684
f 1534/2063/686 1047/1473/686 1075/1508/686 1492/2017/686
f 1050/1477/728 1055/1483/729 1083/1518/690 1078/1512/690
f 1379/1898/685 1039/1463/685 1062/1492/685 1429/1952/685
f 1074/1507/730 1067/1498/731 1095/1533/678 1091/1528/678
f 1536/2065/732 1079/1513/733 1107/1548/686 1494/2019/686
f 1082/1517/734 1087/1523/735 1115/1558/682 1110/1552/682
f 1369/1888/736 1071/1503/737 1094/1532/683 1441/1964/683
f 1106/1547/684 1099/1538/684 1127/1573/684 1123/1568/684
f 1538/2067/726 1111/1553/738 1139/1588/686 1496/2021/686
f 1114/1557/739 1119/1563/740 1147/1598/690 1142/1592/690
f 1371/1890/685 1103/1543/685 1126/1572/685 1449/1972/685
f 1138/1587/741 1131/1578/742 1159/1613/678 1155/1608/678
f 1540/2069/732 1143/1593/733 1171/1628/679 1498/2023/679
f 1146/1597/682 1151/1603/682 1179/1638/682 1174/1632/682
f 1375/1894/743 1135/1583/744 1158/1612/683 1451/1974/683
f 1170/1627/745 1163/1618/746 1191/1653/677 1187/1648/684
f 1542/2071/679 1175/1633/679 1203/1668/679 1472/1997/679
f 1178/1637/734 1183/1643/747 1211/1678/681 1206/1672/682
f 1403/1922/748 1167/1623/737 1190/1652/685 1431/1954/685
f 1202/1667/749 1195/1658/750 1223/1693/684 1219/1688/684
f 1518/2045/751 1207/1673/752 1235/1708/679 1474/1999/679
f 1210/1677/682 1215/1683/753 1243/1718/682 1238/1712/682
f 1383/1902/743 1199/1663/685 1222/1692/685 1433/1956/685
f 1234/1707/754 1227/1698/755 1255/1733/756 1251/1728/756
f 1520/2047/757 1239/1713/758 1267/1748/759 1476/2001/759
f 1242/1717/760 1247/1723/761 1275/1758/762 1270/1752/763
f 1377/1896/764 1231/1703/765 1254/1732/766 1435/1958/767
f 1266/1747/768 1259/1738/769 1287/1773/756 1283/1768/756
f 1522/2049/770 1271/1753/771 1299/1788/772 1478/2003/773
f 1274/1757/774 1279/1763/775 1307/1798/776 1302/1792/776
f 1373/1892/777 1263/1743/778 1286/1772/779 1437/1960/779
f 1298/1787/780 1291/1778/781 1319/1813/782 1315/1808/782
f 1524/2051/783 1303/1793/784 1331/1836/785 1480/2005/785
f 1306/1797/786 1311/1803/787 1339/1850/788 1334/1840/789
f 1381/1900/790 1295/1783/791 1318/1812/792 1439/1962/792
f 1330/1835/793 1323/1819/794 1351/1868/795 1350/1867/796
f 1526/2054/797 1335/1842/798 1355/1872/799 1482/2007/800
f 1338/1849/801 1343/1856/802 1359/1876/803 1358/1875/804
f 1363/1880/805 1327/1827/806 1347/1864/807 1407/1926/808
f 667/980/49 668/982/49 669/984/49 651/951/49 652/954/49 653/956/49 654/958/49 1500/2026/49 1680/2218/49 1679/2216/49 1499/2024/49 644/938/49 645/942/49 646/944/49 643/937/49 662/972/49 659/965/49 660/968/49 661/969/49 1409/1928/49 1589/2120/49 1590/2122/49 1410/1930/49 670/986/49
f 649/947/809 650/949/810 682/1001/679 681/999/811
f 647/945/677 648/946/812 680/998/813 679/997/678
f 648/946/812 649/948/809 681/1000/814 680/998/815
f 657/961/816 658/963/680 694/1016/682 693/1014/817
f 655/959/687 656/960/818 692/1013/819 691/1012/679
f 656/960/818 657/962/816 693/1015/820 692/1013/821
f 673/989/822 674/991/823 702/1026/683 701/1024/824
f 671/987/681 672/988/825 700/1023/826 699/1022/682
f 672/988/825 673/990/822 701/1025/827 700/1023/828
f 663/973/691 664/974/829 677/994/830 678/996/683
f 664/975/829 665/976/831 676/993/832 677/995/833
f 665/976/831 666/977/676 675/992/678 676/993/834
f 681/999/299 682/1001/835 686/1006/303 685/1004/304
f 679/997/836 680/998/295 684/1003/837 683/1002/297
f 680/998/838 681/1000/299 685/1005/300 684/1003/296
f 685/1004/809 686/1006/810 714/1041/679 713/1039/811
f 683/1002/839 684/1003/812 712/1038/813 711/1037/840
f 684/1003/812 685/1005/809 713/1040/814 712/1038/815
f 693/1014/313 694/1016/841 698/1021/315 697/1019/316
f 691/1012/437 692/1013/842 696/1018/312 695/1017/308
f 692/1013/309 693/1015/310 697/1020/311 696/1018/312
f 697/1019/816 698/1021/680 726/1056/682 725/1054/817
f 695/1017/687 696/1018/818 724/1053/819 723/1052/679
f 696/1018/818 697/1020/816 725/1055/820 724/1053/821
f 701/1024/334 702/1026/442 706/1031/339 705/1029/340
f 699/1022/450 700/1023/330 704/1028/843 703/1027/332
f 700/1023/844 701/1025/334 705/1030/335 704/1028/336
f 705/1029/822 706/1031/845 734/1066/846 733/1064/824
f 703/1027/681 704/1028/825 732/1063/826 731/1062/682
f 704/1028/825 705/1030/822 733/1065/827 732/1063/828
f 687/1007/691 688/1008/847 709/1034/830 710/1036/683
f 688/1009/829 689/1010/848 708/1033/832 709/1035/833
f 689/1010/848 690/1011/676 707/1032/678 708/1033/849
f 713/1039/850 714/1041/851 718/1046/303 717/1044/304
f 711/1037/444 712/1038/852 716/1043/837 715/1042/297
f 712/1038/838 713/1040/299 717/1045/853 716/1043/296
f 717/1044/854 718/1046/725 746/1088/679 745/1085/811
f 715/1042/839 716/1043/855 744/1083/815 743/1081/678
f 716/1043/812 717/1045/809 745/1086/811 744/1083/815
f 725/1054/313 726/1056/856 730/1061/315 729/1059/316
f 723/1052/446 724/1053/309 728/1058/307 727/1057/308
f 724/1053/309 725/1055/310 729/1060/857 728/1058/312
f 729/1059/858 730/1061/859 758/1107/682 757/1104/820
f 727/1057/860 728/1058/861 756/1102/821 755/1100/679
f 728/1058/818 729/1060/816 757/1105/820 756/1102/821
f 733/1064/334 734/1066/452 738/1071/339 737/1069/340
f 731/1062/606 732/1063/333 736/1068/336 735/1067/332
f 732/1063/333 733/1065/334 737/1070/862 736/1068/336
f 737/1069/863 738/1071/845 766/1121/683 765/1118/827
f 735/1067/864 736/1068/865 764/1116/826 763/1114/682
f 736/1068/825 737/1070/822 765/1119/824 764/1116/828
f 719/1047/866 720/1048/847 741/1076/833 742/1079/683
f 720/1049/829 721/1050/831 740/1074/832 741/1077/833
f 721/1050/848 722/1051/867 739/1072/678 740/1074/832
f 745/1085/850 746/1088/868 750/1094/869 749/1092/304
f 743/1081/454 744/1083/295 748/1091/296 747/1090/455
f 744/1083/298 745/1086/299 749/1093/300 748/1091/296
f 749/1092/809 750/1094/725 778/1137/870 777/1135/814
f 747/1090/839 748/1091/812 776/1134/815 775/1133/678
f 748/1091/812 749/1093/809 777/1136/811 776/1134/815
f 757/1104/310 758/1107/871 762/1113/479 761/1111/311
f 755/1100/872 756/1102/306 760/1110/307 759/1109/873
f 756/1102/309 757/1105/310 761/1112/316 760/1110/307
f 761/1111/816 762/1113/859 790/1152/682 789/1150/817
f 759/1109/860 760/1110/818 788/1149/819 787/1148/679
f 760/1110/818 761/1112/816 789/1151/874 788/1149/875
f 765/1118/334 766/1121/876 770/1127/460 769/1125/340
f 763/1114/877 764/1116/333 768/1124/843 767/1123/468
f 764/1116/333 765/1119/334 769/1126/340 768/1124/843
f 769/1125/863 770/1127/845 798/1162/683 797/1160/827
f 767/1123/864 768/1124/865 796/1159/828 795/1158/878
f 768/1124/825 769/1126/822 797/1161/824 796/1159/826
f 751/1095/866 752/1096/847 773/1130/833 774/1132/683
f 752/1097/829 753/1098/831 772/1129/832 773/1131/833
f 753/1098/831 754/1099/867 771/1128/678 772/1129/832
f 777/1135/850 778/1137/879 782/1142/880 781/1140/304
f 775/1133/881 776/1134/298 780/1139/296 779/1138/882
f 776/1134/298 777/1136/299 781/1141/300 780/1139/296
f 781/1140/854 782/1142/725 810/1177/679 809/1175/814
f 779/1138/839 780/1139/855 808/1174/815 807/1173/678
f 780/1139/812 781/1141/854 809/1176/814 808/1174/815
f 789/1150/310 790/1152/466 794/1157/479 793/1155/316
f 787/1148/474 788/1149/306 792/1154/307 791/1153/873
f 788/1149/309 789/1151/310 793/1156/857 792/1154/312
f 793/1155/816 794/1157/688 822/1192/682 821/1190/820
f 791/1153/860 792/1154/818 820/1189/821 819/1188/679
f 792/1154/818 793/1156/816 821/1191/820 820/1189/821
f 797/1160/883 798/1162/470 802/1167/884 801/1165/340
f 795/1158/467 796/1159/333 800/1164/336 799/1163/885
f 796/1159/333 797/1161/334 801/1166/335 800/1164/336
f 801/1165/822 802/1167/886 830/1202/683 829/1200/824
f 799/1163/689 800/1164/825 828/1199/826 827/1198/682
f 800/1164/825 801/1166/822 829/1201/827 828/1199/828
f 783/1143/887 784/1144/829 805/1170/830 806/1172/683
f 784/1145/829 785/1146/831 804/1169/849 805/1171/833
f 785/1146/831 786/1147/867 803/1168/678 804/1169/849
f 809/1175/301 810/1177/888 814/1182/880 813/1180/304
f 807/1173/472 808/1174/298 812/1179/837 811/1178/485
f 808/1174/298 809/1176/299 813/1181/304 812/1179/296
f 813/1180/809 814/1182/889 842/1217/870 841/1215/890
f 811/1178/891 812/1179/812 840/1214/813 839/1213/678
f 812/1179/812 813/1181/809 841/1216/814 840/1214/892
f 821/1190/310 822/1192/621 826/1197/528 825/1195/316
f 819/1188/893 820/1189/842 824/1194/307 823/1193/894
f 820/1189/309 821/1191/895 825/1196/316 824/1194/307
f 825/1195/816 826/1197/688 854/1232/896 853/1230/817
f 823/1193/897 824/1194/818 852/1229/819 851/1228/898
f 824/1194/818 825/1196/816 853/1231/820 852/1229/899
f 829/1200/334 830/1202/900 834/1207/597 833/1205/340
f 827/1198/620 828/1199/330 832/1204/843 831/1203/901
f 828/1199/333 829/1201/334 833/1206/340 832/1204/336
f 833/1205/822 834/1207/886 862/1242/683 861/1240/827
f 831/1203/689 832/1204/825 860/1239/828 859/1238/878
f 832/1204/825 833/1206/822 861/1241/827 860/1239/828
f 815/1183/887 816/1184/847 837/1210/833 838/1212/683
f 816/1185/829 817/1186/831 836/1209/849 837/1211/830
f 817/1186/848 818/1187/692 835/1208/902 836/1209/832
f 841/1215/850 842/1217/903 846/1222/904 845/1220/905
f 839/1213/906 840/1214/295 844/1219/907 843/1218/485
f 840/1214/298 841/1216/299 845/1221/300 844/1219/296
f 845/1220/908 846/1222/909 874/1257/910 873/1255/911
f 843/1218/912 844/1219/913 872/1254/914 871/1253/915
f 844/1219/916 845/1221/908 873/1256/911 872/1254/917
f 853/1230/313 854/1232/918 858/1237/501 857/1235/316
f 851/1228/919 852/1229/842 856/1234/920 855/1233/894
f 852/1229/309 853/1231/310 857/1236/311 856/1234/312
f 857/1235/921 858/1237/922 886/1272/923 885/1270/924
f 855/1233/925 856/1234/926 884/1269/927 883/1268/702
f 856/1234/928 857/1236/929 885/1271/924 884/1269/927
f 861/1240/334 862/1242/930 866/1247/597 865/1245/340
f 859/1238/931 860/1239/932 864/1244/843 863/1243/901
f 860/1239/333 861/1241/334 865/1246/335 864/1244/336
f 865/1245/933 866/1247/934 894/1282/935 893/1280/936
f 863/1243/705 864/1244/937 892/1279/938 891/1278/939
f 864/1244/937 865/1246/933 893/1281/936 892/1279/938
f 847/1223/708 848/1224/940 869/1250/941 870/1252/942
f 848/1225/940 849/1226/943 868/1249/944 869/1251/941
f 849/1226/943 850/1227/696 867/1248/699 868/1249/944
f 873/1255/301 874/1257/945 878/1262/904 877/1260/304
f 871/1253/495 872/1254/295 876/1259/837 875/1258/508
f 872/1254/298 873/1256/299 877/1261/300 876/1259/296
f 877/1260/854 878/1262/946 906/1297/870 905/1295/814
f 875/1258/891 876/1259/855 904/1294/815 903/1293/840
f 876/1259/855 877/1261/854 905/1296/814 904/1294/815
f 885/1270/895 886/1272/498 890/1277/469 889/1275/316
f 883/1268/497 884/1269/306 888/1274/307 887/1273/947
f 884/1269/309 885/1271/310 889/1276/311 888/1274/948
f 889/1275/858 890/1277/688 918/1312/896 917/1310/820
f 887/1273/860 888/1274/861 916/1309/821 915/1308/898
f 888/1274/861 889/1276/858 917/1311/820 916/1309/821
f 893/1280/337 894/1282/504 898/1287/516 897/1285/340
f 891/1278/499 892/1279/932 896/1284/843 895/1283/500
f 892/1279/333 893/1281/334 897/1286/335 896/1284/336
f 897/1285/822 898/1287/886 926/1322/846 925/1320/827
f 895/1283/949 896/1284/825 924/1319/828 923/1318/878
f 896/1284/825 897/1286/822 925/1321/827 924/1319/828
f 879/1263/887 880/1264/829 901/1290/833 902/1292/950
f 880/1265/847 881/1266/831 900/1289/832 901/1291/833
f 881/1266/831 882/1267/692 899/1288/678 900/1289/832
f 905/1295/299 906/1297/951 910/1302/952 909/1300/304
f 903/1293/953 904/1294/852 908/1299/837 907/1298/954
f 904/1294/298 905/1296/299 909/1301/300 908/1299/296
f 909/1300/854 910/1302/946 938/1337/870 937/1335/814
f 907/1298/713 908/1299/855 936/1334/815 935/1333/840
f 908/1299/855 909/1301/854 937/1336/814 936/1334/815
f 917/1310/895 918/1312/955 922/1317/956 921/1315/316
f 915/1308/957 916/1309/309 920/1314/312 919/1313/947
f 916/1309/306 917/1311/895 921/1316/958 920/1314/920
f 921/1315/858 922/1317/959 950/1352/896 949/1350/820
f 919/1313/714 920/1314/861 948/1349/821 947/1348/898
f 920/1314/861 921/1316/858 949/1351/820 948/1349/821
f 925/1320/334 926/1322/960 930/1327/961 929/1325/340
f 923/1318/514 924/1319/330 928/1324/843 927/1323/500
f 924/1319/333 925/1321/334 929/1326/340 928/1324/336
f 929/1325/822 930/1327/962 958/1362/846 957/1360/824
f 927/1323/949 928/1324/825 956/1359/826 955/1358/878
f 928/1324/825 929/1326/822 957/1361/827 956/1359/828
f 911/1303/963 912/1304/829 933/1330/830 934/1332/950
f 912/1305/829 913/1306/831 932/1329/832 933/1331/833
f 913/1306/831 914/1307/964 931/1328/902 932/1329/849
f 937/1335/299 938/1337/965 942/1342/966 941/1340/304
f 935/1333/967 936/1334/295 940/1339/837 939/1338/968
f 936/1334/298 937/1336/299 941/1341/300 940/1339/296
f 941/1340/908 942/1342/969 970/1377/970 969/1375/911
f 939/1338/971 940/1339/972 968/1374/917 967/1373/973
f 940/1339/916 941/1341/908 969/1376/911 968/1374/917
f 949/1350/313 950/1352/974 954/1357/975 953/1355/976
f 947/1348/977 948/1349/306 952/1354/307 951/1353/524
f 948/1349/309 949/1351/310 953/1356/311 952/1354/312
f 953/1355/978 954/1357/979 982/1392/980 981/1390/981
f 951/1353/982 952/1354/983 980/1389/927 979/1388/984
f 952/1354/928 953/1356/978 981/1391/981 980/1389/985
f 957/1360/883 958/1362/530 962/1367/529 961/1365/986
f 955/1358/987 956/1359/330 960/1364/843 959/1363/515
f 956/1359/333 957/1361/334 961/1366/335 960/1364/336
f 961/1365/933 962/1367/988 990/1402/935 989/1400/989
f 959/1363/990 960/1364/937 988/1399/938 987/1398/991
f 960/1364/937 961/1366/992 989/1401/936 988/1399/938
f 943/1343/993 944/1344/940 965/1370/941 966/1372/994
f 944/1345/995 945/1346/996 964/1369/944 965/1371/941
f 945/1346/943 946/1347/997 963/1368/998 964/1369/944
f 969/1375/299 970/1377/999 974/1382/966 973/1380/304
f 967/1373/532 968/1374/852 972/1379/837 971/1378/543
f 968/1374/298 969/1376/299 973/1381/300 972/1379/296
f 973/1380/809 974/1382/1000 1002/1417/870 1001/1415/811
f 971/1378/1001 972/1379/812 1000/1414/892 999/1413/840
f 972/1379/812 973/1381/809 1001/1416/814 1000/1414/815
f 981/1390/310 982/1392/537 986/1397/548 985/1395/311
f 979/1388/1002 980/1389/842 984/1394/307 983/1393/535
f 980/1389/309 981/1391/310 985/1396/311 984/1394/307
f 985/1395/816 986/1397/1003 1014/1432/896 1013/1430/817
f 983/1393/1004 984/1394/818 1012/1429/819 1011/1428/898
f 984/1394/818 985/1396/816 1013/1431/820 1012/1429/821
f 989/1400/334 990/1402/539 994/1407/529 993/1405/340
f 987/1398/538 988/1399/330 992/1404/843 991/1403/458
f 988/1399/333 989/1401/334 993/1406/335 992/1404/336
f 993/1405/822 994/1407/1005 1022/1442/846 1021/1440/824
f 991/1403/693 992/1404/825 1020/1439/828 1019/1438/878
f 992/1404/825 993/1406/822 1021/1441/827 1020/1439/826
f 975/1383/1006 976/1384/829 997/1410/830 998/1412/950
f 976/1385/829 977/1386/831 996/1409/832 997/1411/833
f 977/1386/831 978/1387/1007 995/1408/902 996/1409/849
f 1001/1415/299 1002/1417/1008 1006/1422/1009 1005/1420/300
f 999/1413/1010 1000/1414/295 1004/1419/907 1003/1418/566
f 1000/1414/298 1001/1416/299 1005/1421/1011 1004/1419/296
f 1005/1420/854 1006/1422/1000 1034/1457/870 1033/1455/814
f 1003/1418/1001 1004/1419/855 1032/1454/815 1031/1453/840
f 1004/1419/812 1005/1421/809 1033/1456/814 1032/1454/813
f 1013/1430/310 1014/1432/1012 1018/1437/559 1017/1435/311
f 1011/1428/1013 1012/1429/842 1016/1434/307 1015/1433/555
f 1012/1429/309 1013/1431/310 1017/1436/311 1016/1434/948
f 1017/1435/858 1018/1437/1003 1046/1472/896 1045/1470/820
f 1015/1433/1014 1016/1434/861 1044/1469/821 1043/1468/898
f 1016/1434/861 1017/1436/816 1045/1471/820 1044/1469/821
f 1021/1440/334 1022/1442/1015 1026/1447/561 1025/1445/335
f 1019/1438/547 1020/1439/333 1024/1444/336 1023/1443/558
f 1020/1439/333 1021/1441/334 1025/1446/335 1024/1444/336
f 1025/1445/822 1026/1447/1005 1054/1482/846 1053/1480/824
f 1023/1443/1016 1024/1444/825 1052/1479/826 1051/1478/878
f 1024/1444/825 1025/1446/822 1053/1481/827 1052/1479/828
f 1007/1423/1006 1008/1424/829 1029/1450/830 1030/1452/950
f 1008/1425/829 1009/1426/831 1028/1449/849 1029/1451/833
f 1009/1426/831 1010/1427/1017 1027/1448/902 1028/1449/849
f 1033/1455/1018 1034/1457/1019 1038/1462/1020 1037/1460/304
f 1031/1453/1021 1032/1454/852 1036/1459/837 1035/1458/1022
f 1032/1454/852 1033/1456/299 1037/1461/304 1036/1459/837
f 1037/1460/854 1038/1462/1023 1066/1497/870 1065/1495/814
f 1035/1458/1024 1036/1459/812 1064/1494/813 1063/1493/840
f 1036/1459/812 1037/1461/809 1065/1496/814 1064/1494/815
f 1045/1470/310 1046/1472/556 1050/1477/1025 1049/1475/316
f 1043/1468/554 1044/1469/842 1048/1474/307 1047/1473/1026
f 1044/1469/309 1045/1471/310 1049/1476/311 1048/1474/312
f 1049/1475/816 1050/1477/1027 1078/1512/896 1077/1510/820
f 1047/1473/1014 1048/1474/818 1076/1509/819 1075/1508/898
f 1048/1474/818 1049/1476/816 1077/1511/817 1076/1509/821
f 1053/1480/883 1054/1482/1028 1058/1487/1029 1057/1485/340
f 1051/1478/1030 1052/1479/330 1056/1484/843 1055/1483/1031
f 1052/1479/333 1053/1481/334 1057/1486/335 1056/1484/336
f 1057/1485/863 1058/1487/1032 1086/1522/846 1085/1520/827
f 1055/1483/1016 1056/1484/865 1084/1519/828 1083/1518/878
f 1056/1484/865 1057/1486/863 1085/1521/824 1084/1519/826
f 1039/1463/1033 1040/1464/847 1061/1490/833 1062/1492/950
f 1040/1465/847 1041/1466/848 1060/1489/832 1061/1491/833
f 1041/1466/848 1042/1467/1017 1059/1488/902 1060/1489/849
f 1065/1495/850 1066/1497/1034 1070/1502/1035 1069/1500/304
f 1063/1493/650 1064/1494/298 1068/1499/837 1067/1498/1036
f 1064/1494/298 1065/1496/299 1069/1501/300 1068/1499/296
f 1069/1500/809 1070/1502/1037 1098/1537/1038 1097/1535/814
f 1067/1498/742 1068/1499/812 1096/1534/815 1095/1533/1039
f 1068/1499/812 1069/1501/809 1097/1536/814 1096/1534/815
f 1077/1510/310 1078/1512/1040 1082/1517/572 1081/1515/316
f 1075/1508/1041 1076/1509/306 1080/1514/307 1079/1513/1042
f 1076/1509/309 1077/1511/310 1081/1516/311 1080/1514/312
f 1081/1515/816 1082/1517/734 1110/1552/1043 1109/1550/817
f 1079/1513/733 1080/1514/818 1108/1549/819 1107/1548/1044
f 1080/1514/818 1081/1516/816 1109/1551/820 1108/1549/821
f 1085/1520/334 1086/1522/660 1090/1527/1045 1089/1525/340
f 1083/1518/570 1084/1519/333 1088/1524/843 1087/1523/1046
f 1084/1519/333 1085/1521/334 1089/1526/340 1088/1524/843
f 1089/1525/822 1090/1527/1047 1118/1562/1048 1117/1560/824
f 1087/1523/735 1088/1524/825 1116/1559/826 1115/1558/1049
f 1088/1524/825 1089/1526/822 1117/1561/827 1116/1559/828
f 1071/1503/1050 1072/1504/829 1093/1530/830 1094/1532/1051
f 1072/1505/829 1073/1506/831 1092/1529/832 1093/1531/833
f 1073/1506/831 1074/1507/730 1091/1528/1052 1092/1529/832
f 1097/1535/299 1098/1537/1053 1102/1542/1054 1101/1540/300
f 1095/1533/576 1096/1534/295 1100/1539/907 1099/1538/1055
f 1096/1534/298 1097/1536/299 1101/1541/300 1100/1539/296
f 1101/1540/854 1102/1542/1056 1130/1577/870 1129/1575/811
f 1099/1538/1057 1100/1539/855 1128/1574/815 1127/1573/840
f 1100/1539/855 1101/1541/854 1129/1576/814 1128/1574/815
f 1109/1550/313 1110/1552/581 1114/1557/1058 1113/1555/316
f 1107/1548/579 1108/1549/842 1112/1554/307 1111/1553/1059
f 1108/1549/309 1109/1551/310 1113/1556/311 1112/1554/312
f 1113/1555/858 1114/1557/1060 1142/1592/896 1141/1590/820
f 1111/1553/1061 1112/1554/861 1140/1589/821 1139/1588/898
f 1112/1554/861 1113/1556/858 1141/1591/817 1140/1589/821
f 1117/1560/334 1118/1562/586 1122/1567/1062 1121/1565/340
f 1115/1558/582 1116/1559/330 1120/1564/336 1119/1563/1063
f 1116/1559/333 1117/1561/334 1121/1566/335 1120/1564/336
f 1121/1565/863 1122/1567/1047 1150/1602/846 1149/1600/827
f 1119/1563/1064 1120/1564/865 1148/1599/828 1147/1598/878
f 1120/1564/825 1121/1566/863 1149/1601/824 1148/1599/828
f 1103/1543/1050 1104/1544/829 1125/1570/830 1126/1572/950
f 1104/1545/829 1105/1546/831 1124/1569/849 1125/1571/830
f 1105/1546/831 1106/1547/1065 1123/1568/902 1124/1569/849
f 1129/1575/299 1130/1577/1066 1134/1582/1067 1133/1580/304
f 1127/1573/588 1128/1574/852 1132/1579/837 1131/1578/294
f 1128/1574/298 1129/1576/301 1133/1581/304 1132/1579/837
f 1133/1580/809 1134/1582/1068 1162/1617/1038 1161/1615/890
f 1131/1578/1069 1132/1579/812 1160/1614/813 1159/1613/1039
f 1132/1579/812 1133/1581/809 1161/1616/890 1160/1614/815
f 1141/1590/310 1142/1592/593 1146/1597/595 1145/1595/316
f 1139/1588/1070 1140/1589/306 1144/1594/307 1143/1593/1071
f 1140/1589/309 1141/1591/895 1145/1596/316 1144/1594/307
f 1145/1595/816 1146/1597/1072 1174/1632/1043 1173/1630/817
f 1143/1593/695 1144/1594/818 1172/1629/819 1171/1628/1044
f 1144/1594/818 1145/1596/816 1173/1631/874 1172/1629/899
f 1149/1600/334 1150/1602/1073 1154/1607/1074 1153/1605/340
f 1147/1598/1075 1148/1599/932 1152/1604/843 1151/1603/438
f 1148/1599/844 1149/1601/334 1153/1606/340 1152/1604/843
f 1153/1605/822 1154/1607/1076 1182/1642/1048 1181/1640/824
f 1151/1603/753 1152/1604/825 1180/1639/826 1179/1638/1049
f 1152/1604/825 1153/1606/822 1181/1641/1077 1180/1639/1078
f 1135/1583/737 1136/1584/829 1157/1610/830 1158/1612/1051
f 1136/1585/829 1137/1586/831 1156/1609/849 1157/1611/833
f 1137/1586/831 1138/1587/1079 1155/1608/1052 1156/1609/832
f 1161/1615/850 1162/1617/1080 1166/1622/851 1165/1620/304
f 1159/1613/1081 1160/1614/295 1164/1619/907 1163/1618/444
f 1160/1614/298 1161/1616/299 1165/1621/853 1164/1619/296
f 1165/1620/809 1166/1622/1082 1194/1657/1038 1193/1655/811
f 1163/1618/746 1164/1619/812 1192/1654/813 1191/1653/1039
f 1164/1619/812 1165/1621/809 1193/1656/814 1192/1654/815
f 1173/1630/313 1174/1632/604 1178/1637/856 1177/1635/976
f 1171/1628/602 1172/1629/842 1176/1634/920 1175/1633/446
f 1172/1629/309 1173/1631/310 1177/1636/958 1176/1634/312
f 1177/1635/816 1178/1637/1083 1206/1672/1043 1205/1670/817
f 1175/1633/1084 1176/1634/818 1204/1669/819 1203/1668/1044
f 1176/1634/818 1177/1636/816 1205/1671/820 1204/1669/821
f 1181/1640/883 1182/1642/1085 1186/1647/452 1185/1645/335
f 1179/1638/1086 1180/1639/330 1184/1644/336 1183/1643/606
f 1180/1639/932 1181/1641/334 1185/1646/1087 1184/1644/336
f 1185/1645/822 1186/1647/1088 1214/1682/1048 1213/1680/824
f 1183/1643/753 1184/1644/825 1212/1679/826 1211/1678/1049
f 1184/1644/825 1185/1646/822 1213/1681/827 1212/1679/828
f 1167/1623/1089 1168/1624/847 1189/1650/833 1190/1652/1051
f 1168/1625/847 1169/1626/831 1188/1649/832 1189/1651/833
f 1169/1626/831 1170/1627/1090 1187/1648/1052 1188/1649/832
f 1193/1655/1018 1194/1657/1091 1198/1662/888 1197/1660/304
f 1191/1653/1092 1192/1654/852 1196/1659/837 1195/1658/613
f 1192/1654/298 1193/1656/299 1197/1661/304 1196/1659/296
f 1197/1660/809 1198/1662/1093 1226/1697/1094 1225/1695/811
f 1195/1658/1095 1196/1659/812 1224/1694/813 1223/1693/1039
f 1196/1659/812 1197/1661/809 1225/1696/814 1224/1694/813
f 1205/1670/1096 1206/1672/618 1210/1677/477 1209/1675/316
f 1203/1668/615 1204/1669/309 1208/1674/307 1207/1673/893
f 1204/1669/309 1205/1671/895 1209/1676/1097 1208/1674/307
f 1209/1675/816 1210/1677/1098 1238/1712/1043 1237/1710/817
f 1207/1673/1099 1208/1674/818 1236/1709/819 1235/1708/1044
f 1208/1674/818 1209/1676/816 1237/1711/874 1236/1709/899
f 1213/1680/334 1214/1682/623 1218/1687/900 1217/1685/340
f 1211/1678/619 1212/1679/1100 1216/1684/843 1215/1683/620
f 1212/1679/844 1213/1681/334 1217/1686/1101 1216/1684/843
f 1217/1685/863 1218/1687/1102 1246/1722/1048 1245/1720/827
f 1215/1683/1103 1216/1684/865 1244/1719/828 1243/1718/1104
f 1216/1684/865 1217/1686/863 1245/1721/827 1244/1719/826
f 1199/1663/1105 1200/1664/847 1221/1690/833 1222/1692/1051
f 1200/1665/829 1201/1666/831 1220/1689/849 1221/1691/830
f 1201/1666/831 1202/1667/1106 1219/1688/1052 1220/1689/849
f 1225/1695/299 1226/1697/1107 1230/1702/1108 1229/1700/300
f 1223/1693/625 1224/1694/295 1228/1699/907 1227/1698/1109
f 1224/1694/298 1225/1696/299 1229/1701/300 1228/1699/296
f 1229/1700/1110 1230/1702/1111 1258/1737/1112 1257/1735/1113
f 1227/1698/1114 1228/1699/1115 1256/1734/1116 1255/1733/1117
f 1228/1699/1115 1229/1701/1110 1257/1736/1118 1256/1734/1119
f 1237/1710/313 1238/1712/629 1242/1717/1120 1241/1715/311
f 1235/1708/627 1236/1709/842 1240/1714/948 1239/1713/510
f 1236/1709/309 1237/1711/310 1241/1716/958 1240/1714/920
f 1241/1715/1121 1242/1717/760 1270/1752/763 1269/1750/1122
f 1239/1713/1123 1240/1714/1124 1268/1749/1125 1267/1748/1126
f 1240/1714/1124 1241/1716/1127 1269/1751/1128 1268/1749/1129
f 1245/1720/883 1246/1722/632 1250/1727/1130 1249/1725/335
f 1243/1718/630 1244/1719/330 1248/1724/336 1247/1723/1131
f 1244/1719/333 1245/1721/334 1249/1726/862 1248/1724/1132
f 1249/1725/1133 1250/1727/1134 1278/1762/767 1277/1760/1135
f 1247/1723/1136 1248/1724/1137 1276/1759/1138 1275/1758/1139
f 1248/1724/1140 1249/1726/1133 1277/1761/1141 1276/1759/1142
f 1231/1703/1143 1232/1704/1144 1253/1730/1145 1254/1732/1146
f 1232/1705/1144 1233/1706/1147 1252/1729/1148 1253/1731/1145
f 1233/1706/1147 1234/1707/754 1251/1728/1149 1252/1729/1150
f 1257/1735/301 1258/1737/1151 1262/1742/1152 1261/1740/304
f 1255/1733/634 1256/1734/852 1260/1739/837 1259/1738/1153
f 1256/1734/298 1257/1736/301 1261/1741/853 1260/1739/837
f 1261/1740/1110 1262/1742/1154 1290/1777/1155 1289/1775/1113
f 1259/1738/769 1260/1739/1156 1288/1774/1116 1287/1773/1157
f 1260/1739/1115 1261/1741/1110 1289/1776/1118 1288/1774/1119
f 1269/1750/310 1270/1752/641 1274/1757/644 1273/1755/316
f 1267/1748/638 1268/1749/306 1272/1754/307 1271/1753/639
f 1268/1749/309 1269/1751/895 1273/1756/316 1272/1754/307
f 1273/1755/1121 1274/1757/1158 1302/1792/1159 1301/1790/1128
f 1271/1753/1160 1272/1754/1161 1300/1789/1125 1299/1788/1162
f 1272/1754/1124 1273/1756/1127 1301/1791/1163 1300/1789/1129
f 1277/1760/337 1278/1762/647 1282/1767/550 1281/1765/340
f 1275/1758/642 1276/1759/932 1280/1764/843 1279/1763/643
f 1276/1759/932 1277/1761/337 1281/1766/340 1280/1764/843
f 1281/1765/1164 1282/1767/1165 1310/1802/1166 1309/1800/1167
f 1279/1763/1168 1280/1764/1169 1308/1799/1170 1307/1798/1171
f 1280/1764/1140 1281/1766/1164 1309/1801/1167 1308/1799/1172
f 1263/1743/1173 1264/1744/1174 1285/1770/1145 1286/1772/766
f 1264/1745/1174 1265/1746/1175 1284/1769/1176 1285/1771/1177
f 1265/1746/1178 1266/1747/1179 1283/1768/1180 1284/1769/1150
f 1289/1775/850 1290/1777/1181 1294/1782/1034 1293/1780/300
f 1287/1773/649 1288/1774/295 1292/1779/907 1291/1778/650
f 1288/1774/852 1289/1776/299 1293/1781/1011 1292/1779/907
f 1293/1780/1182 1294/1782/1183 1322/1817/1184 1321/1815/1185
f 1291/1778/1186 1292/1779/1187 1320/1814/1188 1319/1813/1189
f 1292/1779/1187 1293/1781/1190 1321/1816/1185 1320/1814/1188
f 1301/1790/1096 1302/1792/655 1306/1797/658 1305/1795/1191
f 1299/1788/1192 1300/1789/309 1304/1794/307 1303/1793/1193
f 1300/1789/306 1301/1791/895 1305/1796/1194 1304/1794/948
f 1305/1795/1195 1306/1797/786 1334/1840/1196 1333/1838/1197
f 1303/1793/1198 1304/1794/1199 1332/1837/1200 1331/1836/1201
f 1304/1794/1199 1305/1796/1195 1333/1839/1197 1332/1837/1200
f 1309/1800/337 1310/1802/1202 1314/1807/660 1313/1805/340
f 1307/1798/1203 1308/1799/1100 1312/1804/843 1311/1803/657
f 1308/1799/844 1309/1801/334 1313/1806/340 1312/1804/843
f 1313/1805/1204 1314/1807/1205 1342/1854/1206 1341/1852/1207
f 1311/1803/787 1312/1804/1208 1340/1851/1209 1339/1850/1210
f 1312/1804/1208 1313/1806/1204 1341/1853/1211 1340/1851/1212
f 1295/1783/1213 1296/1784/1214 1317/1810/1215 1318/1812/1216
f 1296/1785/1214 1297/1786/1217 1316/1809/1218 1317/1811/1215
f 1297/1786/1217 1298/1787/1219 1315/1808/1220 1316/1809/1221
f 1321/1815/1222 1322/1817/1223 1326/1826/1224 1325/1822/304
f 1319/1813/663 1320/1814/838 1324/1820/837 1323/1818/600
f 1320/1814/838 1321/1816/1222 1325/1823/304 1324/1820/837
f 1325/1824/1225 1326/1825/1226 1354/1871/1227 1353/1870/1228
f 1323/1819/1229 1324/1821/1230 1352/1869/1231 1351/1868/795
f 1324/1821/1230 1325/1824/1225 1353/1870/1228 1352/1869/1231
f 1329/1833/1232 1330/1835/793 1350/1867/796 1349/1866/1233
f 1327/1827/1234 1328/1831/1214 1348/1865/1235 1347/1864/807
f 1328/1831/1214 1329/1833/1232 1349/1866/1233 1348/1865/1236
f 1333/1838/310 1334/1840/668 1338/1848/1237 1337/1845/1238
f 1331/1836/1239 1332/1837/306 1336/1843/1240 1335/1841/666
f 1332/1837/306 1333/1839/895 1337/1846/316 1336/1843/307
f 1337/1847/1241 1338/1849/1242 1358/1875/804 1357/1874/1243
f 1335/1842/1244 1336/1844/1245 1356/1873/1246 1355/1872/1247
f 1336/1844/1245 1337/1847/1241 1357/1874/1243 1356/1873/1246
f 1341/1852/883 1342/1854/674 1346/1862/609 1345/1859/1087
f 1339/1850/669 1340/1851/330 1344/1857/1132 1343/1855/1086
f 1340/1851/330 1341/1853/334 1345/1860/862 1344/1857/1248
f 1345/1861/1249 1346/1863/1250 1362/1879/1251 1361/1878/1252
f 1343/1856/802 1344/1858/1253 1360/1877/1254 1359/1876/1255
f 1344/1858/1253 1345/1861/1249 1361/1878/1252 1360/1877/1254
f 1359/1876/1256 1360/1877/1257 1361/1878/1258 1362/1879/1259 1408/1927/1260 1588/2119/1260 1587/2118/1260 1407/1926/1260 1347/1864/1261 1348/1865/1262 1349/1866/1263 1350/1867/1264 1351/1868/1265 1352/1869/1266 1353/1870/1267 1354/1871/1268 1481/2006/1269 1661/2198/1269 1662/2199/1269 1482/2007/1269 1355/1872/1270 1356/1873/1271 1357/1874/1272 1358/1875/1273
f 1346/1863/1274 1364/1883/1275 1408/1927/1276 1362/1879/1251
f 1543/2073/1277 1363/1880/1278 1407/1926/1279 1587/2118/1280
f 1314/1807/1205 1382/1901/1281 1440/1963/792 1342/1854/1282
f 1561/2092/1283 1381/1900/1284 1439/1962/792 1619/2154/792
f 1282/1767/1285 1374/1893/1286 1438/1961/779 1310/1802/779
f 1553/2084/1287 1373/1892/1288 1437/1960/779 1617/2152/779
f 1250/1727/1134 1378/1897/1289 1436/1959/1290 1278/1762/1166
f 1557/2088/1291 1377/1896/1292 1435/1958/1293 1615/2150/1293
f 1218/1687/1102 1384/1903/1294 1434/1957/685 1246/1722/685
f 1563/2094/748 1383/1902/1295 1433/1956/685 1613/2148/685
f 1186/1647/1296 1404/1923/1297 1432/1955/1298 1214/1682/683
f 1583/2114/1299 1403/1922/1300 1431/1954/685 1611/2146/685
f 1154/1607/1301 1376/1895/1297 1452/1975/683 1182/1642/683
f 1555/2086/743 1375/1894/1302 1451/1974/683 1631/2166/683
f 1122/1567/685 1372/1891/685 1450/1973/685 1150/1602/685
f 1551/2082/727 1371/1890/685 1449/1972/685 1629/2164/685
f 1090/1527/1303 1370/1889/1304 1442/1965/683 1118/1562/683
f 1549/2080/1305 1369/1888/1306 1441/1964/685 1621/2156/685
f 1058/1487/685 1380/1899/685 1430/1953/685 1086/1522/685
f 1559/2090/685 1379/1898/685 1429/1952/685 1609/2144/685
f 1026/1447/683 1366/1885/683 1448/1971/683 1054/1482/683
f 1545/2076/845 1365/1884/1307 1447/1970/683 1627/2162/683
f 994/1407/683 1386/1905/683 1446/1969/683 1022/1442/683
f 1565/2096/683 1385/1904/683 1445/1968/683 1625/2160/683
f 962/1367/988 1368/1887/1308 1420/1943/709 990/1402/935
f 1547/2078/1309 1367/1886/1310 1419/1942/709 1599/2134/709
f 930/1327/683 1406/1925/683 1444/1967/683 958/1362/683
f 1585/2116/683 1405/1924/683 1443/1966/683 1623/2158/683
f 898/1287/823 1402/1921/1311 1428/1951/685 926/1322/685
f 1581/2112/962 1401/1920/1307 1427/1950/685 1607/2142/685
f 866/1247/1312 1400/1919/1313 1426/1949/709 894/1282/709
f 1579/2110/1314 1399/1918/1315 1425/1948/709 1605/2140/709
f 834/1207/685 1398/1917/685 1424/1947/685 862/1242/685
f 1577/2108/685 1397/1916/685 1423/1946/685 1603/2138/685
f 802/1167/683 1396/1915/683 1422/1945/683 830/1202/683
f 1575/2106/683 1395/1914/683 1421/1944/683 1601/2136/683
f 770/1127/685 1394/1913/685 1418/1941/685 798/1162/685
f 1573/2104/685 1393/1912/685 1417/1940/685 1597/2132/685
f 738/1071/823 1392/1911/1311 1416/1938/685 766/1121/685
f 1571/2102/685 1391/1910/685 1415/1936/685 1595/2128/685
f 706/1031/683 1390/1909/683 1414/1935/683 734/1066/683
f 1569/2100/685 1389/1908/685 1413/1934/685 1593/2126/685
f 674/991/683 1388/1907/683 1412/1933/683 702/1026/683
f 1567/2098/683 1387/1906/683 1411/1932/683 1591/2124/683
f 1327/1828/1316 1363/1881/1317 1439/1962/1318 1318/1812/419
f 1544/2074/1319 1364/1882/1320 1440/1963/1321 1620/2155/1322
f 1295/1783/1323 1381/1900/1324 1437/1960/1325 1286/1772/1326
f 1562/2093/1327 1382/1901/1328 1438/1961/1329 1618/2153/1330
f 1263/1743/1331 1373/1892/1332 1435/1958/1333 1254/1732/412
f 1554/2085/1334 1374/1893/1335 1436/1959/1336 1616/2151/1337
f 1231/1703/363 1377/1896/1338 1433/1956/1339 1222/1692/408
f 1558/2089/1340 1378/1897/1341 1434/1957/1342 1614/2149/1343
f 1199/1663/355 1383/1902/1344 1431/1954/1345 1190/1652/405
f 1564/2095/1346 1384/1903/1347 1432/1955/1348 1612/2147/1349
f 1167/1623/1350 1403/1922/1351 1451/1974/1352 1158/1612/402
f 1584/2115/1353 1404/1923/1354 1452/1975/1355 1632/2167/1356
f 1135/1583/1357 1375/1894/1358 1449/1972/1359 1126/1572/397
f 1556/2087/1353 1376/1895/1354 1450/1973/1360 1630/2165/1361
f 1103/1543/1362 1371/1890/1363 1441/1964/1364 1094/1532/393
f 1552/2083/1365 1372/1891/1366 1442/1965/1367 1622/2157/1368
f 1071/1503/378 1369/1888/1369 1429/1952/1370 1062/1492/1371
f 1550/2081/1372 1370/1889/1373 1430/1953/1374 1610/2145/1375
f 1039/1463/1376 1379/1898/1377 1447/1970/1378 1030/1452/1379
f 1560/2091/1372 1380/1899/1373 1448/1971/1380 1628/2163/1381
f 1007/1423/378 1365/1884/1382 1445/1968/1383 998/1412/381
f 1546/2077/1384 1366/1885/1385 1446/1969/1386 1626/2161/1387
f 975/1383/433 1385/1904/433 1419/1942/1388 966/1372/377
f 1566/2097/433 1386/1905/433 1420/1943/1389 1600/2135/1390
f 943/1343/378 1367/1886/1382 1443/1966/1391 934/1332/1392
f 1548/2079/1393 1368/1887/1394 1444/1967/1395 1624/2159/1396
f 911/1303/320 1405/1924/1397 1427/1950/1398 902/1292/368
f 1586/2117/1399 1406/1925/1400 1428/1951/1401 1608/2143/1402
f 879/1263/1403 1401/1920/1404 1425/1948/1405 870/1252/363
f 1582/2113/459 1402/1921/1394 1426/1949/1406 1606/2141/1407
f 847/1223/359 1399/1918/1408 1423/1946/1409 838/1212/1410
f 1580/2111/459 1400/1919/1411 1424/1947/1412 1604/2139/1413
f 815/1183/1414 1397/1916/1415 1421/1944/1416 806/1172/1417
f 1578/2109/1418 1398/1917/433 1422/1945/1419 1602/2137/1420
f 783/1143/1421 1395/1914/433 1417/1940/1422 774/1132/346
f 1576/2107/459 1396/1915/1423 1418/1941/1424 1598/2133/1425
f 751/1095/1426 1393/1912/433 1415/1936/1427 742/1079/1428
f 1574/2105/459 1394/1913/1423 1416/1938/1429 1596/2130/1430
f 719/1047/1426 1391/1910/1404 1413/1934/1431 710/1036/346
f 1572/2103/433 1392/1911/433 1414/1935/1432 1594/2127/1433
f 687/1007/1421 1389/1908/1408 1411/1932/1431 678/996/341
f 1570/2101/459 1390/1909/1423 1412/1933/1434 1592/2125/443
f 663/973/433 1387/1906/433 1409/1929/1435 661/970/1350
f 1568/2099/1436 1388/1907/1437 1410/1931/1438 1590/2123/1439
f 1326/1825/1440 1525/2053/1441 1481/2006/1442 1354/1871/1227
f 1706/2247/1443 1526/2054/1444 1482/2007/1445 1662/2199/1446
f 1294/1782/1183 1523/2050/1447 1479/2004/785 1322/1817/1448
f 1704/2243/1449 1524/2051/1450 1480/2005/785 1660/2197/785
f 1262/1742/1451 1521/2048/1452 1477/2002/1453 1290/1777/759
f 1702/2241/1454 1522/2049/1455 1478/2003/1456 1658/2195/1457
f 1230/1702/1458 1519/2046/1459 1475/2000/759 1258/1737/759
f 1700/2239/757 1520/2047/1460 1476/2001/759 1656/2193/759
f 1198/1662/1461 1517/2044/1462 1473/1998/686 1226/1697/686
f 1698/2237/1463 1518/2045/1464 1474/1999/679 1654/2191/679
f 1166/1622/679 1541/2070/679 1471/1996/679 1194/1657/679
f 1722/2263/679 1542/2071/679 1472/1997/679 1652/2189/679
f 1134/1582/1037 1539/2068/1465 1497/2022/679 1162/1617/679
f 1720/2261/679 1540/2069/679 1498/2023/679 1678/2215/679
f 1102/1542/1056 1537/2066/1466 1495/2020/686 1130/1577/686
f 1718/2259/686 1538/2067/1467 1496/2021/686 1676/2213/686
f 1070/1502/1023 1535/2064/1468 1493/2018/686 1098/1537/686
f 1716/2257/1469 1536/2065/1470 1494/2019/679 1674/2211/679
f 1038/1462/686 1533/2062/686 1491/2016/686 1066/1497/686
f 1714/2255/686 1534/2063/686 1492/2017/686 1672/2209/686
f 1006/1422/889 1531/2060/1471 1489/2014/686 1034/1457/686
f 1712/2253/686 1532/2061/686 1490/2015/686 1670/2207/686
f 974/1382/810 1529/2058/1468 1487/2012/679 1002/1417/679
f 1710/2251/725 1530/2059/679 1488/2013/679 1668/2205/679
f 942/1342/1472 1527/2056/1473 1485/2010/720 970/1377/720
f 1708/2249/1474 1528/2057/1475 1486/2011/720 1666/2203/720
f 910/1302/1094 1515/2042/686 1483/2008/686 938/1337/686
f 1696/2235/686 1516/2043/686 1484/2009/686 1664/2201/686
f 878/1262/1094 1513/2040/686 1467/1992/686 906/1297/686
f 1694/2233/686 1514/2041/1476 1468/1993/686 1648/2185/686
f 846/1222/1477 1511/2038/1478 1465/1990/720 874/1257/1479
f 1692/2231/1474 1512/2039/1475 1466/1991/1480 1646/2183/720
f 814/1182/1068 1509/2036/1466 1463/1988/679 842/1217/679
f 1690/2229/1463 1510/2037/1481 1464/1989/679 1644/2181/679
f 782/1142/686 1507/2034/686 1461/1986/686 810/1177/686
f 1688/2227/686 1508/2035/686 1462/1987/686 1642/2179/686
f 750/1094/686 1505/2032/686 1459/1984/686 778/1137/686
f 1686/2225/679 1506/2033/679 1460/1985/679 1640/2177/679
f 718/1046/889 1503/2030/1482 1457/1980/686 746/1088/686
f 1684/2223/686 1504/2031/1483 1458/1982/686 1638/2174/686
f 686/1006/679 1501/2028/679 1455/1978/679 714/1041/679
f 1682/2221/679 1502/2029/679 1456/1979/679 1636/2171/679
f 650/949/679 1469/1994/679 1453/1976/679 682/1001/679
f 1650/2187/679 1470/1995/679 1454/1977/679 1634/2169/679
f 1322/1817/1484 1479/2004/1485 1525/2052/1486 1326/1826/1224
f 1660/2197/1487 1480/2005/1488 1526/2055/1489 1706/2246/1490
f 1290/1777/1491 1477/2002/1492 1523/2050/1493 1294/1782/1034
f 1658/2195/1494 1478/2003/1495 1524/2051/1496 1704/2243/1497
f 1258/1737/1151 1475/2000/1498 1521/2048/1499 1262/1742/1152
f 1656/2193/1500 1476/2001/1501 1522/2049/1502 1702/2241/1503
f 1226/1697/1107 1473/1998/1504 1519/2046/1505 1230/1702/945
f 1654/2191/1506 1474/1999/1507 1520/2047/1508 1700/2239/1509
f 1194/1657/1091 1471/1996/1510 1517/2044/1511 1198/1662/879
f 1652/2189/1512 1472/1997/1513 1518/2045/1514 1698/2237/1515
f 1162/1617/1080 1497/2022/1516 1541/2070/1517 1166/1622/1518
f 1678/2215/1519 1498/2023/1520 1542/2071/1521 1722/2263/1522
f 1130/1577/1066 1495/2020/1523 1539/2068/1524 1134/1582/1067
f 1676/2213/1525 1496/2021/1526 1540/2069/1527 1720/2261/1528
f 1098/1537/1053 1493/2018/1529 1537/2066/1530 1102/1542/1531
f 1674/2211/1532 1494/2019/1533 1538/2067/1534 1718/2259/1535
f 1066/1497/1034 1491/2016/1536 1535/2064/1537 1070/1502/1035
f 1672/2209/1538 1492/2017/1539 1536/2065/1540 1716/2257/1541
f 1034/1457/1542 1489/2014/1543 1533/2062/1544 1038/1462/1545
f 1670/2207/1546 1490/2015/1547 1534/2063/1548 1714/2255/1549
f 1002/1417/1550 1487/2012/1551 1531/2060/1544 1006/1422/1552
f 1668/2205/1553 1488/2013/1554 1532/2061/1555 1712/2253/1556
f 970/1377/1557 1485/2010/1558 1529/2058/1559 974/1382/1552
f 1666/2203/1560 1486/2011/1561 1530/2059/1562 1710/2251/536
f 938/1337/1563 1483/2008/1564 1527/2056/1565 942/1342/966
f 1664/2201/1566 1484/2009/1567 1528/2057/1568 1708/2249/1569
f 906/1297/945 1467/1992/1570 1515/2042/1571 910/1302/1572
f 1648/2185/1573 1468/1993/1574 1516/2043/1575 1696/2235/1556
f 874/1257/945 1465/1990/1576 1513/2040/426 878/1262/426
f 1646/2183/1577 1466/1991/1578 1514/2041/426 1694/2233/426
f 842/1217/888 1463/1988/1579 1511/2038/1580 846/1222/869
f 1644/2181/1577 1464/1989/1581 1512/2039/1582 1692/2231/448
f 810/1177/888 1461/1986/1583 1509/2036/1584 814/1182/904
f 1642/2179/1577 1462/1987/1581 1510/2037/1585 1690/2229/1586
f 778/1137/879 1459/1984/1587 1507/2034/1584 782/1142/869
f 1640/2177/1588 1460/1985/1589 1508/2035/1585 1688/2227/1586
f 746/1088/851 1457/1980/1590 1505/2032/426 750/1094/426
f 1638/2174/1591 1458/1982/1592 1506/2033/426 1686/2225/426
f 714/1041/851 1455/1978/1593 1503/2030/1584 718/1046/869
f 1636/2171/1594 1456/1979/1595 1504/2031/1568 1684/2223/448
f 682/1001/835 1453/1976/1596 1501/2028/426 686/1006/426
f 1634/2169/1597 1454/1977/1598 1502/2029/426 1682/2221/426
f 650/949/426 644/939/1518 1499/2025/1599 1469/1994/1600
f 1650/2187/1601 1680/2219/1602 1500/2027/1603 1470/1995/1604
f 1387/1906/1605 1567/2098/1437 1589/2121/1606 1409/1929/1607
f 1567/2098/433 1568/2099/433 1590/2123/1608 1589/2121/1439
f 1389/1908/1609 1569/2100/1397 1591/2124/1610 1411/1932/1611
f 1569/2100/1418 1570/2101/1423 1592/2125/1612 1591/2124/1613
f 1391/1910/433 1571/2102/1437 1593/2126/1610 1413/1934/1611
f 1571/2102/1614 1572/2103/1437 1594/2127/1615 1593/2126/1616
f 1393/1912/1609 1573/2104/1408 1595/2128/1617 1415/1936/1618
f 1395/1914/1619 1575/2106/1397 1597/2132/1617 1417/1940/1618
f 1397/1916/1619 1577/2108/1620 1601/2136/1621 1421/1944/1622
f 1399/1918/1619 1579/2110/1408 1603/2138/1623 1423/1946/1624
f 1401/1920/1625 1581/2112/1626 1605/2140/1627 1425/1948/1628
f 1581/2112/1629 1582/2113/1626 1606/2141/1630 1605/2140/1631
f 1405/1924/1609 1585/2116/1437 1607/2142/1627 1427/1950/1628
f 1585/2116/1632 1586/2117/1626 1608/2143/1633 1607/2142/1634
f 1367/1886/1635 1547/2078/1636 1623/2158/1637 1443/1966/1638
f 1547/2078/1639 1548/2079/1640 1624/2159/1641 1623/2158/1642
f 1385/1904/433 1565/2096/433 1599/2134/1643 1419/1942/1644
f 1565/2096/433 1566/2097/433 1600/2135/1645 1599/2134/1646
f 1365/1884/1619 1545/2076/1408 1625/2160/1647 1445/1968/1648
f 1545/2076/1649 1546/2077/1636 1626/2161/1650 1625/2160/1651
f 1379/1898/1652 1559/2090/1369 1627/2162/1653 1447/1970/1654
f 1559/2090/1655 1560/2091/1373 1628/2163/1656 1627/2162/1657
f 1369/1888/1658 1549/2080/1369 1609/2144/1659 1429/1952/1660
f 1549/2080/1655 1550/2081/1373 1610/2145/1661 1609/2144/1662
f 1371/1890/1663 1551/2082/1664 1621/2156/1665 1441/1964/1666
f 1551/2082/1667 1552/2083/1664 1622/2157/1668 1621/2156/1669
f 1375/1894/1663 1555/2086/1664 1629/2164/1670 1449/1972/1671
f 1555/2086/1672 1556/2087/1673 1630/2165/1674 1629/2164/1675
f 1403/1922/1676 1583/2114/1677 1631/2166/1678 1451/1974/1679
f 1583/2114/1680 1584/2115/1681 1632/2167/1682 1631/2166/1683
f 1383/1902/1684 1563/2094/1685 1611/2146/1686 1431/1954/1687
f 1563/2094/1688 1564/2095/1689 1612/2147/1690 1611/2146/1691
f 1377/1896/1692 1557/2088/1693 1613/2148/1694 1433/1956/1695
f 1557/2088/1696 1558/2089/1697 1614/2149/1698 1613/2148/1699
f 1373/1892/1700 1553/2084/1701 1615/2150/1702 1435/1958/1703
f 1553/2084/1704 1554/2085/1705 1616/2151/1706 1615/2150/1707
f 1381/1900/1708 1561/2092/1709 1617/2152/1710 1437/1960/1711
f 1561/2092/1712 1562/2093/1713 1618/2153/1714 1617/2152/1715
f 1363/1881/1716 1543/2072/1717 1619/2154/1718 1439/1962/1719
f 1543/2072/1720 1544/2074/1721 1620/2155/1722 1619/2154/1723
f 1388/1907/683 1568/2099/683 1592/2125/683 1412/1933/683
f 1568/2099/683 1567/2098/683 1591/2124/683 1592/2125/683
f 1390/1909/683 1570/2101/683 1594/2127/683 1414/1935/683
f 1570/2101/685 1569/2100/685 1593/2126/685 1594/2127/685
f 1392/1911/845 1572/2103/685 1596/2130/685 1416/1938/685
f 1572/2103/727 1571/2102/685 1595/2128/685 1596/2130/685
f 1394/1913/685 1574/2105/685 1598/2133/685 1418/1941/685
f 1574/2105/685 1573/2104/685 1597/2132/685 1598/2133/685
f 1396/1915/683 1576/2107/683 1602/2137/683 1422/1945/683
f 1576/2107/683 1575/2106/683 1601/2136/683 1602/2137/683
f 1398/1917/685 1578/2109/685 1604/2139/685 1424/1947/685
f 1578/2109/685 1577/2108/685 1603/2138/685 1604/2139/685
f 1400/1919/1724 1580/2111/1725 1606/2141/709 1426/1949/709
f 1580/2111/1726 1579/2110/1727 1605/2140/709 1606/2141/709
f 1402/1921/1032 1582/2113/1728 1608/2143/685 1428/1951/685
f 1582/2113/1729 1581/2112/1728 1607/2142/685 1608/2143/685
f 1406/1925/683 1586/2117/683 1624/2159/683 1444/1967/683
f 1586/2117/683 1585/2116/683 1623/2158/683 1624/2159/683
f 1368/1887/1730 1548/2079/1731 1600/2135/709 1420/1943/709
f 1548/2079/1732 1547/2078/1733 1599/2134/709 1600/2135/709
f 1386/1905/683 1566/2097/683 1626/2161/683 1446/1969/683
f 1566/2097/685 1565/2096/685 1625/2160/685 1626/2161/685
f 1366/1885/685 1546/2077/685 1628/2163/685 1448/1971/685
f 1546/2077/683 1545/2076/683 1627/2162/683 1628/2163/683
f 1380/1899/685 1560/2091/685 1610/2145/685 1430/1953/685
f 1560/2091/685 1559/2090/685 1609/2144/685 1610/2145/685
f 1370/1889/1734 1550/2081/1735 1622/2157/683 1442/1965/683
f 1550/2081/1734 1549/2080/1736 1621/2156/685 1622/2157/685
f 1372/1891/727 1552/2083/685 1630/2165/685 1450/1973/685
f 1552/2083/962 1551/2082/1737 1629/2164/685 1630/2165/685
f 1376/1895/1047 1556/2087/1738 1632/2167/683 1452/1975/683
f 1556/2087/1047 1555/2086/683 1631/2166/683 1632/2167/683
f 1404/1923/1088 1584/2115/1739 1612/2147/1298 1432/1955/685
f 1584/2115/1088 1583/2114/1740 1611/2146/1298 1612/2147/683
f 1384/1903/748 1564/2095/1741 1614/2149/685 1434/1957/685
f 1564/2095/1742 1563/2094/1743 1613/2148/685 1614/2149/685
f 1378/1897/1744 1558/2089/1745 1616/2151/1290 1436/1959/1746
f 1558/2089/1747 1557/2088/1748 1615/2150/1293 1616/2151/1293
f 1374/1893/1749 1554/2085/1750 1618/2153/779 1438/1961/779
f 1554/2085/1751 1553/2084/1752 1617/2152/779 1618/2153/779
f 1382/1901/1753 1562/2093/1754 1620/2155/792 1440/1963/792
f 1562/2093/1755 1561/2092/1756 1619/2154/1757 1620/2155/1757
f 1364/1883/1758 1544/2075/1759 1588/2119/1760 1408/1927/1761
f 1544/2075/1762 1543/2073/1763 1587/2118/1764 1588/2119/1765
f 1469/1994/1601 1499/2025/1766 1679/2217/1767 1649/2186/1768
f 1649/2186/426 1679/2217/1769 1680/2219/1767 1650/2187/426
f 1453/1976/1770 1633/2168/1596 1681/2220/426 1501/2028/426
f 1633/2168/1771 1634/2169/1772 1682/2221/426 1681/2220/426
f 1455/1978/1773 1635/2170/1596 1683/2222/1774 1503/2030/1775
f 1635/2170/1776 1636/2171/1777 1684/2223/1582 1683/2222/1601
f 1457/1980/1773 1637/2172/1778 1685/2224/426 1505/2032/426
f 1637/2172/1776 1638/2174/1779 1686/2225/426 1685/2224/426
f 1459/1984/1780 1639/2176/1781 1687/2226/1782 1507/2034/1783
f 1639/2176/1784 1640/2177/1785 1688/2227/1585 1687/2226/1775
f 1461/1986/1786 1641/2178/1787 1689/2228/1788 1509/2036/1775
f 1641/2178/1789 1642/2179/1790 1690/2229/1585 1689/2228/1791
f 1463/1988/1792 1643/2180/1793 1691/2230/1794 1511/2038/1795
f 1643/2180/1796 1644/2181/1790 1692/2231/426 1691/2230/426
f 1465/1990/1797 1645/2182/1798 1693/2232/426 1513/2040/426
f 1645/2182/1799 1646/2183/1800 1694/2233/426 1693/2232/426
f 1467/1992/1801 1647/2184/1798 1695/2234/1782 1515/2042/1601
f 1647/2184/1799 1648/2185/1802 1696/2235/1568 1695/2234/1791
f 1483/2008/1803 1663/2200/1804 1707/2248/1805 1527/2056/1806
f 1663/2200/1807 1664/2201/1808 1708/2249/1809 1707/2248/1569
f 1485/2010/1810 1665/2202/1811 1709/2250/1812 1529/2058/1813
f 1665/2202/1814 1666/2203/1815 1710/2251/1816 1709/2250/1817
f 1487/2012/1818 1667/2204/1819 1711/2252/1820 1531/2060/1813
f 1667/2204/1821 1668/2205/1822 1712/2253/1823 1711/2252/1813
f 1489/2014/1824 1669/2206/1825 1713/2254/1826 1533/2062/1827
f 1669/2206/1828 1670/2207/1829 1714/2255/1816 1713/2254/1827
f 1491/2016/1830 1671/2208/1831 1715/2256/1812 1535/2064/1832
f 1671/2208/1833 1672/2209/1834 1716/2257/1835 1715/2256/1541
f 1493/2018/1836 1673/2210/1837 1717/2258/1838 1537/2066/1839
f 1673/2210/1840 1674/2211/1841 1718/2259/1842 1717/2258/1843
f 1495/2020/1844 1675/2212/1845 1719/2260/1846 1539/2068/1847
f 1675/2212/1848 1676/2213/1849 1720/2261/1850 1719/2260/1851
f 1497/2022/1852 1677/2214/1853 1721/2262/1854 1541/2070/1855
f 1677/2214/1856 1678/2215/1857 1722/2263/1858 1721/2262/1859
f 1471/1996/1860 1651/2188/1861 1697/2236/1862 1517/2044/1863
f 1651/2188/1864 1652/2189/1865 1698/2237/1866 1697/2236/1867
f 1473/1998/1868 1653/2190/1869 1699/2238/1870 1519/2046/1871
f 1653/2190/1872 1654/2191/1873 1700/2239/1874 1699/2238/1875
f 1475/2000/1876 1655/2192/1877 1701/2240/1878 1521/2048/1879
f 1655/2192/1880 1656/2193/1881 1702/2241/1882 1701/2240/1883
f 1477/2002/1884 1657/2194/1885 1703/2242/1886 1523/2050/1887
f 1657/2194/1888 1658/2195/1889 1704/2243/1890 1703/2242/1891
f 1479/2004/1892 1659/2196/1893 1705/2244/1894 1525/2052/1895
f 1659/2196/1896 1660/2197/1897 1706/2246/1898 1705/2244/1899
f 1469/1994/679 1649/2186/679 1633/2168/679 1453/1976/679
f 1649/2186/679 1650/2187/679 1634/2169/679 1633/2168/679
f 1501/2028/679 1681/2220/679 1635/2170/679 1455/1978/679
f 1681/2220/679 1682/2221/679 1636/2171/679 1635/2170/679
f 1503/2030/725 1683/2222/1900 1637/2172/686 1457/1980/686
f 1683/2222/1469 1684/2223/1901 1638/2174/686 1637/2172/686
f 1505/2032/686 1685/2224/686 1639/2176/686 1459/1984/686
f 1685/2224/679 1686/2225/679 1640/2177/679 1639/2176/679
f 1507/2034/686 1687/2226/686 1641/2178/686 1461/1986/686
f 1687/2226/686 1688/2227/686 1642/2179/686 1641/2178/686
f 1509/2036/1068 1689/2228/1902 1643/2180/679 1463/1988/679
f 1689/2228/694 1690/2229/1903 1644/2181/679 1643/2180/679
f 1511/2038/1904 1691/2230/1905 1645/2182/720 1465/1990/703
f 1691/2230/1906 1692/2231/1907 1646/2183/1908 1645/2182/703
f 1513/2040/686 1693/2232/1909 1647/2184/686 1467/1992/686
f 1693/2232/1910 1694/2233/686 1648/2185/686 1647/2184/686
f 1515/2042/1094 1695/2234/1911 1663/2200/686 1483/2008/686
f 1695/2234/1910 1696/2235/1912 1664/2201/686 1663/2200/686
f 1527/2056/1904 1707/2248/1913 1665/2202/720 1485/2010/720
f 1707/2248/1914 1708/2249/1907 1666/2203/720 1665/2202/720
f 1529/2058/679 1709/2250/679 1667/2204/679 1487/2012/679
f 1709/2250/679 1710/2251/679 1668/2205/679 1667/2204/679
f 1531/2060/726 1711/2252/1900 1669/2206/686 1489/2014/686
f 1711/2252/686 1712/2253/686 1670/2207/686 1669/2206/686
f 1533/2062/686 1713/2254/686 1671/2208/686 1491/2016/686
f 1713/2254/686 1714/2255/686 1672/2209/686 1671/2208/686
f 1535/2064/679 1715/2256/1915 1673/2210/679 1493/2018/679
f 1715/2256/1469 1716/2257/1912 1674/2211/679 1673/2210/679
f 1537/2066/694 1717/2258/686 1675/2212/686 1495/2020/686
f 1717/2258/694 1718/2259/686 1676/2213/686 1675/2212/686
f 1539/2068/694 1719/2260/1915 1677/2214/679 1497/2022/679
f 1719/2260/1056 1720/2261/679 1678/2215/679 1677/2214/679
f 1541/2070/686 1721/2262/686 1651/2188/686 1471/1996/686
f 1721/2262/679 1722/2263/679 1652/2189/679 1651/2188/679
f 1517/2044/1916 1697/2236/1917 1653/2190/686 1473/1998/686
f 1697/2236/1918 1698/2237/1919 1654/2191/686 1653/2190/686
f 1519/2046/1920 1699/2238/1921 1655/2192/759 1475/2000/759
f 1699/2238/1922 1700/2239/1923 1656/2193/759 1655/2192/759
f 1521/2048/1924 1701/2240/1925 1657/2194/1926 1477/2002/1927
f 1701/2240/1928 1702/2241/1929 1658/2195/1930 1657/2194/1931
f 1523/2050/1932 1703/2242/1933 1659/2196/785 1479/2004/785
f 1703/2242/1934 1704/2243/1935 1660/2197/785 1659/2196/785
f 1525/2053/1936 1705/2245/1937 1661/2198/1938 1481/2006/1939
f 1705/2245/1940 1706/2247/1941 1662/2199/1942 1661/2198/1943
l 221 605
l 222 606
l 607 635
l 609 636
l 610 611
l 608 630
l 626 640
l 627 639
l 1407 1481
l 1408 1482
l 1350 1359
l 1349 1360
l 1348 1361
l 1351 1358
l 1352 1357
l 1353 1356
l 1588 1662
l 1587 1661
