# Blender 3.5.1
# www.blender.org
mtllib piramide1.mtl
o pyramids.003
v -5.472672 0.073786 5.090201
v -5.369699 0.073786 5.193174
v -5.421185 0.073786 5.179379
v -5.458876 0.073786 5.141687
v -5.307759 0.354749 4.925288
v -5.293963 0.354749 4.976774
v -5.256272 0.354749 5.014465
v -5.204786 0.354749 5.028261
v 5.472672 0.073786 5.090201
v 5.458876 0.073786 5.141687
v 5.421185 0.073786 5.179379
v 5.369699 0.073786 5.193174
v 5.204786 0.354749 5.028261
v 5.256272 0.354749 5.014465
v 5.293963 0.354749 4.976774
v 5.307759 0.354749 4.925288
v -5.458876 0.073785 -5.700683
v -5.421185 0.073785 -5.738374
v -5.369699 0.073785 -5.752170
v -5.472672 0.073785 -5.649197
v -5.204786 0.354748 -5.587256
v -5.256272 0.354748 -5.573461
v -5.293963 0.354748 -5.535769
v -5.307759 0.354748 -5.484283
v 5.421185 0.073785 -5.738374
v 5.458876 0.073785 -5.700683
v 5.472672 0.073785 -5.649197
v 5.369699 0.073785 -5.752170
v 5.307759 0.354748 -5.484283
v 5.293963 0.354748 -5.535769
v 5.256272 0.354748 -5.573461
v 5.204786 0.354748 -5.587256
v -5.250282 0.350707 -5.426805
v -5.236486 0.350707 -5.478292
v -5.198795 0.350707 -5.515983
v -5.147308 0.350707 -5.529778
v -5.250282 0.350708 4.867810
v -5.236486 0.350708 4.919296
v -5.198795 0.350708 4.956987
v -5.147308 0.350708 4.970783
v -5.085369 0.631672 4.702899
v -5.071573 0.631672 4.754386
v -5.033882 0.631672 4.792077
v -4.982396 0.631672 4.805873
v -4.982395 0.631673 -5.364867
v -5.033881 0.631673 -5.351070
v -5.071572 0.631673 -5.313380
v -5.085368 0.631673 -5.261894
v 5.147308 0.350708 4.970783
v 5.198795 0.350708 4.956987
v 5.236486 0.350708 4.919296
v 5.250282 0.350708 4.867810
v 4.982396 0.631672 4.805872
v 5.033883 0.631672 4.792075
v 5.071574 0.631672 4.754385
v 5.085370 0.631672 4.702899
v 5.250282 0.350707 -5.426805
v 5.236486 0.350707 -5.478292
v 5.198795 0.350707 -5.515983
v 5.147308 0.350707 -5.529778
v 5.085369 0.631671 -5.261894
v 5.071573 0.631671 -5.313381
v 5.033882 0.631671 -5.351072
v 4.982396 0.631671 -5.364868
v -5.027891 0.627630 -5.204417
v -5.014095 0.627630 -5.255903
v -4.976404 0.627630 -5.293593
v -4.924917 0.627630 -5.307390
v -5.027892 0.627631 4.645422
v -5.014096 0.627631 4.696909
v -4.976405 0.627631 4.734600
v -4.924919 0.627631 4.748396
v -4.862979 0.908596 4.480508
v -4.849183 0.908596 4.531995
v -4.811492 0.908596 4.569686
v -4.760005 0.908596 4.583482
v -4.760005 0.908595 -5.142477
v -4.811491 0.908595 -5.128682
v -4.849182 0.908595 -5.090991
v -4.862978 0.908595 -5.039504
v 4.924919 0.627631 4.748395
v 4.976405 0.627631 4.734598
v 5.014096 0.627631 4.696908
v 5.027892 0.627631 4.645422
v 4.760005 0.908596 4.583481
v 4.811492 0.908596 4.569686
v 4.849183 0.908596 4.531995
v 4.862979 0.908596 4.480508
v 5.027892 0.627630 -5.204417
v 5.014096 0.627630 -5.255904
v 4.976405 0.627630 -5.293595
v 4.924919 0.627630 -5.307391
v 4.862979 0.908595 -5.039504
v 4.849184 0.908595 -5.090991
v 4.811493 0.908595 -5.128682
v 4.760006 0.908595 -5.142477
v -4.805501 0.904552 -4.982026
v -4.791705 0.904552 -5.033513
v -4.754014 0.904552 -5.071205
v -4.702527 0.904552 -5.085000
v -4.805501 0.904553 4.423031
v -4.791705 0.904553 4.474518
v -4.754014 0.904553 4.512209
v -4.702528 0.904553 4.526005
v -4.640589 1.185518 4.258117
v -4.626793 1.185518 4.309604
v -4.589102 1.185518 4.347295
v -4.537615 1.185518 4.361091
v -4.537616 1.185517 -4.920085
v -4.589103 1.185517 -4.906290
v -4.626794 1.185517 -4.868598
v -4.640590 1.185517 -4.817111
v 4.702528 0.904553 4.526004
v 4.754015 0.904553 4.512209
v 4.791706 0.904553 4.474518
v 4.805501 0.904553 4.423031
v 4.537614 1.185518 4.361091
v 4.589101 1.185518 4.347295
v 4.626791 1.185518 4.309604
v 4.640587 1.185518 4.258117
v 4.805502 0.904552 -4.982027
v 4.791706 0.904552 -5.033514
v 4.754015 0.904552 -5.071205
v 4.702528 0.904552 -5.085000
v 4.640588 1.185517 -4.817111
v 4.626792 1.185517 -4.868598
v 4.589101 1.185517 -4.906290
v 4.537614 1.185517 -4.920085
v -4.583112 1.181474 -4.759634
v -4.569316 1.181474 -4.811121
v -4.531625 1.181474 -4.848812
v -4.480138 1.181474 -4.862607
v -4.583111 1.181475 4.200639
v -4.569315 1.181475 4.252126
v -4.531625 1.181475 4.289817
v -4.480138 1.181475 4.303613
v -4.418200 1.462439 4.035728
v -4.404404 1.462439 4.087215
v -4.366714 1.462439 4.124907
v -4.315227 1.462439 4.138702
v -4.315225 1.462439 -4.697697
v -4.366712 1.462439 -4.683901
v -4.404403 1.462439 -4.646210
v -4.418199 1.462439 -4.594723
v 4.480136 1.181478 4.303613
v 4.531623 1.181478 4.289817
v 4.569314 1.181478 4.252126
v 4.583110 1.181478 4.200639
v 4.315226 1.462440 4.138702
v 4.366713 1.462440 4.124907
v 4.404404 1.462440 4.087215
v 4.418200 1.462440 4.035728
v 4.583110 1.181474 -4.759634
v 4.569314 1.181474 -4.811121
v 4.531623 1.181474 -4.848812
v 4.480136 1.181474 -4.862607
v 4.418200 1.462438 -4.594724
v 4.404404 1.462438 -4.646211
v 4.366713 1.462438 -4.683902
v 4.315226 1.462438 -4.697698
v -4.360722 1.458397 -4.537246
v -4.346926 1.458397 -4.588733
v -4.309235 1.458397 -4.626424
v -4.257748 1.458397 -4.640220
v -4.360723 1.458396 3.978251
v -4.346927 1.458396 4.029738
v -4.309236 1.458396 4.067430
v -4.257749 1.458396 4.081225
v -4.195806 1.739363 3.813336
v -4.182010 1.739363 3.864822
v -4.144319 1.739363 3.902514
v -4.092832 1.739363 3.916309
v -4.092835 1.739361 -4.475306
v -4.144321 1.739361 -4.461510
v -4.182013 1.739361 -4.423819
v -4.195808 1.739361 -4.372332
v 4.257749 1.458398 4.081224
v 4.309236 1.458398 4.067429
v 4.346927 1.458398 4.029738
v 4.360723 1.458398 3.978251
v 4.092833 1.739363 3.916308
v 4.144320 1.739363 3.902512
v 4.182011 1.739363 3.864822
v 4.195807 1.739363 3.813335
v 4.360723 1.458397 -4.537247
v 4.346927 1.458397 -4.588734
v 4.309236 1.458397 -4.626425
v 4.257749 1.458397 -4.640221
v 4.195807 1.739363 -4.372332
v 4.182011 1.739363 -4.423818
v 4.144320 1.739363 -4.461509
v 4.092833 1.739363 -4.475305
v -4.138330 1.735318 -4.314855
v -4.124535 1.735318 -4.366341
v -4.086843 1.735318 -4.404032
v -4.035357 1.735318 -4.417828
v -4.138328 1.735322 3.755858
v -4.124532 1.735322 3.807345
v -4.086842 1.735322 3.845036
v -4.035355 1.735322 3.858832
v -3.973417 2.016287 3.590945
v -3.959621 2.016287 3.642431
v -3.921930 2.016287 3.680122
v -3.870444 2.016287 3.693918
v -3.870444 2.016284 -4.252915
v -3.921931 2.016284 -4.239119
v -3.959622 2.016284 -4.201428
v -3.973418 2.016284 -4.149941
v 4.035355 1.735322 3.858830
v 4.086842 1.735322 3.845034
v 4.124532 1.735322 3.807343
v 4.138328 1.735322 3.755856
v 3.870446 2.016287 3.693920
v 3.921933 2.016287 3.680124
v 3.959624 2.016287 3.642433
v 3.973420 2.016287 3.590946
v 4.138329 1.735321 -4.314854
v 4.124533 1.735321 -4.366341
v 4.086842 1.735321 -4.404032
v 4.035355 1.735321 -4.417828
v 3.973420 2.016284 -4.149943
v 3.959624 2.016284 -4.201430
v 3.921933 2.016284 -4.239121
v 3.870446 2.016284 -4.252917
v -3.915940 2.031172 -4.092464
v -3.902144 2.031172 -4.143951
v -3.864453 2.031172 -4.181642
v -3.812966 2.031172 -4.195438
v -3.915939 2.031174 3.533467
v -3.902143 2.031174 3.584954
v -3.864452 2.031174 3.622645
v -3.812965 2.031174 3.636441
v -3.751030 2.312139 3.368560
v -3.737234 2.312139 3.420047
v -3.699543 2.312139 3.457738
v -3.648057 2.312139 3.471534
v -3.648055 2.312138 -4.030527
v -3.699542 2.312138 -4.016731
v -3.737233 2.312138 -3.979040
v -3.751029 2.312138 -3.927554
v 3.812969 2.031173 3.636442
v 3.864456 2.031173 3.622646
v 3.902147 2.031173 3.584956
v 3.915943 2.031173 3.533469
v 3.648053 2.312139 3.471534
v 3.699541 2.312139 3.457738
v 3.737232 2.312139 3.420048
v 3.751028 2.312139 3.368561
v 3.915943 2.031172 -4.092466
v 3.902147 2.031172 -4.143952
v 3.864456 2.031172 -4.181643
v 3.812969 2.031172 -4.195439
v 3.751028 2.312138 -3.927554
v 3.737232 2.312138 -3.979041
v 3.699541 2.312138 -4.016732
v 3.648054 2.312138 -4.030527
v -3.693551 2.308095 -3.870076
v -3.679755 2.308095 -3.921563
v -3.642064 2.308095 -3.959254
v -3.590578 2.308095 -3.973050
v -3.693553 2.308094 3.311083
v -3.679757 2.308094 3.362570
v -3.642066 2.308094 3.400261
v -3.590579 2.308094 3.414057
v -3.528640 2.589061 3.146167
v -3.514844 2.589061 3.197654
v -3.477153 2.589061 3.235346
v -3.425667 2.589061 3.249141
v -3.425666 2.589060 -3.808136
v -3.477152 2.589060 -3.794340
v -3.514843 2.589060 -3.756649
v -3.528639 2.589060 -3.705162
v 3.590577 2.308093 3.414057
v 3.642064 2.308093 3.400262
v 3.679754 2.308093 3.362570
v 3.693550 2.308093 3.311083
v 3.425667 2.589061 3.249141
v 3.477154 2.589061 3.235346
v 3.514844 2.589061 3.197654
v 3.528640 2.589061 3.146167
v 3.693550 2.308095 -3.870077
v 3.679754 2.308095 -3.921564
v 3.642064 2.308095 -3.959254
v 3.590577 2.308095 -3.973050
v 3.528640 2.589056 -3.705163
v 3.514844 2.589056 -3.756650
v 3.477153 2.589056 -3.794341
v 3.425667 2.589056 -3.808137
v -3.471162 2.585019 -3.647685
v -3.457366 2.585019 -3.699172
v -3.419675 2.585019 -3.736863
v -3.368188 2.585019 -3.750659
v -3.471163 2.585016 3.088690
v -3.457367 2.585016 3.140177
v -3.419676 2.585016 3.177868
v -3.368189 2.585016 3.191664
v -3.306249 2.865981 2.923780
v -3.292453 2.865981 2.975266
v -3.254762 2.865981 3.012957
v -3.203275 2.865981 3.026753
v -3.203276 2.865980 -3.585748
v -3.254763 2.865980 -3.571952
v -3.292454 2.865980 -3.534261
v -3.306250 2.865980 -3.482775
v 3.368189 2.585016 3.191664
v 3.419676 2.585016 3.177868
v 3.457367 2.585016 3.140177
v 3.471163 2.585016 3.088690
v 3.203276 2.865981 3.026752
v 3.254763 2.865981 3.012956
v 3.292454 2.865981 2.975265
v 3.306250 2.865981 2.923779
v 3.471163 2.585015 -3.647686
v 3.457367 2.585015 -3.699173
v 3.419676 2.585015 -3.736864
v 3.368189 2.585015 -3.750660
v 3.306250 2.865980 -3.482774
v 3.292454 2.865980 -3.534261
v 3.254763 2.865980 -3.571952
v 3.203276 2.865980 -3.585748
v -3.248772 2.880867 -3.425298
v -3.234976 2.880867 -3.476785
v -3.197285 2.880867 -3.514475
v -3.145799 2.880867 -3.528271
v -3.248771 2.880868 2.866302
v -3.234976 2.880868 2.917789
v -3.197285 2.880868 2.955480
v -3.145798 2.880868 2.969276
v -3.083857 3.161842 2.701380
v -3.070061 3.161842 2.752867
v -3.032370 3.161842 2.790558
v -2.980884 3.161842 2.804353
v -2.980883 3.161838 -3.363354
v -3.032370 3.161838 -3.349558
v -3.070061 3.161838 -3.311867
v -3.083857 3.161838 -3.260380
v 3.145800 2.880868 2.969276
v 3.197286 2.880868 2.955480
v 3.234977 2.880868 2.917789
v 3.248773 2.880868 2.866302
v 2.980881 3.161841 2.804355
v 3.032367 3.161841 2.790560
v 3.070058 3.161841 2.752868
v 3.083854 3.161841 2.701381
v 3.248773 2.880867 -3.425297
v 3.234977 2.880867 -3.476784
v 3.197286 2.880867 -3.514475
v 3.145800 2.880867 -3.528271
v 3.083856 3.161839 -3.260379
v 3.070060 3.161839 -3.311866
v 3.032369 3.161839 -3.349557
v 2.980882 3.161839 -3.363352
v -3.026379 3.157796 -3.202902
v -3.012583 3.157796 -3.254389
v -2.974892 3.157796 -3.292080
v -2.923405 3.157796 -3.305876
v -3.026379 3.157801 2.643903
v -3.012583 3.157801 2.695389
v -2.974891 3.157801 2.733080
v -2.923404 3.157801 2.746875
v -2.861470 3.438758 2.479003
v -2.847674 3.438758 2.530490
v -2.809983 3.438758 2.568180
v -2.758496 3.438758 2.581976
v -2.758494 3.438761 -3.140966
v -2.809981 3.438761 -3.127170
v -2.847672 3.438761 -3.089479
v -2.861468 3.438761 -3.037993
v 2.923402 3.157800 2.746876
v 2.974889 3.157800 2.733081
v 3.012581 3.157800 2.695390
v 3.026376 3.157800 2.643903
v 2.758493 3.438760 2.581975
v 2.809980 3.438760 2.568179
v 2.847671 3.438760 2.530488
v 2.861467 3.438760 2.479002
v 3.026378 3.157797 -3.202901
v 3.012583 3.157797 -3.254388
v 2.974891 3.157797 -3.292079
v 2.923404 3.157797 -3.305874
v 2.861466 3.438761 -3.037994
v 2.847671 3.438761 -3.089480
v 2.809979 3.438761 -3.127171
v 2.758492 3.438761 -3.140967
v -2.803991 3.434719 -2.980515
v -2.790195 3.434719 -3.032002
v -2.752504 3.434719 -3.069693
v -2.701017 3.434719 -3.083489
v -2.803993 3.434715 2.421526
v -2.790197 3.434715 2.473013
v -2.752506 3.434715 2.510704
v -2.701020 3.434715 2.524500
v -2.639076 3.715683 2.256604
v -2.625280 3.715683 2.308091
v -2.587589 3.715683 2.345782
v -2.536102 3.715683 2.359578
v -2.536107 3.715680 -2.918580
v -2.587594 3.715680 -2.904784
v -2.625285 3.715680 -2.867093
v -2.639081 3.715680 -2.815606
v 2.701017 3.434717 2.524498
v 2.752503 3.434717 2.510702
v 2.790194 3.434717 2.473011
v 2.803990 3.434717 2.421523
v 2.536105 3.715682 2.359580
v 2.587592 3.715682 2.345784
v 2.625283 3.715682 2.308093
v 2.639078 3.715682 2.256605
v 2.803989 3.434719 -2.980516
v 2.790193 3.434719 -3.032003
v 2.752502 3.434719 -3.069694
v 2.701015 3.434719 -3.083490
v 2.639080 3.715680 -2.815606
v 2.625284 3.715680 -2.867093
v 2.587594 3.715680 -2.904784
v 2.536107 3.715680 -2.918580
v -2.581603 3.711637 -2.758129
v -2.567808 3.711637 -2.809616
v -2.530117 3.711637 -2.847308
v -2.478630 3.711637 -2.861103
v -2.581598 3.711641 2.199127
v -2.567802 3.711641 2.250614
v -2.530111 3.711641 2.288305
v -2.478624 3.711641 2.302101
v -2.416688 3.992606 2.034211
v -2.402893 3.992606 2.085699
v -2.365202 3.992606 2.123390
v -2.313715 3.992606 2.137186
v -2.313713 3.992607 -2.696183
v -2.365200 3.992607 -2.682387
v -2.402891 3.992607 -2.644697
v -2.416687 3.992607 -2.593210
v 2.478627 3.711639 2.302102
v 2.530114 3.711639 2.288307
v 2.567805 3.711639 2.250616
v 2.581601 3.711639 2.199129
v 2.313713 3.992606 2.137187
v 2.365200 3.992606 2.123391
v 2.402891 3.992606 2.085701
v 2.416687 3.992606 2.034214
v 2.581604 3.711637 -2.758130
v 2.567808 3.711637 -2.809617
v 2.530117 3.711637 -2.847308
v 2.478630 3.711637 -2.861104
v 2.416688 3.992605 -2.593210
v 2.402893 3.992605 -2.644697
v 2.365202 3.992605 -2.682388
v 2.313715 3.992605 -2.696184
v -2.359209 3.988565 -2.535732
v -2.345413 3.988565 -2.587219
v -2.307722 3.988565 -2.624910
v -2.256235 3.988565 -2.638706
v -2.359211 3.988564 1.976734
v -2.345415 3.988564 2.028221
v -2.307724 3.988564 2.065912
v -2.256237 3.988564 2.079707
v -2.194302 4.269525 1.811830
v -2.180506 4.269525 1.863317
v -2.142815 4.269525 1.901008
v -2.091328 4.269525 1.914803
v -2.091325 4.269524 -2.473796
v -2.142812 4.269524 -2.460000
v -2.180503 4.269524 -2.422310
v -2.194299 4.269524 -2.370823
v 2.256235 3.988564 2.079709
v 2.307722 3.988564 2.065913
v 2.345413 3.988564 2.028223
v 2.359209 3.988564 1.976736
v 2.091325 4.269525 1.914802
v 2.142812 4.269525 1.901006
v 2.180503 4.269525 1.863316
v 2.194299 4.269525 1.811829
v 2.359211 3.988563 -2.535733
v 2.345415 3.988563 -2.587220
v 2.307724 3.988563 -2.624910
v 2.256238 3.988563 -2.638706
v 2.194298 4.269525 -2.370821
v 2.180502 4.269525 -2.422308
v 2.142811 4.269525 -2.459999
v 2.091325 4.269525 -2.473795
v -2.136822 4.265482 -2.313346
v -2.123026 4.265482 -2.364833
v -2.085335 4.265482 -2.402524
v -2.033849 4.265482 -2.416320
v -2.136825 4.265481 1.754353
v -2.123029 4.265481 1.805840
v -2.085339 4.265481 1.843531
v -2.033852 4.265481 1.857327
v -1.971899 4.546455 1.589429
v -1.958103 4.546455 1.640916
v -1.920412 4.546455 1.678607
v -1.868925 4.546455 1.692402
v -1.868934 4.546451 -2.251399
v -1.920420 4.546451 -2.237603
v -1.958111 4.546451 -2.199912
v -1.971907 4.546451 -2.148425
v 2.033849 4.265481 1.857326
v 2.085336 4.265481 1.843530
v 2.123027 4.265481 1.805839
v 2.136822 4.265481 1.754352
v 1.868924 4.546454 1.692403
v 1.920411 4.546454 1.678607
v 1.958102 4.546454 1.640916
v 1.971897 4.546454 1.589429
v 2.136822 4.265482 -2.313345
v 2.123026 4.265482 -2.364831
v 2.085335 4.265482 -2.402522
v 2.033848 4.265482 -2.416318
v 1.971897 4.546457 -2.148423
v 1.958101 4.546457 -2.199910
v 1.920410 4.546457 -2.237601
v 1.868923 4.546457 -2.251397
v -1.914428 4.542409 -2.090947
v -1.900633 4.542409 -2.142434
v -1.862941 4.542409 -2.180124
v -1.811454 4.542409 -2.193920
v -1.914421 4.542415 1.531950
v -1.900625 4.542415 1.583437
v -1.862934 4.542415 1.621128
v -1.811447 4.542415 1.634924
v -1.749519 4.823370 1.367048
v -1.735723 4.823370 1.418535
v -1.698032 4.823370 1.456226
v -1.646545 4.823370 1.470022
v -1.646538 4.823374 -2.029016
v -1.698025 4.823374 -2.015220
v -1.735717 4.823374 -1.977530
v -1.749513 4.823374 -1.926043
v 1.811445 4.542415 1.634924
v 1.862931 4.542415 1.621128
v 1.900622 4.542415 1.583437
v 1.914418 4.542415 1.531950
v 1.646549 4.823369 1.470023
v 1.698035 4.823369 1.456227
v 1.735726 4.823369 1.418536
v 1.749522 4.823369 1.367049
v 1.914418 4.542417 -2.090944
v 1.900622 4.542417 -2.142431
v 1.862931 4.542417 -2.180122
v 1.811444 4.542417 -2.193918
v 1.749523 4.823367 -1.926046
v 1.735727 4.823367 -1.977533
v 1.698036 4.823367 -2.015224
v 1.646549 4.823367 -2.029019
v -1.692035 4.819331 -1.868565
v -1.678239 4.819331 -1.920052
v -1.640548 4.819331 -1.957743
v -1.589062 4.819331 -1.971539
v -1.692041 4.819329 1.309571
v -1.678245 4.819329 1.361058
v -1.640554 4.819329 1.398749
v -1.589068 4.819329 1.412545
v -1.527129 5.100295 1.144651
v -1.513333 5.100295 1.196138
v -1.475642 5.100296 1.233829
v -1.424156 5.100296 1.247625
v -1.424152 5.100299 -1.806620
v -1.475638 5.100299 -1.792825
v -1.513329 5.100299 -1.755133
v -1.527125 5.100299 -1.703646
v 1.589072 4.819326 1.412546
v 1.640559 4.819326 1.398750
v 1.678250 4.819326 1.361060
v 1.692046 4.819326 1.309573
v 1.424144 5.100304 1.247622
v 1.475631 5.100304 1.233826
v 1.513322 5.100304 1.196135
v 1.527118 5.100304 1.144649
v 1.692046 4.819326 -1.868570
v 1.678250 4.819326 -1.920056
v 1.640559 4.819326 -1.957747
v 1.589072 4.819326 -1.971543
v 1.527120 5.100303 -1.703646
v 1.513324 5.100303 -1.755132
v 1.475633 5.100303 -1.792823
v 1.424146 5.100303 -1.806619
v -1.469647 5.096256 -1.646169
v -1.455851 5.096256 -1.697655
v -1.418160 5.096256 -1.735346
v -1.366673 5.096256 -1.749142
v -1.469651 5.096252 1.087174
v -1.455855 5.096252 1.138660
v -1.418164 5.096253 1.176351
v -1.366677 5.096253 1.190146
v -1.304740 5.377212 0.922274
v -1.290944 5.377212 0.973760
v -1.253253 5.377212 1.011451
v -1.201766 5.377212 1.025247
v -1.201769 5.377211 -1.584244
v -1.253256 5.377211 -1.570448
v -1.290947 5.377211 -1.532757
v -1.304743 5.377211 -1.481271
v 1.366665 5.096262 1.190143
v 1.418151 5.096263 1.176347
v 1.455842 5.096263 1.138656
v 1.469638 5.096263 1.087169
v 1.201778 5.377207 1.025251
v 1.253264 5.377207 1.011455
v 1.290955 5.377205 0.973764
v 1.304751 5.377205 0.922277
v 1.469640 5.096259 -1.646166
v 1.455844 5.096259 -1.697653
v 1.418153 5.096259 -1.735344
v 1.366667 5.096259 -1.749140
v 1.304750 5.377209 -1.481273
v 1.290954 5.377209 -1.532760
v 1.253264 5.377209 -1.570451
v 1.201777 5.377209 -1.584247
v -1.247266 5.370454 -1.423794
v -1.233470 5.370454 -1.475281
v -1.195780 5.370454 -1.512972
v -1.144293 5.370454 -1.526768
v -1.247264 5.370458 0.864797
v -1.233468 5.370458 0.916284
v -1.195777 5.370458 0.953975
v -1.144291 5.370458 0.967771
v -1.082344 5.651431 0.699871
v -1.068549 5.651431 0.751358
v -1.030858 5.651431 0.789049
v -0.979371 5.651431 0.802845
v -0.979376 5.651427 -1.361844
v -1.030862 5.651427 -1.348048
v -1.068553 5.651427 -1.310357
v -1.082348 5.651427 -1.258870
v 1.144302 5.370451 0.967775
v 1.195789 5.370451 0.953979
v 1.233480 5.370451 0.916288
v 1.247275 5.370451 0.864801
v 0.979375 5.651428 0.802848
v 1.030862 5.651428 0.789052
v 1.068553 5.651428 0.751362
v 1.082349 5.651428 0.699875
v 1.247275 5.370453 -1.423797
v 1.233479 5.370453 -1.475284
v 1.195788 5.370453 -1.512975
v 1.144301 5.370453 -1.526771
v 1.082350 5.651423 -1.258871
v 1.068554 5.651423 -1.310358
v 1.030863 5.651423 -1.348049
v 0.979376 5.651423 -1.361845
v -1.024871 5.644672 -1.201394
v -1.011075 5.644672 -1.252881
v -0.973385 5.644672 -1.290572
v -0.921898 5.644672 -1.304368
v -1.024866 5.644675 0.642393
v -1.011070 5.644675 0.693879
v -0.973379 5.644675 0.731570
v -0.921892 5.644675 0.745366
v -0.859963 5.925632 0.477501
v -0.846167 5.925632 0.528988
v -0.808476 5.925632 0.566678
v -0.756989 5.925632 0.580474
v -0.756978 5.925646 -1.139443
v -0.808465 5.925645 -1.125648
v -0.846156 5.925645 -1.087957
v -0.859952 5.925644 -1.036470
v 0.921897 5.644672 0.745370
v 0.973385 5.644672 0.731574
v 1.011077 5.644672 0.693884
v 1.024873 5.644672 0.642398
v 0.756973 5.925637 0.580468
v 0.808461 5.925637 0.566672
v 0.846152 5.925638 0.528981
v 0.859948 5.925638 0.477495
v 1.024875 5.644669 -1.201396
v 1.011079 5.644669 -1.252882
v 0.973388 5.644669 -1.290573
v 0.921901 5.644669 -1.304369
v 0.859941 5.925649 -1.036469
v 0.846145 5.925649 -1.087955
v 0.808453 5.925649 -1.125645
v 0.756966 5.925649 -1.139441
v -0.802473 5.930051 -0.978992
v -0.788677 5.930052 -1.030478
v -0.750985 5.930052 -1.068168
v -0.699498 5.930053 -1.081964
v -0.802487 5.930035 0.420026
v -0.788692 5.930035 0.471514
v -0.751002 5.930034 0.509207
v -0.699517 5.930034 0.523003
v -0.637552 6.211033 0.255046
v -0.623756 6.211035 0.306534
v -0.586066 6.211036 0.344226
v -0.534580 6.211036 0.358022
v -0.534597 6.211001 -0.917075
v -0.586084 6.211002 -0.903279
v -0.623775 6.211003 -0.865588
v -0.637570 6.211004 -0.814101
v 0.699502 5.930040 0.522996
v 0.750986 5.930040 0.509199
v 0.788675 5.930042 0.471506
v 0.802470 5.930042 0.420017
v 0.534588 6.211031 0.358024
v 0.586073 6.211031 0.344227
v 0.623762 6.211030 0.306535
v 0.637558 6.211029 0.255047
v 0.802461 5.930056 -0.978988
v 0.788664 5.930057 -1.030474
v 0.750973 5.930057 -1.068165
v 0.699486 5.930057 -1.081961
v 0.637573 6.211004 -0.814100
v 0.623778 6.211003 -0.865588
v 0.586088 6.211002 -0.903279
v 0.534601 6.211001 -0.917075
v -0.477118 6.215407 -0.859598
v -0.528606 6.215407 -0.845802
v -0.566297 6.215409 -0.808111
v -0.580092 6.215411 -0.756624
v -0.580071 6.215445 0.197561
v -0.566274 6.215446 0.249047
v -0.528582 6.215447 0.286737
v -0.477095 6.215447 0.300532
v 0.477102 6.215446 0.300534
v 0.528590 6.215445 0.286739
v 0.566282 6.215444 0.249049
v 0.580079 6.215442 0.197564
v 0.580097 6.215409 -0.756625
v 0.566302 6.215407 -0.808112
v 0.528610 6.215406 -0.845803
v 0.477123 6.215405 -0.859599
v -0.178198 6.211001 -0.917075
v 0.178202 6.211001 -0.917075
v -0.919499 3.438761 -3.140966
v 0.919497 3.438761 -3.140967
v -1.067759 2.865980 -3.585748
v 1.067759 2.865980 -3.585748
v -0.771237 3.992607 -2.696183
v 0.771239 3.992606 -2.696184
v -0.697108 4.269525 -2.473796
v 0.697108 4.269525 -2.473795
v -0.326459 5.651426 -1.361845
v 0.326459 5.651424 -1.361845
v -0.622982 4.546453 -2.251398
v 0.622971 4.546455 -2.251398
v -0.400587 5.377211 -1.584245
v 0.400595 5.377210 -1.584246
v -0.845369 3.715680 -2.918580
v 0.845369 3.715680 -2.918580
v -0.252330 5.925647 -1.139442
v 0.252318 5.925648 -1.139442
v -0.474719 5.100300 -1.806620
v 0.474713 5.100302 -1.806619
v -0.993628 3.161839 -3.363353
v 0.993627 3.161839 -3.363353
v -1.734929 0.354748 -5.587256
v 1.734929 0.354748 -5.587256
v -1.660798 0.631673 -5.364867
v 1.660799 0.631672 -5.364867
v -1.586668 0.908595 -5.142477
v 1.586669 0.908595 -5.142477
v -1.512539 1.185517 -4.920085
v 1.512537 1.185517 -4.920085
v -1.438408 1.462439 -4.697697
v 1.438409 1.462438 -4.697698
v -1.364279 1.739362 -4.475306
v 1.364277 1.739363 -4.475305
v -1.290147 2.016284 -4.252915
v 1.290149 2.016284 -4.252916
v -1.216019 2.312138 -4.030527
v 1.216018 2.312138 -4.030527
v -0.548842 4.823372 -2.029017
v 0.548853 4.823370 -2.029018
v -1.141888 2.589059 -3.808136
v 1.141889 2.589057 -3.808136
v -0.159038 6.215406 -0.859598
v 0.159043 6.215406 -0.859599
v -1.789900 0.073785 -5.752170
v 1.789900 0.073785 -5.752170
v -1.715769 0.350707 -5.529778
v 1.715769 0.350707 -5.529778
v -1.641638 0.627630 -5.307390
v 1.641640 0.627630 -5.307390
v -1.567509 0.904552 -5.085000
v 1.567510 0.904552 -5.085000
v -1.493380 1.181474 -4.862607
v 1.493378 1.181474 -4.862607
v -1.048599 2.880867 -3.528271
v 1.048600 2.880867 -3.528271
v -1.419249 1.458397 -4.640220
v 1.419250 1.458397 -4.640221
v -1.345119 1.735319 -4.417828
v 1.345118 1.735320 -4.417828
v -1.270988 2.031172 -4.195438
v 1.270991 2.031172 -4.195438
v -1.196860 2.308095 -3.973050
v 1.196859 2.308095 -3.973050
v -0.826210 3.711637 -2.861103
v 0.826210 3.711637 -2.861104
v -0.529684 4.819329 -1.971540
v 0.529694 4.819328 -1.971542
v -0.455560 5.096257 -1.749141
v 0.455554 5.096258 -1.749141
v -0.381428 5.370454 -1.526769
v 0.381436 5.370453 -1.526770
v -0.307298 5.644671 -1.304368
v 0.307301 5.644670 -1.304369
v -0.233170 5.930055 -1.081963
v 0.233158 5.930056 -1.081962
v -0.752077 3.988565 -2.638706
v 0.752080 3.988564 -2.638706
v -1.122729 2.585018 -3.750659
v 1.122730 2.585017 -3.750659
v -0.974469 3.157797 -3.305875
v 0.974468 3.157797 -3.305875
v -0.900340 3.434719 -3.083489
v 0.900338 3.434719 -3.083490
v -0.677950 4.265482 -2.416319
v 0.677949 4.265482 -2.416319
v -0.603821 4.542412 -2.193919
v 0.603811 4.542414 -2.193919
v -1.715769 0.350708 4.970783
v 1.715769 0.350708 4.970783
v -1.641640 0.627631 4.748396
v 1.641640 0.627631 4.748395
v -1.567509 0.904553 4.526005
v 1.567509 0.904553 4.526004
v -1.493380 1.181476 4.303613
v 1.493378 1.181477 4.303613
v -1.419250 1.458397 4.081224
v 1.419250 1.458397 4.081224
v -1.345118 1.735322 3.858832
v 1.345118 1.735322 3.858831
v -1.270987 2.031174 3.636442
v 1.270991 2.031173 3.636442
v -1.196860 2.308094 3.414057
v 1.196858 2.308093 3.414057
v -1.734929 0.354749 5.028261
v 1.734929 0.354749 5.028261
v -0.529688 4.819328 1.412545
v 0.529692 4.819327 1.412545
v -0.455563 5.096256 1.190145
v 0.455551 5.096259 1.190144
v -0.381427 5.370456 0.967772
v 0.381438 5.370454 0.967774
v -0.307296 5.644674 0.745367
v 0.307301 5.644673 0.745369
v -0.233177 5.930036 0.523000
v 0.233162 5.930038 0.522998
v -0.159029 6.215447 0.300533
v 0.159036 6.215446 0.300533
v -1.122730 2.585016 3.191664
v 1.122730 2.585016 3.191664
v -1.048599 2.880868 2.969276
v 1.048601 2.880868 2.969276
v -0.974469 3.157800 2.746875
v 0.974467 3.157800 2.746876
v -0.900341 3.434716 2.524500
v 0.900338 3.434716 2.524499
v -0.826207 3.711640 2.302101
v 0.826210 3.711639 2.302101
v -0.752080 3.988564 2.079707
v 0.752078 3.988564 2.079708
v -0.677952 4.265481 1.857326
v 0.677949 4.265481 1.857326
v -0.603816 4.542415 1.634924
v 0.603814 4.542415 1.634924
v -1.789900 0.073786 5.193174
v 1.789900 0.073786 5.193174
v -1.660799 0.631672 4.805873
v 1.660799 0.631672 4.805873
v -1.586668 0.908596 4.583482
v 1.586668 0.908596 4.583482
v -1.512538 1.185518 4.361091
v 1.512538 1.185518 4.361091
v -1.438409 1.462439 4.138702
v 1.438408 1.462440 4.138702
v -1.364277 1.739363 3.916309
v 1.364278 1.739363 3.916308
v -1.290147 2.016287 3.693919
v 1.290149 2.016287 3.693920
v -1.216020 2.312139 3.471534
v 1.216016 2.312139 3.471534
v -1.141889 2.589061 3.249141
v 1.141889 2.589061 3.249141
v -0.474723 5.100298 1.247624
v 0.474711 5.100301 1.247623
v -0.400585 5.377210 1.025248
v 0.400597 5.377209 1.025250
v -0.326456 5.651430 0.802846
v 0.326460 5.651429 0.802847
v -0.252335 5.925633 0.580472
v 0.252319 5.925635 0.580470
v -0.178191 6.211034 0.358023
v 0.178199 6.211033 0.358023
v -1.067758 2.865981 3.026753
v 1.067759 2.865981 3.026752
v -0.993629 3.161842 2.804354
v 0.993626 3.161841 2.804354
v -0.919500 3.438759 2.581976
v 0.919497 3.438759 2.581975
v -0.845366 3.715683 2.359578
v 0.845369 3.715682 2.359579
v -0.771239 3.992606 2.137186
v 0.771237 3.992606 2.137187
v -0.697110 4.269525 1.914802
v 0.697107 4.269525 1.914802
v -0.622975 4.546455 1.692403
v 0.622974 4.546454 1.692403
v -0.548847 4.823370 1.470022
v 0.548851 4.823369 1.470022
v -0.059398 6.211001 -0.917075
v 0.059402 6.211001 -0.917075
v -0.306500 3.438761 -3.140966
v 0.306498 3.438761 -3.140966
v -0.355919 2.865980 -3.585748
v 0.355920 2.865980 -3.585748
v -0.257078 3.992606 -2.696183
v 0.257080 3.992606 -2.696183
v -0.232369 4.269525 -2.473795
v 0.232370 4.269525 -2.473795
v -0.108820 5.651425 -1.361845
v 0.108820 5.651425 -1.361845
v -0.207664 4.546453 -2.251398
v 0.207653 4.546454 -2.251398
v -0.133526 5.377211 -1.584245
v 0.133534 5.377210 -1.584246
v -0.281790 3.715680 -2.918580
v 0.281790 3.715680 -2.918580
v -0.084114 5.925648 -1.139442
v 0.084102 5.925648 -1.139442
v -0.158242 5.100301 -1.806620
v 0.158236 5.100301 -1.806619
v -0.331210 3.161839 -3.363353
v 0.331209 3.161839 -3.363353
v -0.578310 0.354748 -5.587256
v 0.578310 0.354748 -5.587256
v -0.553599 0.631672 -5.364867
v 0.553600 0.631672 -5.364867
v -0.528889 0.908595 -5.142477
v 0.528890 0.908595 -5.142477
v -0.504180 1.185517 -4.920085
v 0.504178 1.185517 -4.920085
v -0.479469 1.462439 -4.697697
v 0.479470 1.462439 -4.697698
v -0.454760 1.739362 -4.475305
v 0.454758 1.739362 -4.475305
v -0.430048 2.016284 -4.252916
v 0.430050 2.016284 -4.252916
v -0.405340 2.312138 -4.030527
v 0.405339 2.312138 -4.030527
v -0.182944 4.823371 -2.029017
v 0.182955 4.823370 -2.029018
v -0.380629 2.589058 -3.808136
v 0.380630 2.589058 -3.808136
v -0.053011 6.215406 -0.859599
v 0.053016 6.215406 -0.859599
v -0.596633 0.073785 -5.752170
v 0.596633 0.073785 -5.752170
v -0.571923 0.350707 -5.529778
v 0.571923 0.350707 -5.529778
v -0.547212 0.627630 -5.307390
v 0.547214 0.627630 -5.307390
v -0.522503 0.904552 -5.085000
v 0.522503 0.904552 -5.085000
v -0.497794 1.181474 -4.862607
v 0.497792 1.181474 -4.862607
v -0.349532 2.880867 -3.528271
v 0.349534 2.880867 -3.528271
v -0.473083 1.458397 -4.640220
v 0.473084 1.458397 -4.640221
v -0.448374 1.735319 -4.417828
v 0.448372 1.735320 -4.417828
v -0.423662 2.031172 -4.195438
v 0.423665 2.031172 -4.195438
v -0.398953 2.308095 -3.973050
v 0.398953 2.308095 -3.973050
v -0.275403 3.711637 -2.861103
v 0.275403 3.711637 -2.861103
v -0.176558 4.819329 -1.971541
v 0.176568 4.819328 -1.971541
v -0.151855 5.096258 -1.749141
v 0.151849 5.096258 -1.749141
v -0.127140 5.370454 -1.526769
v 0.127148 5.370453 -1.526769
v -0.102432 5.644670 -1.304368
v 0.102435 5.644670 -1.304369
v -0.077727 5.930055 -1.081963
v 0.077715 5.930056 -1.081962
v -0.250691 3.988564 -2.638706
v 0.250695 3.988564 -2.638706
v -0.374242 2.585017 -3.750659
v 0.374244 2.585017 -3.750659
v -0.324823 3.157797 -3.305875
v 0.324822 3.157797 -3.305875
v -0.300114 3.434719 -3.083489
v 0.300112 3.434719 -3.083489
v -0.225984 4.265482 -2.416319
v 0.225983 4.265482 -2.416319
v -0.201277 4.542413 -2.193919
v 0.201267 4.542413 -2.193919
v -0.571923 0.350708 4.970783
v 0.571923 0.350708 4.970783
v -0.547213 0.627631 4.748396
v 0.547213 0.627631 4.748395
v -0.522503 0.904553 4.526005
v 0.522503 0.904553 4.526004
v -0.497794 1.181476 4.303613
v 0.497792 1.181477 4.303613
v -0.473083 1.458397 4.081224
v 0.473083 1.458397 4.081224
v -0.448373 1.735322 3.858832
v 0.448373 1.735322 3.858831
v -0.423661 2.031173 3.636442
v 0.423665 2.031173 3.636442
v -0.398954 2.308093 3.414057
v 0.398952 2.308093 3.414057
v -0.578310 0.354749 5.028261
v 0.578310 0.354749 5.028261
v -0.176561 4.819328 1.412545
v 0.176565 4.819327 1.412545
v -0.151858 5.096257 1.190144
v 0.151846 5.096258 1.190144
v -0.127139 5.370455 0.967773
v 0.127150 5.370455 0.967773
v -0.102430 5.644674 0.745368
v 0.102435 5.644673 0.745368
v -0.077731 5.930037 0.523000
v 0.077716 5.930037 0.522999
v -0.053007 6.215447 0.300533
v 0.053014 6.215446 0.300533
v -0.374243 2.585016 3.191664
v 0.374243 2.585016 3.191664
v -0.349532 2.880868 2.969276
v 0.349534 2.880868 2.969276
v -0.324823 3.157800 2.746875
v 0.324822 3.157800 2.746876
v -0.300115 3.434716 2.524500
v 0.300112 3.434716 2.524499
v -0.275401 3.711640 2.302101
v 0.275404 3.711640 2.302101
v -0.250694 3.988564 2.079708
v 0.250692 3.988564 2.079708
v -0.225985 4.265481 1.857326
v 0.225982 4.265481 1.857326
v -0.201273 4.542415 1.634924
v 0.201271 4.542415 1.634924
v -0.596633 0.073786 5.193174
v 0.596633 0.073786 5.193174
v -0.553599 0.631672 4.805873
v 0.553600 0.631672 4.805873
v -0.528889 0.908596 4.583482
v 0.528889 0.908596 4.583482
v -0.504180 1.185518 4.361091
v 0.504179 1.185518 4.361091
v -0.479470 1.462439 4.138702
v 0.479469 1.462440 4.138702
v -0.454759 1.739363 3.916309
v 0.454760 1.739363 3.916308
v -0.430048 2.016287 3.693919
v 0.430050 2.016287 3.693920
v -0.405341 2.312139 3.471534
v 0.405338 2.312139 3.471534
v -0.380630 2.589061 3.249141
v 0.380630 2.589061 3.249141
v -0.158245 5.100299 1.247623
v 0.158233 5.100300 1.247623
v -0.133524 5.377210 1.025249
v 0.133536 5.377209 1.025249
v -0.108817 5.651429 0.802846
v 0.108821 5.651429 0.802847
v -0.084117 5.925634 0.580472
v 0.084101 5.925634 0.580471
v -0.059394 6.211034 0.358023
v 0.059402 6.211033 0.358023
v -0.355919 2.865981 3.026753
v 0.355920 2.865981 3.026752
v -0.331211 3.161842 2.804354
v 0.331208 3.161841 2.804354
v -0.306501 3.438759 2.581976
v 0.306498 3.438759 2.581975
v -0.281788 3.715682 2.359579
v 0.281791 3.715682 2.359579
v -0.257080 3.992606 2.137186
v 0.257078 3.992606 2.137186
v -0.232371 4.269525 1.914802
v 0.232368 4.269525 1.914802
v -0.207659 4.546455 1.692403
v 0.207658 4.546454 1.692403
v -0.182948 4.823370 1.470022
v 0.182952 4.823369 1.470022
vn -0.8619 0.5070 0.0019
vn -0.6613 0.6285 0.4096
vn -0.6871 0.6229 0.3741
vn -0.8622 0.5065 0.0007
vn -0.6613 0.6285 0.4095
vn -0.4095 0.6285 0.6613
vn -0.3740 0.6228 0.6871
vn -0.6871 0.6228 0.3740
vn -0.4095 0.6285 0.6612
vn -0.0019 0.5071 0.8619
vn -0.0007 0.5065 0.8622
vn -0.3740 0.6229 0.6871
vn 0.0019 0.5071 0.8619
vn 0.4095 0.6285 0.6612
vn 0.3740 0.6229 0.6871
vn 0.0007 0.5065 0.8622
vn 0.4095 0.6285 0.6613
vn 0.6613 0.6285 0.4095
vn 0.6871 0.6228 0.3740
vn 0.3740 0.6228 0.6871
vn 0.6613 0.6285 0.4096
vn 0.8619 0.5070 0.0019
vn 0.8622 0.5065 0.0007
vn 0.6871 0.6229 0.3740
vn -0.0019 0.5071 -0.8619
vn -0.4095 0.6285 -0.6612
vn -0.3740 0.6229 -0.6871
vn -0.0007 0.5065 -0.8622
vn -0.4095 0.6285 -0.6613
vn -0.6613 0.6285 -0.4095
vn -0.6871 0.6229 -0.3740
vn -0.3740 0.6228 -0.6871
vn -0.6613 0.6285 -0.4096
vn -0.8619 0.5070 -0.0019
vn -0.8622 0.5065 -0.0007
vn 0.8619 0.5070 -0.0019
vn 0.6613 0.6285 -0.4096
vn 0.6871 0.6228 -0.3740
vn 0.8622 0.5065 -0.0007
vn 0.6613 0.6285 -0.4095
vn 0.4095 0.6285 -0.6613
vn 0.3740 0.6228 -0.6871
vn 0.4095 0.6285 -0.6612
vn 0.0019 0.5071 -0.8619
vn 0.0007 0.5065 -0.8622
vn 0.3740 0.6229 -0.6871
vn -0.0020 0.5071 -0.8619
vn -0.4096 0.6285 -0.6613
vn -0.3741 0.6228 -0.6871
vn -0.6871 0.6228 -0.3740
vn -0.6612 0.6285 -0.4095
vn -0.8619 0.5071 -0.0020
vn -0.0021 0.5071 -0.8619
vn -0.8619 0.5071 -0.0021
vn -0.0022 0.5072 -0.8618
vn -0.0008 0.5066 -0.8622
vn -0.8618 0.5072 -0.0022
vn -0.8622 0.5065 -0.0008
vn -0.0023 0.5072 -0.8618
vn -0.8618 0.5072 -0.0023
vn -0.8622 0.5066 -0.0008
vn -0.0024 0.5073 -0.8618
vn -0.0009 0.5066 -0.8622
vn -0.4096 0.6284 -0.6613
vn -0.8618 0.5073 -0.0024
vn -0.0026 0.5073 -0.8618
vn -0.4095 0.6286 -0.6612
vn -0.8618 0.5073 -0.0026
vn -0.8622 0.5066 -0.0009
vn -0.0027 0.5074 -0.8617
vn -0.3740 0.6229 -0.6872
vn -0.8617 0.5074 -0.0027
vn -0.8622 0.5066 -0.0010
vn -0.6871 0.6228 -0.3741
vn -0.0029 0.5074 -0.8617
vn -0.0010 0.5067 -0.8621
vn -0.8617 0.5074 -0.0029
vn -0.8621 0.5067 -0.0010
vn -0.0031 0.5075 -0.8616
vn -0.0011 0.5067 -0.8621
vn -0.8616 0.5075 -0.0031
vn -0.8621 0.5067 -0.0011
vn -0.0033 0.5076 -0.8616
vn -0.0012 0.5067 -0.8621
vn -0.8616 0.5076 -0.0033
vn -0.8621 0.5067 -0.0012
vn -0.0036 0.5077 -0.8615
vn -0.0013 0.5067 -0.8621
vn -0.8615 0.5078 -0.0036
vn -0.8621 0.5068 -0.0013
vn -0.0039 0.5079 -0.8614
vn -0.0014 0.5068 -0.8621
vn -0.8614 0.5079 -0.0038
vn -0.8621 0.5068 -0.0014
vn -0.0042 0.5080 -0.8613
vn -0.0015 0.5069 -0.8620
vn -0.8613 0.5080 -0.0042
vn -0.8620 0.5068 -0.0015
vn -0.0046 0.5082 -0.8612
vn -0.0017 0.5069 -0.8620
vn -0.8612 0.5082 -0.0046
vn -0.8620 0.5069 -0.0017
vn -0.0051 0.5084 -0.8611
vn -0.0018 0.5070 -0.8619
vn -0.8611 0.5084 -0.0051
vn -0.8619 0.5070 -0.0018
vn -0.6872 0.6228 -0.3740
vn -0.0058 0.5087 -0.8609
vn -0.3740 0.6228 -0.6872
vn -0.8609 0.5087 -0.0058
vn -0.0066 0.5091 -0.8607
vn -0.8607 0.5090 -0.0066
vn -0.8618 0.5072 -0.0024
vn -0.0077 0.5095 -0.8604
vn -0.0028 0.5074 -0.8617
vn -0.8604 0.5095 -0.0077
vn -0.8617 0.5074 -0.0028
vn -0.0092 0.5102 -0.8600
vn -0.4096 0.6285 -0.6612
vn -0.0034 0.5077 -0.8615
vn -0.8600 0.5102 -0.0092
vn -0.8615 0.5077 -0.0034
vn -0.0116 0.5112 -0.8594
vn -0.6872 0.6228 -0.3741
vn -0.8594 0.5112 -0.0116
vn -0.0154 0.5128 -0.8584
vn -0.0058 0.5086 -0.8610
vn -0.8583 0.5128 -0.0154
vn -0.8609 0.5087 -0.0057
vn -0.8624 0.5062 -0.0000
vn -0.8620 0.5070 -0.0018
vn -0.8620 0.5070 0.0018
vn -0.0000 0.5062 0.8624
vn -0.0018 0.5062 0.8624
vn 0.0018 0.5070 0.8620
vn 0.8624 0.5062 -0.0000
vn 0.8620 0.5070 0.0018
vn 0.8620 0.5070 -0.0018
vn -0.0005 0.5062 -0.8624
vn -0.0000 0.5062 -0.8624
vn 0.0018 0.5070 -0.8620
vn 0.0003 0.5047 -0.8633
vn -0.0022 0.5062 0.8624
vn 0.0020 0.5071 0.8619
vn 0.8619 0.5070 -0.0018
vn 0.8623 0.5065 -0.0006
vn -0.0009 0.5062 -0.8624
vn 0.0006 0.5065 -0.8623
vn 0.0020 0.5071 -0.8619
vn 0.0004 0.5043 -0.8635
vn -0.8619 0.5071 0.0021
vn -0.0023 0.5062 0.8624
vn 0.0021 0.5071 0.8619
vn 0.0003 0.5063 0.8623
vn -0.0002 0.5069 0.8620
vn 0.8620 0.5069 0.0016
vn 0.8619 0.5071 -0.0020
vn 0.8623 0.5065 0.0006
vn 0.0021 0.5071 -0.8619
vn 0.0004 0.5042 -0.8636
vn -0.8619 0.5071 0.0022
vn -0.8622 0.5065 0.0008
vn -0.0024 0.5062 0.8624
vn 0.8620 0.5068 0.0015
vn 0.8621 0.5067 -0.0012
vn -0.0009 0.5063 -0.8624
vn 0.0008 0.5065 -0.8622
vn 0.0022 0.5072 -0.8618
vn 0.0005 0.5041 -0.8636
vn -0.0025 0.5063 0.8624
vn 0.0024 0.5072 0.8618
vn -0.0002 0.5070 0.8620
vn 0.8618 0.5072 0.0023
vn 0.8618 0.5072 -0.0023
vn 0.8622 0.5065 -0.0008
vn 0.8622 0.5066 0.0010
vn 0.0023 0.5072 -0.8618
vn 0.0005 0.5040 -0.8637
vn -0.8618 0.5073 0.0024
vn -0.0027 0.5063 0.8624
vn 0.0023 0.5072 0.8618
vn 0.0004 0.5064 0.8623
vn -0.0001 0.5066 0.8622
vn 0.8618 0.5072 0.0024
vn 0.8618 0.5072 -0.0024
vn 0.8622 0.5065 0.0008
vn -0.0010 0.5063 -0.8624
vn 0.0024 0.5072 -0.8618
vn 0.0005 0.5039 -0.8637
vn -0.8618 0.5073 -0.0025
vn -0.8618 0.5073 0.0025
vn -0.8622 0.5066 0.0009
vn -0.0028 0.5063 0.8624
vn 0.0025 0.5073 0.8618
vn 0.0008 0.5065 0.8622
vn 0.8618 0.5073 0.0025
vn 0.8618 0.5073 -0.0025
vn -0.0007 0.5062 -0.8624
vn 0.0004 0.5064 -0.8623
vn 0.0025 0.5073 -0.8618
vn 0.0005 0.5038 -0.8638
vn -0.8617 0.5074 0.0027
vn -0.0030 0.5063 0.8624
vn 0.0027 0.5074 0.8617
vn 0.8617 0.5074 0.0027
vn 0.8617 0.5074 -0.0027
vn 0.8622 0.5066 -0.0010
vn 0.8622 0.5066 0.0009
vn -0.0013 0.5063 -0.8624
vn 0.0012 0.5067 -0.8621
vn 0.0027 0.5074 -0.8617
vn 0.0006 0.5036 -0.8639
vn -0.8617 0.5075 -0.0029
vn -0.8617 0.5075 0.0029
vn -0.8622 0.5066 0.0010
vn -0.0031 0.5063 0.8624
vn 0.0028 0.5074 0.8617
vn 0.0010 0.5067 0.8622
vn -0.0003 0.5071 0.8619
vn 0.8617 0.5074 0.0029
vn 0.8617 0.5074 -0.0029
vn 0.8621 0.5067 -0.0011
vn 0.0010 0.5066 -0.8622
vn 0.0029 0.5075 -0.8617
vn 0.0006 0.5035 -0.8640
vn -0.8616 0.5075 0.0030
vn -0.8623 0.5064 0.0004
vn -0.8623 0.5064 -0.0004
vn -0.0034 0.5063 0.8624
vn 0.0030 0.5075 0.8616
vn 0.0011 0.5067 0.8621
vn -0.0003 0.5072 0.8618
vn 0.8616 0.5075 0.0030
vn 0.8616 0.5075 -0.0030
vn 0.8622 0.5066 0.0008
vn 0.0011 0.5067 -0.8621
vn 0.0031 0.5075 -0.8616
vn 0.0007 0.5033 -0.8641
vn -0.8616 0.5076 0.0033
vn -0.0036 0.5063 0.8624
vn 0.0033 0.5076 0.8616
vn 0.0012 0.5067 0.8621
vn -0.0003 0.5074 0.8617
vn 0.8616 0.5076 0.0033
vn 0.8616 0.5076 -0.0033
vn 0.0033 0.5076 -0.8616
vn 0.0007 0.5031 -0.8642
vn -0.8615 0.5077 -0.0035
vn -0.8615 0.5077 0.0035
vn -0.8621 0.5067 0.0012
vn -0.0039 0.5063 0.8624
vn 0.0035 0.5077 0.8615
vn 0.8615 0.5077 0.0035
vn 0.8615 0.5077 -0.0035
vn 0.8621 0.5067 0.0012
vn -0.0010 0.5062 -0.8624
vn 0.0034 0.5077 -0.8615
vn 0.0007 0.5029 -0.8643
vn -0.8614 0.5079 0.0038
vn -0.0043 0.5063 0.8623
vn 0.0038 0.5079 0.8614
vn 0.0013 0.5068 0.8621
vn 0.8614 0.5079 0.0038
vn 0.8614 0.5079 -0.0038
vn 0.8621 0.5068 -0.0013
vn 0.8621 0.5068 0.0013
vn -0.0015 0.5063 -0.8624
vn 0.0013 0.5068 -0.8621
vn 0.0038 0.5079 -0.8614
vn 0.0008 0.5026 -0.8645
vn -0.8613 0.5080 -0.0041
vn -0.8613 0.5080 0.0041
vn -0.8621 0.5068 0.0013
vn -0.0046 0.5063 0.8623
vn 0.0041 0.5080 0.8613
vn 0.8613 0.5080 0.0041
vn 0.8613 0.5080 -0.0042
vn 0.8620 0.5069 -0.0015
vn 0.8620 0.5069 0.0015
vn 0.0041 0.5080 -0.8613
vn 0.0009 0.5023 -0.8647
vn -0.8613 0.5081 -0.0044
vn -0.8612 0.5082 0.0046
vn -0.8620 0.5068 0.0015
vn -0.0052 0.5063 0.8623
vn 0.0046 0.5082 0.8612
vn -0.0005 0.5082 0.8613
vn 0.8612 0.5082 0.0046
vn 0.8612 0.5082 -0.0046
vn 0.8620 0.5069 -0.0016
vn -0.0018 0.5063 -0.8624
vn 0.0016 0.5069 -0.8620
vn 0.0046 0.5082 -0.8612
vn 0.0010 0.5018 -0.8650
vn -0.8611 0.5084 0.0051
vn -0.8619 0.5070 0.0018
vn -0.0058 0.5063 0.8623
vn 0.0051 0.5084 0.8611
vn 0.0019 0.5070 0.8619
vn -0.0005 0.5080 0.8614
vn 0.8611 0.5084 0.0051
vn 0.8611 0.5084 -0.0051
vn 0.8619 0.5070 0.0018
vn -0.0019 0.5063 -0.8623
vn 0.0009 0.5066 -0.8622
vn 0.0051 0.5084 -0.8611
vn 0.0011 0.5014 -0.8652
vn -0.8609 0.5087 0.0057
vn -0.0064 0.5063 0.8623
vn 0.0058 0.5087 0.8609
vn -0.0005 0.5080 0.8613
vn 0.8609 0.5087 0.0058
vn 0.8609 0.5087 -0.0058
vn 0.8619 0.5071 -0.0021
vn 0.8620 0.5069 0.0018
vn -0.0022 0.5063 -0.8623
vn 0.0057 0.5087 -0.8609
vn 0.0012 0.5007 -0.8656
vn -0.8607 0.5091 -0.0066
vn -0.8607 0.5091 0.0066
vn -0.8618 0.5072 0.0024
vn -0.0074 0.5064 0.8623
vn 0.0066 0.5091 0.8607
vn 0.0022 0.5072 0.8618
vn -0.0006 0.5084 0.8611
vn 0.8607 0.5091 0.0066
vn 0.8607 0.5091 -0.0066
vn 0.8618 0.5073 -0.0024
vn 0.8618 0.5073 0.0024
vn -0.0026 0.5064 -0.8623
vn 0.0066 0.5091 -0.8607
vn 0.0014 0.4999 -0.8661
vn -0.8604 0.5095 0.0077
vn -0.0086 0.5063 0.8623
vn 0.0077 0.5095 0.8604
vn -0.0007 0.5087 0.8609
vn 0.8604 0.5095 0.0077
vn 0.8604 0.5095 -0.0077
vn -0.0031 0.5064 -0.8623
vn 0.0077 0.5095 -0.8604
vn 0.0017 0.4989 -0.8667
vn -0.8600 0.5102 0.0092
vn -0.8616 0.5077 0.0033
vn -0.8616 0.5077 -0.0033
vn -0.0104 0.5064 0.8622
vn 0.0092 0.5102 0.8600
vn 0.0034 0.5077 0.8615
vn -0.0009 0.5094 0.8605
vn 0.8600 0.5102 0.0092
vn 0.8600 0.5102 -0.0092
vn 0.8615 0.5077 -0.0034
vn 0.8615 0.5077 0.0034
vn -0.0036 0.5064 -0.8623
vn 0.0033 0.5077 -0.8616
vn 0.0092 0.5102 -0.8600
vn 0.0020 0.4974 -0.8675
vn -0.8594 0.5112 -0.0115
vn -0.8594 0.5112 0.0115
vn -0.8613 0.5080 0.0042
vn -0.0129 0.5064 0.8622
vn 0.0115 0.5112 0.8594
vn 0.0041 0.5080 0.8614
vn -0.0011 0.5101 0.8601
vn 0.8594 0.5112 0.0115
vn 0.8594 0.5112 -0.0115
vn 0.8613 0.5081 -0.0042
vn 0.8613 0.5081 0.0042
vn -0.0047 0.5065 -0.8622
vn 0.0042 0.5080 -0.8613
vn 0.0115 0.5112 -0.8594
vn 0.0025 0.4952 -0.8688
vn -0.8583 0.5128 0.0154
vn -0.0172 0.5066 0.8620
vn 0.0154 0.5129 0.8583
vn 0.0057 0.5088 0.8609
vn -0.0015 0.5117 0.8592
vn 0.8584 0.5128 0.0154
vn 0.8584 0.5128 -0.0154
vn 0.8610 0.5087 -0.0057
vn 0.8610 0.5087 0.0057
vn -0.0064 0.5065 -0.8622
vn 0.0057 0.5087 -0.8610
vn 0.0154 0.5128 -0.8584
vn 0.0033 0.4915 -0.8709
vn 0.0699 0.9976 0.0002
vn 0.0699 0.9976 -0.0002
vn 0.0701 0.9975 -0.0000
vn -0.0000 0.9975 -0.0701
vn -0.0699 0.9976 -0.0002
vn -0.0699 0.9976 0.0002
vn -0.0701 0.9975 -0.0000
vn -0.0000 0.9975 0.0701
vn 0.0702 0.9975 -0.0000
vn -0.0000 0.9975 0.0702
vn -0.0000 0.9975 -0.0702
vn -0.0002 0.9976 -0.0699
vn -0.0698 0.9976 -0.0003
vn -0.0698 0.9976 0.0003
vn -0.0702 0.9975 -0.0000
vn 0.0002 0.9976 0.0699
vn 0.0698 0.9976 0.0003
vn -0.0697 0.9976 0.0004
vn 0.0007 0.9976 -0.0696
vn -0.0007 0.9976 -0.0695
vn -0.2497 0.9683 -0.0011
vn -0.2498 0.9683 0.0010
vn -0.2507 0.9681 -0.0000
vn -0.2505 0.9681 -0.0002
vn -0.0017 0.9681 0.2507
vn 0.0012 0.9684 0.2496
vn 0.0002 0.9681 0.2505
vn -0.0001 0.9681 0.2504
vn 0.2497 0.9683 0.0011
vn 0.2497 0.9683 -0.0011
vn 0.2507 0.9681 -0.0000
vn 0.0015 0.9680 -0.2508
vn -0.0011 0.9683 -0.2498
vn -0.0000 0.9681 -0.2507
vn -0.0002 0.9975 -0.0700
vn -0.0700 0.9976 -0.0002
vn -0.0003 0.9975 0.0700
vn 0.0698 0.9976 -0.0004
vn -0.0004 0.9976 -0.0698
vn -0.2495 0.9684 -0.0013
vn -0.2495 0.9684 0.0013
vn -0.2505 0.9681 0.0002
vn -0.0016 0.9681 0.2507
vn 0.0010 0.9683 0.2498
vn -0.0000 0.9681 0.2507
vn 0.2495 0.9684 0.0013
vn 0.2495 0.9684 -0.0013
vn 0.0019 0.9681 -0.2507
vn -0.0013 0.9684 -0.2495
vn 0.0003 0.9976 -0.0699
vn 0.0004 0.9976 -0.0699
vn -0.0691 0.9976 -0.0010
vn -0.0690 0.9976 0.0012
vn 0.0696 0.9976 0.0005
vn 0.0695 0.9976 -0.0006
vn 0.0005 0.9976 -0.0698
vn -0.0005 0.9976 -0.0696
vn -0.0696 0.9976 -0.0005
vn -0.0696 0.9976 0.0005
vn -0.0012 0.9976 0.0693
vn 0.0007 0.9976 0.0695
vn -0.0006 0.9976 -0.0696
vn -0.0695 0.9976 -0.0007
vn -0.0695 0.9976 0.0007
vn 0.0695 0.9976 0.0006
vn 0.0696 0.9976 -0.0005
vn -0.0007 0.9976 0.0696
vn 0.0006 0.9976 0.0695
vn 0.0694 0.9976 0.0008
vn 0.0694 0.9976 -0.0008
vn -0.0693 0.9976 0.0008
vn -0.0008 0.9976 0.0695
vn 0.0693 0.9976 0.0008
vn 0.0693 0.9976 -0.0008
vn 0.0012 0.9976 -0.0693
vn -0.0010 0.9976 -0.0691
vn -0.0694 0.9976 0.0007
vn 0.1151 0.9934 0.0017
vn 0.1151 0.9933 -0.0016
vn 0.1167 0.9932 -0.0000
vn 0.0019 0.9933 -0.1153
vn -0.0016 0.9933 -0.1152
vn -0.0000 0.9932 -0.1167
vn -0.1150 0.9934 -0.0017
vn -0.1151 0.9933 0.0016
vn -0.1165 0.9932 0.0002
vn -0.1164 0.9932 -0.0003
vn -0.0019 0.9933 0.1154
vn 0.0016 0.9933 0.1151
vn 0.0004 0.9932 0.1164
vn -0.0003 0.9932 0.1164
vn 0.1147 0.9934 0.0020
vn 0.1147 0.9934 -0.0021
vn 0.0023 0.9934 -0.1151
vn -0.0020 0.9934 -0.1148
vn -0.0008 0.9933 -0.1159
vn 0.0008 0.9933 -0.1159
vn -0.1147 0.9934 -0.0020
vn -0.1147 0.9934 0.0020
vn -0.1167 0.9932 -0.0000
vn -0.0021 0.9933 0.1152
vn 0.0019 0.9934 0.1148
vn -0.0000 0.9932 0.1167
vn -0.0752 0.9972 -0.0012
vn -0.0749 0.9972 0.0015
vn -0.0764 0.9971 -0.0000
vn -0.0024 0.9971 0.0764
vn 0.0016 0.9972 0.0748
vn -0.0000 0.9971 0.0764
vn 0.0747 0.9972 0.0017
vn 0.0747 0.9972 -0.0017
vn 0.0764 0.9971 -0.0000
vn 0.0761 0.9971 0.0004
vn 0.0023 0.9971 -0.0765
vn -0.0016 0.9972 -0.0749
vn -0.0000 0.9971 -0.0765
vn -0.0741 0.9972 -0.0024
vn -0.0742 0.9972 0.0023
vn -0.1455 0.9893 0.0053
vn -0.1455 0.9893 -0.0053
vn -0.0031 0.9971 0.0766
vn 0.0022 0.9972 0.0743
vn 0.0053 0.9893 0.1455
vn 0.0647 0.9927 0.1018
vn 0.0742 0.9972 0.0023
vn 0.0741 0.9972 -0.0024
vn 0.1455 0.9893 -0.0053
vn 0.1455 0.9893 0.0053
vn 0.0033 0.9971 -0.0764
vn -0.0023 0.9972 -0.0741
vn -0.0053 0.9893 -0.1455
vn -0.0648 0.9927 -0.1017
vn -0.0000 -1.0000 -0.0000
vn 0.0277 0.9987 -0.0425
vn 0.0002 0.9976 -0.0699
vn 0.0242 0.9986 -0.0460
vn 0.0425 0.9987 -0.0277
vn 0.0460 0.9986 -0.0242
vn 0.0243 0.9986 -0.0460
vn 0.0460 0.9986 -0.0243
vn -0.0425 0.9987 -0.0277
vn -0.0460 0.9986 -0.0242
vn -0.0277 0.9987 -0.0425
vn -0.0242 0.9986 -0.0460
vn -0.0460 0.9986 -0.0243
vn -0.0243 0.9986 -0.0460
vn -0.0277 0.9987 0.0425
vn -0.0002 0.9976 0.0699
vn -0.0242 0.9986 0.0460
vn -0.0425 0.9987 0.0277
vn -0.0460 0.9986 0.0242
vn -0.0243 0.9986 0.0460
vn -0.0460 0.9986 0.0243
vn 0.0277 0.9987 0.0425
vn 0.0242 0.9986 0.0460
vn 0.0425 0.9987 0.0277
vn 0.0460 0.9986 0.0243
vn 0.0243 0.9986 0.0460
vn 0.0459 0.9986 0.0243
vn -0.0020 0.5071 0.8619
vn -0.8619 0.5071 0.0020
vn -0.6871 0.6229 0.3740
vn -0.6612 0.6286 0.4095
vn -0.6872 0.6228 0.3740
vn 0.0699 0.9976 -0.0003
vn 0.0701 0.9975 -0.0001
vn 0.8619 0.5071 0.0020
vn 0.6872 0.6228 0.3740
vn 0.4096 0.6285 -0.6613
vn 0.6871 0.6229 -0.3740
vn 0.6612 0.6286 -0.4095
vn -0.0003 0.9976 0.0699
vn -0.0001 0.9975 0.0701
vn 0.0277 0.9987 0.0426
vn 0.0426 0.9987 0.0277
vn 0.0460 0.9986 0.0242
vn -0.4096 0.6285 0.6613
vn -0.0021 0.5071 0.8619
vn -0.6612 0.6285 0.4095
vn -0.3741 0.6228 0.6872
vn 0.0277 0.9987 -0.0426
vn 0.0426 0.9987 -0.0277
vn 0.8619 0.5071 0.0021
vn 0.4096 0.6285 0.6613
vn 0.6872 0.6228 0.3741
vn -0.0426 0.9987 -0.0277
vn -0.0699 0.9976 -0.0003
vn -0.0003 0.9976 -0.0699
vn -0.0277 0.9987 -0.0426
vn 0.3741 0.6228 -0.6872
vn -0.0277 0.9987 0.0426
vn -0.0699 0.9976 0.0003
vn -0.0426 0.9987 0.0277
vn 0.0003 0.9976 0.0699
vn 0.0699 0.9976 0.0003
vn -0.0022 0.5071 0.8619
vn -0.0008 0.5065 0.8622
vn 0.0001 0.9975 -0.0701
vn 0.8619 0.5071 0.0022
vn 0.0022 0.5071 0.8619
vn 0.0008 0.5066 0.8622
vn -0.0459 0.9986 -0.0242
vn -0.0242 0.9986 -0.0459
vn 0.0022 0.5071 -0.8619
vn 0.8618 0.5072 -0.0022
vn -0.0701 0.9975 0.0001
vn -0.0023 0.5072 0.8618
vn -0.0008 0.5066 0.8622
vn -0.8618 0.5072 0.0023
vn -0.8622 0.5066 0.0008
vn 0.0008 0.5066 -0.8622
vn 0.8622 0.5066 -0.0008
vn -0.0003 0.9976 0.0698
vn 0.0003 0.9976 0.0698
vn -0.0024 0.5073 0.8618
vn 0.0003 0.9976 -0.0698
vn 0.0243 0.9986 -0.0459
vn 0.0698 0.9976 -0.0003
vn 0.0459 0.9986 -0.0243
vn 0.0024 0.5073 0.8618
vn 0.0009 0.5066 0.8622
vn -0.0701 0.9975 -0.0001
vn -0.0003 0.9976 -0.0698
vn -0.0001 0.9975 -0.0701
vn -0.0243 0.9986 -0.0459
vn 0.0024 0.5073 -0.8618
vn 0.8622 0.5066 -0.0009
vn 0.0701 0.9975 0.0001
vn -0.0026 0.5073 0.8618
vn -0.0009 0.5066 0.8622
vn -0.3741 0.6228 0.6871
vn -0.8618 0.5073 0.0026
vn -0.1003 0.9829 0.1543
vn -0.0011 0.9683 0.2497
vn -0.0002 0.9681 0.2505
vn -0.0879 0.9821 0.1664
vn -0.2497 0.9683 0.0011
vn -0.1544 0.9829 0.1002
vn -0.1664 0.9821 0.0879
vn -0.2506 0.9681 0.0002
vn -0.1543 0.9829 0.1002
vn -0.1002 0.9829 0.1543
vn -0.0879 0.9821 0.1665
vn -0.1665 0.9821 0.0879
vn 0.8618 0.5073 0.0026
vn 0.0026 0.5073 0.8618
vn 0.3741 0.6228 0.6871
vn 0.1544 0.9829 0.1002
vn 0.2497 0.9683 0.0012
vn 0.2506 0.9681 0.0002
vn 0.1664 0.9821 0.0879
vn 0.0011 0.9683 0.2497
vn 0.1002 0.9829 0.1544
vn 0.0879 0.9821 0.1664
vn 0.1002 0.9829 0.1543
vn 0.1543 0.9829 0.1002
vn 0.0026 0.5073 -0.8618
vn 0.8618 0.5073 -0.0026
vn 0.6612 0.6285 -0.4095
vn 0.1003 0.9829 -0.1543
vn 0.0011 0.9683 -0.2497
vn 0.0002 0.9681 -0.2505
vn 0.0879 0.9821 -0.1665
vn 0.1543 0.9829 -0.1003
vn 0.1665 0.9821 -0.0879
vn 0.2505 0.9681 -0.0002
vn -0.0011 0.9683 -0.2497
vn -0.1003 0.9829 -0.1543
vn -0.0879 0.9821 -0.1665
vn -0.0002 0.9681 -0.2505
vn -0.1543 0.9829 -0.1003
vn -0.1665 0.9821 -0.0879
vn -0.0027 0.5074 0.8617
vn 0.0004 0.9976 -0.0698
vn 0.0001 0.9975 -0.0702
vn 0.6612 0.6285 0.4095
vn 0.0010 0.5066 0.8622
vn 0.3740 0.6228 0.6872
vn -0.0698 0.9976 0.0004
vn 0.0001 0.9975 0.0701
vn -0.0029 0.5074 0.8617
vn -0.0010 0.5067 0.8621
vn -0.8617 0.5074 0.0029
vn -0.8621 0.5067 0.0010
vn 0.0029 0.5075 0.8617
vn 0.6612 0.6285 0.4096
vn -0.0698 0.9976 -0.0004
vn 0.0029 0.5074 -0.8617
vn 0.0010 0.5067 -0.8621
vn -0.0004 0.9976 0.0698
vn 0.0004 0.9976 0.0698
vn 0.0698 0.9976 0.0004
vn -0.0031 0.5075 0.8616
vn -0.0011 0.5067 0.8621
vn -0.8616 0.5076 0.0031
vn -0.8621 0.5067 0.0011
vn -0.0014 0.9684 0.2494
vn -0.0003 0.9681 0.2505
vn -0.2494 0.9684 0.0014
vn -0.1543 0.9829 0.1003
vn -0.2505 0.9681 0.0003
vn 0.8616 0.5075 0.0031
vn 0.8621 0.5067 0.0011
vn 0.6871 0.6228 0.3741
vn 0.0031 0.5076 0.8616
vn 0.1543 0.9829 0.1003
vn 0.2494 0.9684 0.0014
vn 0.2505 0.9681 0.0003
vn 0.1665 0.9821 0.0879
vn 0.0014 0.9684 0.2494
vn 0.1003 0.9829 0.1543
vn 0.0879 0.9821 0.1665
vn 0.0003 0.9681 0.2505
vn 0.8616 0.5075 -0.0031
vn 0.0014 0.9684 -0.2494
vn 0.0879 0.9821 -0.1664
vn 0.2494 0.9684 -0.0014
vn 0.2505 0.9681 -0.0003
vn 0.1002 0.9829 -0.1543
vn -0.0014 0.9684 -0.2494
vn -0.0003 0.9681 -0.2505
vn -0.1002 0.9829 -0.1543
vn -0.2494 0.9684 -0.0014
vn -0.2505 0.9681 -0.0003
vn -0.0033 0.5077 0.8616
vn 0.0004 0.9976 -0.0697
vn 0.0697 0.9976 -0.0004
vn 0.0033 0.5077 0.8616
vn -0.0697 0.9976 -0.0004
vn -0.0004 0.9976 -0.0697
vn -0.0004 0.9976 0.0697
vn 0.0004 0.9976 0.0697
vn 0.0697 0.9976 0.0004
vn -0.0036 0.5077 0.8615
vn -0.0013 0.5067 0.8621
vn -0.8615 0.5077 0.0036
vn -0.6871 0.6228 0.3741
vn -0.3740 0.6228 0.6872
vn 0.8615 0.5078 0.0035
vn 0.0036 0.5077 0.8615
vn -0.0005 0.9976 -0.0697
vn 0.0036 0.5077 -0.8615
vn -0.0697 0.9976 0.0005
vn 0.0697 0.9976 0.0005
vn -0.0039 0.5079 0.8614
vn -0.0014 0.5068 0.8620
vn -0.8614 0.5079 0.0039
vn -0.8621 0.5068 0.0014
vn 0.0005 0.9976 -0.0697
vn 0.0697 0.9976 -0.0005
vn 0.8621 0.5068 0.0014
vn 0.0014 0.5068 0.8621
vn -0.0697 0.9976 -0.0005
vn 0.0039 0.5079 -0.8614
vn 0.0014 0.5068 -0.8621
vn 0.8621 0.5068 -0.0014
vn -0.0005 0.9976 0.0697
vn 0.0005 0.9976 0.0697
vn -0.0042 0.5080 0.8613
vn -0.0015 0.5069 0.8620
vn -0.8620 0.5069 0.0015
vn 0.0005 0.9976 -0.0696
vn 0.0001 0.9975 -0.0700
vn 0.0700 0.9975 -0.0001
vn 0.8613 0.5080 0.0042
vn 0.0042 0.5080 0.8613
vn 0.0015 0.5069 0.8620
vn -0.0700 0.9975 -0.0001
vn -0.0001 0.9975 -0.0700
vn 0.0015 0.5068 -0.8620
vn 0.8620 0.5068 -0.0015
vn -0.0006 0.9976 0.0696
vn -0.0001 0.9975 0.0700
vn -0.0700 0.9975 0.0001
vn 0.0006 0.9976 0.0696
vn 0.0001 0.9975 0.0700
vn 0.0700 0.9975 0.0001
vn -0.0046 0.5082 0.8612
vn -0.0017 0.5069 0.8620
vn -0.8620 0.5069 0.0017
vn 0.0006 0.9976 -0.0696
vn 0.0696 0.9976 -0.0006
vn 0.8620 0.5069 0.0017
vn 0.0017 0.5069 0.8620
vn -0.0696 0.9976 -0.0006
vn 0.0017 0.5069 -0.8620
vn 0.8620 0.5069 -0.0017
vn -0.0696 0.9976 0.0006
vn 0.0696 0.9976 0.0006
vn -0.0051 0.5084 0.8611
vn -0.0018 0.5070 0.8619
vn 0.0007 0.9976 -0.0695
vn 0.0695 0.9976 -0.0007
vn 0.0051 0.5085 0.8611
vn 0.0018 0.5070 0.8619
vn -0.0694 0.9976 -0.0007
vn 0.0051 0.5085 -0.8611
vn 0.0018 0.5070 -0.8619
vn 0.8611 0.5085 -0.0051
vn -0.0007 0.9976 0.0694
vn -0.0243 0.9986 0.0459
vn -0.0459 0.9986 0.0242
vn 0.0695 0.9976 0.0007
vn -0.0058 0.5087 0.8609
vn -0.3741 0.6229 0.6871
vn -0.8609 0.5087 0.0058
vn 0.0008 0.9976 -0.0694
vn 0.0057 0.5087 0.8609
vn -0.0007 0.9976 -0.0694
vn 0.0058 0.5087 -0.8609
vn 0.8609 0.5087 -0.0057
vn 0.3740 0.6228 -0.6872
vn 0.6872 0.6228 -0.3740
vn -0.0008 0.9976 0.0694
vn -0.0694 0.9976 0.0008
vn 0.0007 0.9976 0.0694
vn 0.0694 0.9976 0.0007
vn -0.4096 0.6285 0.6612
vn -0.0066 0.5091 0.8607
vn 0.0009 0.9976 -0.0693
vn 0.0002 0.9975 -0.0700
vn 0.0693 0.9976 -0.0009
vn 0.6872 0.6227 0.3741
vn -0.0693 0.9976 -0.0009
vn -0.0700 0.9975 -0.0002
vn -0.0009 0.9976 -0.0693
vn -0.0459 0.9986 -0.0243
vn 0.6612 0.6285 -0.4096
vn 0.3739 0.6230 -0.6870
vn -0.0009 0.9976 0.0693
vn -0.0693 0.9976 0.0009
vn -0.0700 0.9975 0.0002
vn 0.0009 0.9976 0.0693
vn 0.0693 0.9976 0.0009
vn -0.0077 0.5095 0.8604
vn -0.0028 0.5074 0.8617
vn -0.8617 0.5074 0.0028
vn 0.0462 0.9964 -0.0709
vn 0.0017 0.9934 -0.1150
vn 0.0003 0.9932 -0.1164
vn 0.0404 0.9962 -0.0766
vn 0.1151 0.9934 -0.0017
vn 0.0709 0.9964 -0.0462
vn 0.0766 0.9962 -0.0405
vn 0.1165 0.9932 -0.0003
vn 0.0766 0.9962 -0.0404
vn 0.8617 0.5074 0.0028
vn -0.0709 0.9964 -0.0462
vn -0.0766 0.9962 -0.0404
vn -0.0017 0.9934 -0.1150
vn -0.0462 0.9964 -0.0709
vn -0.0404 0.9962 -0.0767
vn -0.0003 0.9932 -0.1164
vn -0.0709 0.9964 -0.0461
vn -0.0767 0.9962 -0.0404
vn -0.0404 0.9962 -0.0766
vn 0.0028 0.5074 -0.8617
vn 0.8617 0.5074 -0.0028
vn -0.0462 0.9964 0.0710
vn -0.0017 0.9934 0.1151
vn -0.0405 0.9962 0.0766
vn -0.1151 0.9934 0.0017
vn -0.0710 0.9964 0.0462
vn -0.0766 0.9962 0.0405
vn -0.1164 0.9932 0.0003
vn -0.0709 0.9964 0.0462
vn -0.0767 0.9962 0.0404
vn 0.0017 0.9934 0.1151
vn 0.0462 0.9964 0.0710
vn 0.0404 0.9962 0.0767
vn 0.0003 0.9932 0.1164
vn 0.0710 0.9964 0.0462
vn 0.0767 0.9962 0.0404
vn 0.1164 0.9932 0.0003
vn -0.0092 0.5102 0.8600
vn -0.0034 0.5077 0.8615
vn -0.8616 0.5077 0.0034
vn 0.0021 0.9934 -0.1147
vn 0.0004 0.9932 -0.1164
vn 0.0404 0.9962 -0.0767
vn 0.0710 0.9964 -0.0462
vn 0.1164 0.9932 -0.0004
vn -0.1147 0.9934 -0.0021
vn -0.1164 0.9932 -0.0004
vn -0.0020 0.9934 -0.1147
vn -0.0004 0.9932 -0.1164
vn -0.0462 0.9964 0.0709
vn -0.0021 0.9934 0.1147
vn -0.0004 0.9932 0.1163
vn -0.0404 0.9962 0.0766
vn -0.1147 0.9934 0.0021
vn -0.1163 0.9932 0.0004
vn -0.0766 0.9962 0.0404
vn 0.0021 0.9934 0.1147
vn 0.0462 0.9964 0.0709
vn 0.0710 0.9964 0.0461
vn 0.0766 0.9962 0.0404
vn 0.0404 0.9962 0.0766
vn 0.0709 0.9964 0.0462
vn 0.1147 0.9934 0.0021
vn 0.1164 0.9932 0.0004
vn -0.0116 0.5112 0.8594
vn -0.8594 0.5112 0.0116
vn -0.0301 0.9985 0.0463
vn -0.0017 0.9972 0.0747
vn -0.0003 0.9971 0.0761
vn -0.0264 0.9984 0.0501
vn -0.0747 0.9972 0.0017
vn -0.0463 0.9985 0.0302
vn -0.0501 0.9984 0.0264
vn -0.0761 0.9971 0.0003
vn -0.0301 0.9985 0.0464
vn 0.0116 0.5112 0.8594
vn 0.0043 0.5080 0.8613
vn 0.6871 0.6230 0.3740
vn 0.0463 0.9985 0.0302
vn 0.0761 0.9971 0.0003
vn 0.0501 0.9984 0.0264
vn 0.0017 0.9972 0.0747
vn 0.0302 0.9985 0.0463
vn 0.0264 0.9984 0.0501
vn 0.0003 0.9971 0.0761
vn 0.0116 0.5112 -0.8594
vn 0.8594 0.5112 -0.0116
vn 0.0302 0.9985 -0.0464
vn 0.0017 0.9972 -0.0747
vn 0.0003 0.9971 -0.0761
vn 0.0264 0.9984 -0.0501
vn 0.0464 0.9985 -0.0302
vn 0.0501 0.9984 -0.0264
vn 0.0761 0.9971 -0.0003
vn 0.0265 0.9984 -0.0501
vn 0.0501 0.9984 -0.0265
vn -0.0017 0.9972 -0.0747
vn -0.0302 0.9985 -0.0463
vn -0.0264 0.9984 -0.0501
vn -0.0003 0.9971 -0.0761
vn -0.0464 0.9985 -0.0302
vn -0.0501 0.9984 -0.0264
vn -0.0747 0.9972 -0.0017
vn -0.0761 0.9971 -0.0003
vn -0.4095 0.6286 0.6612
vn -0.0154 0.5130 0.8583
vn -0.0057 0.5088 0.8609
vn -0.0302 0.9985 0.0464
vn -0.0024 0.9972 0.0742
vn -0.0053 0.9893 0.1455
vn -0.0695 0.9916 0.1089
vn -0.0741 0.9972 0.0023
vn -0.0464 0.9985 0.0302
vn -0.1089 0.9916 0.0695
vn -0.0463 0.9985 -0.0302
vn -0.1455 0.9893 -0.0054
vn -0.1089 0.9916 -0.0695
vn -0.0024 0.9973 -0.0741
vn -0.0302 0.9985 -0.0464
vn -0.0695 0.9916 -0.1090
vn -0.0695 0.9916 -0.1089
vn 0.8610 0.5086 0.0057
vn 0.6872 0.6229 0.3740
vn 0.3741 0.6229 0.6871
vn 0.0464 0.9985 0.0302
vn 0.0741 0.9972 0.0023
vn 0.1090 0.9916 0.0695
vn 0.0024 0.9972 0.0742
vn 0.0302 0.9985 0.0464
vn 0.0695 0.9916 0.1089
vn 0.0053 0.9894 0.1455
vn 0.6872 0.6228 -0.3741
vn 0.0302 0.9985 -0.0463
vn 0.0024 0.9973 -0.0741
vn 0.0053 0.9893 -0.1455
vn 0.0695 0.9916 -0.1089
vn 0.0463 0.9985 -0.0302
vn 0.1089 0.9916 -0.0695
vn -0.0530 0.9976 0.0451
vn -0.0371 0.9970 -0.0681
vn -0.0692 0.9974 -0.0215
vn -0.0452 0.9976 0.0530
vn -0.0408 0.9976 0.0564
vn -0.0815 0.9963 -0.0279
vn -0.0680 0.9970 0.0371
vn -0.0215 0.9974 0.0691
vn 0.0530 0.9976 0.0451
vn -0.0279 0.9963 0.0815
vn 0.0371 0.9970 0.0680
vn 0.0691 0.9974 0.0215
vn 0.0451 0.9976 -0.0530
vn 0.0408 0.9976 -0.0564
vn 0.0814 0.9963 0.0278
vn 0.0680 0.9970 -0.0371
vn 0.0215 0.9974 -0.0691
vn -0.0530 0.9976 -0.0452
vn 0.0023 0.9973 -0.0741
vn 0.0010 0.9968 -0.0795
vn 0.0447 0.9906 -0.1295
vn 0.0033 0.9971 -0.0759
vn 0.0004 0.9968 -0.0797
vn 0.0171 0.9895 -0.1436
vn -0.0630 0.9924 -0.1057
vn 0.0007 0.9969 -0.0787
vn 0.0002 0.9971 -0.0762
vn 0.0022 0.9971 -0.0761
vn 0.0003 0.9969 -0.0787
vn -0.0020 0.9934 0.1147
vn -0.0023 0.9930 0.1183
vn -0.0022 0.9934 0.1150
vn -0.0011 0.9929 0.1193
vn -0.0019 0.9930 0.1181
vn 0.0005 0.9932 0.1165
vn -0.0004 0.9932 0.1164
vn -0.0017 0.9933 0.1155
vn -0.0008 0.9929 0.1187
vn -0.0000 0.9932 0.1168
vn -0.0011 0.9975 0.0709
vn -0.0003 0.9975 0.0709
vn -0.0008 0.9975 0.0707
vn 0.0003 0.9975 0.0700
vn -0.0009 0.9976 0.0695
vn -0.0006 0.9976 0.0695
vn -0.0004 0.9975 0.0710
vn -0.0003 0.9976 0.0700
vn -0.0011 0.9976 0.0691
vn -0.0012 0.9975 0.0710
vn -0.0006 0.9974 0.0715
vn -0.0001 0.9975 0.0705
vn 0.0006 0.9676 -0.2524
vn 0.0018 0.9681 -0.2505
vn 0.0002 0.9676 -0.2526
vn -0.0003 0.9975 0.0704
vn 0.0010 0.9683 -0.2498
vn 0.0003 0.9678 -0.2518
vn 0.0015 0.9681 -0.2505
vn 0.0002 0.9677 -0.2522
vn -0.0057 0.5087 -0.8610
vn 0.0015 0.5115 -0.8593
vn 0.0173 0.5065 -0.8621
vn -0.0064 0.5069 -0.8620
vn 0.0007 0.5117 -0.8592
vn 0.0167 0.5099 -0.8601
vn 0.0027 0.4914 -0.8709
vn -0.0042 0.5081 -0.8613
vn 0.0011 0.5102 -0.8601
vn 0.0129 0.5065 -0.8622
vn -0.0115 0.5112 -0.8594
vn -0.0047 0.5068 -0.8621
vn 0.0005 0.5102 -0.8601
vn 0.0125 0.5090 -0.8607
vn 0.0021 0.4951 -0.8688
vn -0.0033 0.5077 -0.8615
vn 0.0009 0.5093 -0.8606
vn 0.0104 0.5064 -0.8622
vn -0.0037 0.5067 -0.8621
vn 0.0004 0.5094 -0.8605
vn 0.0100 0.5085 -0.8610
vn 0.0016 0.4974 -0.8675
vn 0.0007 0.5087 -0.8609
vn 0.0086 0.5063 -0.8623
vn -0.0030 0.5065 -0.8622
vn 0.0003 0.5088 -0.8609
vn 0.0083 0.5081 -0.8613
vn 0.0014 0.4988 -0.8667
vn 0.0006 0.5085 -0.8611
vn 0.0074 0.5064 -0.8623
vn -0.0027 0.5065 -0.8622
vn 0.0003 0.5085 -0.8611
vn 0.0071 0.5078 -0.8614
vn 0.0012 0.4999 -0.8661
vn -0.0018 0.5070 -0.8620
vn 0.0005 0.5079 -0.8614
vn 0.0064 0.5063 -0.8623
vn -0.0019 0.5064 -0.8623
vn 0.0002 0.5079 -0.8614
vn 0.0062 0.5076 -0.8616
vn 0.0010 0.5007 -0.8656
vn -0.0016 0.5069 -0.8620
vn 0.0004 0.5078 -0.8615
vn 0.0057 0.5063 -0.8623
vn 0.0055 0.5075 -0.8617
vn 0.0009 0.5013 -0.8652
vn -0.0015 0.5068 -0.8620
vn 0.0004 0.5076 -0.8616
vn 0.0051 0.5063 -0.8623
vn -0.0018 0.5064 -0.8623
vn 0.0002 0.5077 -0.8615
vn 0.0050 0.5073 -0.8617
vn 0.0008 0.5018 -0.8650
vn 0.0003 0.5075 -0.8617
vn 0.0046 0.5063 -0.8623
vn -0.0041 0.5080 -0.8613
vn -0.0015 0.5064 -0.8623
vn 0.0002 0.5075 -0.8617
vn 0.0045 0.5072 -0.8618
vn 0.0007 0.5022 -0.8647
vn -0.0013 0.5068 -0.8621
vn 0.0003 0.5074 -0.8617
vn 0.0043 0.5063 -0.8624
vn -0.0038 0.5079 -0.8614
vn 0.0041 0.5071 -0.8619
vn 0.0007 0.5026 -0.8645
vn 0.0003 0.5073 -0.8618
vn 0.0039 0.5063 -0.8624
vn -0.0012 0.5063 -0.8623
vn 0.0001 0.5073 -0.8618
vn 0.0038 0.5071 -0.8619
vn 0.0006 0.5028 -0.8644
vn 0.0036 0.5063 -0.8624
vn 0.0035 0.5070 -0.8619
vn 0.0006 0.5031 -0.8642
vn 0.0035 0.5063 -0.8624
vn -0.0030 0.5075 -0.8616
vn -0.0010 0.5063 -0.8623
vn 0.0001 0.5071 -0.8619
vn 0.0033 0.5070 -0.8620
vn 0.0005 0.5033 -0.8641
vn 0.0002 0.5069 -0.8620
vn 0.0032 0.5063 -0.8624
vn -0.0011 0.5063 -0.8623
vn 0.0001 0.5072 -0.8618
vn 0.0031 0.5069 -0.8620
vn 0.0005 0.5035 -0.8640
vn -0.0004 0.5064 -0.8623
vn 0.0002 0.5068 -0.8621
vn 0.0030 0.5063 -0.8624
vn 0.0029 0.5069 -0.8620
vn 0.0005 0.5036 -0.8639
vn 0.0002 0.5070 -0.8619
vn 0.0029 0.5063 -0.8624
vn -0.0025 0.5073 -0.8618
vn 0.0001 0.5070 -0.8619
vn 0.0028 0.5068 -0.8620
vn 0.0005 0.5037 -0.8639
vn -0.0006 0.5065 -0.8623
vn 0.0001 0.5065 -0.8622
vn 0.0026 0.5063 -0.8624
vn -0.0024 0.5072 -0.8618
vn -0.0005 0.5063 -0.8624
vn 0.0026 0.5068 -0.8621
vn 0.0004 0.5039 -0.8638
vn -0.0008 0.5065 -0.8622
vn 0.0025 0.5062 -0.8624
vn 0.0001 0.5069 -0.8620
vn 0.0025 0.5068 -0.8621
vn 0.0004 0.5040 -0.8637
vn -0.0003 0.5063 -0.8623
vn 0.0023 0.5063 -0.8624
vn -0.0022 0.5072 -0.8619
vn 0.0024 0.5067 -0.8621
vn 0.0004 0.5041 -0.8637
vn 0.0023 0.5062 -0.8624
vn 0.0023 0.5067 -0.8621
vn 0.0003 0.5044 -0.8635
vn 0.0022 0.5067 -0.8621
vn 0.0018 0.5062 -0.8624
vn -0.0007 0.5063 -0.8624
vn 0.0001 0.5068 -0.8621
vn 0.0019 0.5066 -0.8622
vn 0.0003 0.5045 -0.8634
vn -0.0022 0.9972 0.0744
vn -0.0010 0.9968 0.0794
vn -0.0446 0.9906 0.1295
vn -0.0030 0.9971 0.0761
vn -0.0004 0.9968 0.0796
vn -0.0170 0.9895 0.1436
vn 0.0630 0.9924 0.1058
vn -0.0007 0.9969 0.0786
vn -0.0004 0.9971 0.0760
vn -0.0024 0.9971 0.0760
vn -0.0003 0.9969 0.0788
vn 0.0020 0.9934 -0.1148
vn 0.0023 0.9930 -0.1184
vn -0.0010 0.9932 -0.1163
vn 0.0023 0.9934 -0.1150
vn 0.0011 0.9928 -0.1194
vn -0.0009 0.9932 -0.1161
vn 0.0006 0.9933 -0.1158
vn 0.0016 0.9934 -0.1151
vn 0.0019 0.9930 -0.1181
vn 0.0009 0.9929 -0.1189
vn 0.0010 0.9976 -0.0691
vn 0.0011 0.9975 -0.0710
vn 0.0008 0.9976 -0.0695
vn 0.0004 0.9975 -0.0712
vn 0.0006 0.9975 -0.0706
vn 0.0007 0.9975 -0.0707
vn 0.0003 0.9975 -0.0710
vn 0.0003 0.9975 -0.0703
vn 0.0006 0.9976 -0.0697
vn 0.0002 0.9975 -0.0707
vn 0.0004 0.9975 -0.0704
vn -0.0010 0.9683 0.2498
vn -0.0004 0.9677 0.2520
vn -0.0017 0.9681 0.2505
vn -0.0002 0.9676 0.2523
vn 0.0001 0.9975 -0.0705
vn -0.0012 0.9683 0.2496
vn -0.0005 0.9677 0.2522
vn -0.0004 0.9681 0.2504
vn 0.0003 0.9681 0.2506
vn 0.0004 0.9975 -0.0710
vn 0.0002 0.9975 -0.0706
vn -0.0154 0.5129 0.8583
vn -0.0033 0.4916 0.8708
vn 0.0064 0.5067 0.8621
vn -0.0172 0.5078 0.8613
vn -0.0016 0.4914 0.8709
vn 0.0062 0.5078 0.8614
vn -0.0012 0.5117 0.8591
vn -0.0115 0.5112 0.8594
vn -0.0025 0.4952 0.8688
vn 0.0046 0.5064 0.8623
vn -0.0129 0.5073 0.8617
vn -0.0012 0.4950 0.8689
vn 0.0045 0.5073 0.8618
vn -0.0009 0.5101 0.8601
vn -0.0020 0.4974 0.8675
vn 0.0038 0.5064 0.8623
vn -0.0103 0.5071 0.8618
vn -0.0009 0.4973 0.8676
vn 0.0036 0.5071 0.8619
vn -0.0007 0.5094 0.8605
vn -0.0016 0.4989 0.8667
vn 0.0031 0.5064 0.8623
vn -0.0085 0.5069 0.8620
vn -0.0008 0.4988 0.8667
vn 0.0030 0.5069 0.8620
vn -0.0006 0.5088 0.8609
vn -0.0014 0.4999 0.8661
vn 0.0024 0.5064 0.8623
vn -0.0073 0.5068 0.8620
vn -0.0007 0.4999 0.8661
vn 0.0025 0.5068 0.8620
vn -0.0005 0.5084 0.8611
vn -0.0057 0.5087 0.8609
vn -0.0012 0.5007 0.8656
vn 0.0022 0.5063 0.8623
vn -0.0018 0.5070 0.8620
vn -0.0064 0.5067 0.8621
vn -0.0006 0.5007 0.8656
vn 0.0021 0.5067 0.8621
vn -0.0004 0.5081 0.8613
vn -0.0011 0.5013 0.8653
vn 0.0019 0.5063 0.8623
vn -0.0057 0.5067 0.8621
vn -0.0005 0.5013 0.8653
vn 0.0018 0.5067 0.8621
vn -0.0004 0.5079 0.8614
vn -0.0010 0.5018 0.8650
vn 0.0024 0.5063 0.8623
vn -0.0051 0.5066 0.8621
vn -0.0005 0.5017 0.8650
vn 0.0023 0.5068 0.8621
vn -0.0005 0.5082 0.8612
vn -0.0009 0.5022 0.8647
vn 0.0017 0.5063 0.8624
vn -0.0047 0.5066 0.8622
vn -0.0004 0.5022 0.8648
vn 0.0016 0.5066 0.8622
vn -0.0003 0.5076 0.8616
vn -0.0038 0.5079 0.8614
vn -0.0008 0.5026 0.8645
vn 0.0014 0.5063 0.8624
vn -0.0013 0.5068 0.8621
vn -0.0042 0.5066 0.8622
vn -0.0004 0.5025 0.8646
vn 0.0015 0.5066 0.8622
vn -0.0003 0.5075 0.8616
vn -0.0035 0.5077 0.8615
vn -0.0008 0.5028 0.8644
vn -0.0012 0.5067 0.8621
vn -0.0039 0.5065 0.8622
vn -0.0004 0.5028 0.8644
vn 0.0013 0.5065 0.8622
vn -0.0002 0.5071 0.8619
vn -0.0033 0.5076 0.8616
vn -0.0007 0.5031 0.8642
vn 0.0013 0.5063 0.8624
vn -0.0036 0.5065 0.8622
vn -0.0003 0.5031 0.8642
vn 0.0014 0.5066 0.8622
vn -0.0030 0.5075 0.8616
vn -0.0007 0.5033 0.8641
vn 0.0012 0.5063 0.8624
vn -0.0032 0.5065 0.8622
vn -0.0003 0.5033 0.8641
vn 0.0005 0.5063 0.8624
vn -0.0002 0.5072 0.8618
vn -0.0006 0.5036 0.8639
vn 0.0011 0.5063 0.8624
vn -0.0010 0.5066 0.8622
vn -0.0031 0.5065 0.8623
vn -0.0003 0.5036 0.8640
vn 0.0011 0.5065 0.8623
vn -0.0006 0.5037 0.8639
vn -0.0028 0.5064 0.8623
vn -0.0003 0.5036 0.8639
vn -0.0005 0.5038 0.8638
vn 0.0009 0.5062 0.8624
vn -0.0003 0.5038 0.8638
vn 0.0008 0.5064 0.8623
vn -0.0005 0.5039 0.8637
vn 0.0010 0.5063 0.8624
vn 0.0009 0.5064 0.8623
vn -0.0002 0.5070 0.8619
vn -0.0005 0.5040 0.8637
vn -0.0025 0.5064 0.8623
vn -0.0002 0.5040 0.8637
vn -0.0005 0.5042 0.8636
vn -0.0024 0.5064 0.8623
vn -0.0002 0.5041 0.8636
vn -0.0004 0.5043 0.8636
vn -0.0023 0.5064 0.8623
vn -0.0002 0.5042 0.8636
vn -0.0004 0.5043 0.8635
vn -0.0022 0.5064 0.8623
vn -0.0002 0.5043 0.8636
vn -0.0003 0.5047 0.8633
vn 0.0005 0.5062 0.8624
vn -0.0001 0.5068 0.8621
vn -0.0020 0.5064 0.8623
vn -0.0002 0.5045 0.8634
vn 0.0006 0.5064 0.8623
vn -0.0006 0.5064 -0.8623
vn 0.0020 0.5064 -0.8623
vn 0.0002 0.5045 -0.8634
vn 0.0020 0.5065 -0.8622
vn -0.0008 0.5064 -0.8623
vn 0.0022 0.5064 -0.8623
vn 0.0002 0.5043 -0.8636
vn 0.0022 0.5065 -0.8622
vn 0.0003 0.5043 -0.8635
vn -0.0007 0.5063 -0.8623
vn 0.0023 0.5066 -0.8622
vn 0.0003 0.5042 -0.8636
vn 0.0025 0.5064 -0.8623
vn 0.0002 0.5040 -0.8637
vn -0.0009 0.5064 -0.8623
vn 0.0001 0.5066 -0.8622
vn 0.0026 0.5064 -0.8623
vn 0.0002 0.5039 -0.8637
vn 0.0029 0.5064 -0.8623
vn 0.0003 0.5038 -0.8638
vn -0.0011 0.5065 -0.8623
vn 0.0002 0.5071 -0.8619
vn 0.0031 0.5065 -0.8623
vn 0.0003 0.5036 -0.8640
vn -0.0010 0.5064 -0.8623
vn 0.0030 0.5067 -0.8621
vn 0.0004 0.5036 -0.8639
vn -0.0012 0.5064 -0.8623
vn 0.0031 0.5067 -0.8621
vn 0.0004 0.5035 -0.8640
vn -0.0012 0.5065 -0.8622
vn 0.0002 0.5073 -0.8618
vn 0.0034 0.5065 -0.8622
vn 0.0003 0.5032 -0.8642
vn -0.0013 0.5064 -0.8623
vn 0.0002 0.5072 -0.8618
vn 0.0033 0.5067 -0.8621
vn 0.0004 0.5033 -0.8641
vn 0.0036 0.5065 -0.8622
vn 0.0003 0.5031 -0.8642
vn 0.0036 0.5068 -0.8621
vn 0.0005 0.5031 -0.8642
vn 0.0038 0.5065 -0.8622
vn 0.0004 0.5028 -0.8644
vn -0.0009 0.5063 -0.8623
vn 0.0038 0.5068 -0.8621
vn 0.0005 0.5028 -0.8644
vn -0.0014 0.5065 -0.8622
vn 0.0042 0.5066 -0.8622
vn 0.0004 0.5025 -0.8646
vn -0.0015 0.5065 -0.8623
vn 0.0042 0.5069 -0.8620
vn 0.0005 0.5025 -0.8646
vn -0.0014 0.5066 -0.8622
vn 0.0046 0.5066 -0.8622
vn 0.0004 0.5022 -0.8647
vn 0.0046 0.5069 -0.8620
vn 0.0006 0.5022 -0.8647
vn -0.0017 0.5066 -0.8622
vn 0.0003 0.5077 -0.8615
vn 0.0051 0.5066 -0.8621
vn 0.0005 0.5018 -0.8650
vn -0.0017 0.5065 -0.8622
vn 0.0050 0.5070 -0.8619
vn 0.0006 0.5018 -0.8650
vn 0.0057 0.5067 -0.8621
vn 0.0005 0.5013 -0.8653
vn -0.0019 0.5066 -0.8622
vn 0.0003 0.5079 -0.8614
vn 0.0056 0.5071 -0.8619
vn 0.0007 0.5013 -0.8653
vn -0.0022 0.5067 -0.8621
vn 0.0004 0.5080 -0.8613
vn 0.0064 0.5067 -0.8621
vn 0.0006 0.5007 -0.8656
vn -0.0022 0.5066 -0.8622
vn 0.0003 0.5081 -0.8613
vn 0.0063 0.5072 -0.8618
vn 0.0008 0.5007 -0.8656
vn -0.0026 0.5069 -0.8620
vn 0.0005 0.5085 -0.8611
vn 0.0073 0.5068 -0.8620
vn 0.0007 0.4999 -0.8661
vn -0.0027 0.5067 -0.8621
vn 0.0004 0.5085 -0.8611
vn 0.0073 0.5073 -0.8617
vn 0.0009 0.4999 -0.8661
vn -0.0029 0.5069 -0.8620
vn 0.0006 0.5088 -0.8609
vn 0.0086 0.5069 -0.8620
vn 0.0008 0.4987 -0.8667
vn -0.0028 0.5067 -0.8621
vn 0.0005 0.5088 -0.8609
vn 0.0085 0.5075 -0.8616
vn 0.0011 0.4988 -0.8667
vn -0.0036 0.5071 -0.8619
vn 0.0007 0.5094 -0.8605
vn 0.0103 0.5071 -0.8618
vn 0.0009 0.4973 -0.8676
vn -0.0037 0.5069 -0.8620
vn 0.0006 0.5094 -0.8605
vn 0.0102 0.5078 -0.8614
vn 0.0013 0.4973 -0.8676
vn -0.0046 0.5073 -0.8617
vn 0.0009 0.5102 -0.8600
vn 0.0129 0.5073 -0.8617
vn 0.0012 0.4951 -0.8689
vn -0.0046 0.5071 -0.8619
vn 0.0007 0.5103 -0.8600
vn 0.0127 0.5082 -0.8612
vn 0.0016 0.4951 -0.8688
vn -0.0062 0.5077 -0.8615
vn 0.0012 0.5116 -0.8592
vn 0.0172 0.5076 -0.8614
vn 0.0016 0.4913 -0.8710
vn -0.0063 0.5073 -0.8617
vn 0.0010 0.5116 -0.8592
vn 0.0170 0.5088 -0.8607
vn 0.0022 0.4913 -0.8710
vn 0.0013 0.9682 -0.2502
vn 0.0004 0.9677 -0.2521
vn 0.0014 0.9682 -0.2503
vn 0.0003 0.9677 -0.2522
vn -0.0002 0.9975 0.0704
vn -0.0006 0.9976 0.0697
vn 0.0017 0.9683 -0.2499
vn 0.0004 0.9676 -0.2524
vn 0.0018 0.9682 -0.2502
vn 0.0004 0.9676 -0.2526
vn -0.0011 0.9976 0.0692
vn -0.0010 0.9975 0.0712
vn -0.0008 0.9974 0.0714
vn -0.0005 0.9975 0.0709
vn -0.0006 0.9975 0.0707
vn -0.0008 0.9975 0.0709
vn -0.0004 0.9975 0.0708
vn -0.0009 0.9975 0.0711
vn -0.0010 0.9976 0.0694
vn -0.0007 0.9975 0.0713
vn -0.0018 0.9933 0.1152
vn -0.0016 0.9930 0.1184
vn -0.0002 0.9932 0.1162
vn -0.0018 0.9933 0.1153
vn -0.0012 0.9929 0.1186
vn -0.0021 0.9934 0.1149
vn -0.0020 0.9929 0.1188
vn -0.0022 0.9934 0.1149
vn -0.0015 0.9929 0.1191
vn 0.0022 0.9972 -0.0754
vn 0.0006 0.9969 -0.0788
vn 0.0023 0.9971 -0.0757
vn 0.0005 0.9969 -0.0788
vn -0.0000 0.9971 -0.0764
vn 0.0030 0.9972 -0.0750
vn 0.0008 0.9968 -0.0795
vn 0.0364 0.9901 -0.1355
vn -0.0587 0.9918 -0.1136
vn 0.0031 0.9971 -0.0755
vn 0.0006 0.9968 -0.0795
vn 0.0268 0.9897 -0.1403
vn -0.0609 0.9921 -0.1098
vn -0.0019 0.5066 0.8622
vn -0.0003 0.5045 0.8634
vn 0.0007 0.5063 0.8624
vn -0.0020 0.5065 0.8622
vn -0.0022 0.5067 0.8621
vn -0.0022 0.5065 0.8622
vn -0.0003 0.5043 0.8635
vn -0.0023 0.5067 0.8621
vn 0.0009 0.5063 0.8624
vn -0.0001 0.5069 0.8620
vn -0.0023 0.5066 0.8622
vn -0.0003 0.5042 0.8636
vn -0.0004 0.5042 0.8636
vn -0.0003 0.5041 0.8636
vn -0.0025 0.5068 0.8621
vn -0.0004 0.5040 0.8637
vn 0.0011 0.5063 0.8623
vn -0.0001 0.5070 0.8620
vn -0.0025 0.5066 0.8622
vn -0.0003 0.5040 0.8637
vn -0.0026 0.5068 0.8621
vn -0.0004 0.5039 0.8638
vn 0.0009 0.5063 0.8623
vn -0.0027 0.5066 0.8622
vn -0.0003 0.5039 0.8638
vn -0.0001 0.5070 0.8619
vn -0.0027 0.5068 0.8620
vn -0.0004 0.5038 0.8638
vn 0.0003 0.5062 0.8624
vn -0.0000 0.5065 0.8622
vn -0.0028 0.5066 0.8622
vn -0.0029 0.5069 0.8620
vn -0.0005 0.5036 0.8639
vn -0.0030 0.5067 0.8621
vn -0.0004 0.5036 0.8639
vn -0.0030 0.5069 0.8620
vn -0.0004 0.5036 0.8640
vn -0.0033 0.5069 0.8620
vn -0.0005 0.5033 0.8641
vn 0.0012 0.5063 0.8623
vn -0.0001 0.5072 0.8618
vn -0.0033 0.5067 0.8621
vn -0.0004 0.5033 0.8641
vn 0.0012 0.5064 0.8623
vn -0.0035 0.5070 0.8619
vn -0.0006 0.5031 0.8642
vn 0.0016 0.5064 0.8623
vn -0.0002 0.5074 0.8617
vn -0.0036 0.5068 0.8621
vn -0.0005 0.5031 0.8642
vn 0.0015 0.5065 0.8623
vn -0.0002 0.5075 0.8616
vn -0.0038 0.5070 0.8619
vn -0.0006 0.5028 0.8644
vn 0.0014 0.5063 0.8623
vn -0.0039 0.5068 0.8621
vn -0.0005 0.5028 0.8644
vn 0.0014 0.5064 0.8623
vn -0.0041 0.5071 0.8619
vn -0.0007 0.5026 0.8645
vn 0.0013 0.5064 0.8623
vn -0.0002 0.5075 0.8617
vn -0.0042 0.5069 0.8620
vn -0.0005 0.5026 0.8645
vn -0.0045 0.5072 0.8618
vn -0.0007 0.5022 0.8648
vn -0.0002 0.5076 0.8616
vn -0.0046 0.5069 0.8620
vn -0.0006 0.5022 0.8647
vn 0.0016 0.5065 0.8622
vn -0.0050 0.5073 0.8617
vn -0.0008 0.5018 0.8650
vn 0.0024 0.5065 0.8623
vn -0.0003 0.5082 0.8612
vn -0.0051 0.5070 0.8619
vn -0.0006 0.5018 0.8650
vn 0.0023 0.5066 0.8622
vn -0.0004 0.5082 0.8612
vn -0.0056 0.5075 0.8617
vn -0.0009 0.5013 0.8653
vn 0.0021 0.5065 0.8623
vn -0.0002 0.5080 0.8613
vn -0.0057 0.5071 0.8619
vn -0.0007 0.5013 0.8653
vn 0.0021 0.5066 0.8622
vn -0.0003 0.5080 0.8614
vn -0.0062 0.5076 0.8616
vn -0.0010 0.5007 0.8656
vn 0.0019 0.5064 0.8623
vn -0.0002 0.5079 0.8614
vn -0.0063 0.5072 0.8618
vn -0.0008 0.5007 0.8656
vn 0.0022 0.5066 0.8622
vn -0.0003 0.5081 0.8613
vn -0.0071 0.5078 0.8614
vn -0.0012 0.4999 0.8661
vn 0.0026 0.5065 0.8622
vn -0.0003 0.5085 0.8611
vn -0.0073 0.5073 0.8617
vn -0.0009 0.4999 0.8661
vn 0.0026 0.5067 0.8621
vn -0.0004 0.5084 0.8611
vn -0.0083 0.5080 0.8613
vn -0.0014 0.4988 0.8667
vn 0.0031 0.5065 0.8622
vn -0.0003 0.5088 0.8609
vn -0.0084 0.5075 0.8616
vn -0.0011 0.4988 0.8667
vn 0.0030 0.5067 0.8621
vn -0.0005 0.5088 0.8609
vn -0.0100 0.5085 0.8610
vn -0.0016 0.4974 0.8675
vn 0.0037 0.5067 0.8621
vn -0.0004 0.5094 0.8605
vn -0.0102 0.5078 0.8614
vn -0.0013 0.4973 0.8676
vn 0.0037 0.5069 0.8620
vn -0.0006 0.5094 0.8605
vn -0.0125 0.5090 0.8607
vn -0.0021 0.4951 0.8688
vn 0.0046 0.5067 0.8621
vn -0.0005 0.5101 0.8601
vn -0.0127 0.5081 0.8612
vn -0.0016 0.4950 0.8689
vn 0.0046 0.5070 0.8619
vn -0.0007 0.5101 0.8601
vn -0.0167 0.5100 0.8600
vn -0.0027 0.4915 0.8709
vn 0.0064 0.5071 0.8619
vn -0.0007 0.5118 0.8591
vn -0.0170 0.5089 0.8607
vn -0.0022 0.4915 0.8709
vn 0.0063 0.5074 0.8617
vn -0.0010 0.5118 0.8591
vn 0.0003 0.9975 -0.0705
vn 0.0004 0.9975 -0.0707
vn 0.0007 0.9975 -0.0709
vn 0.0006 0.9975 -0.0710
vn -0.0015 0.9682 0.2500
vn -0.0004 0.9676 0.2523
vn -0.0017 0.9682 0.2502
vn -0.0003 0.9676 0.2523
vn 0.0005 0.9681 0.2506
vn 0.0002 0.9975 -0.0704
vn 0.0003 0.9975 -0.0700
vn 0.0004 0.9975 -0.0706
vn 0.0003 0.9975 -0.0706
vn -0.0004 0.9677 0.2521
vn -0.0016 0.9682 0.2503
vn 0.0005 0.9975 -0.0707
vn 0.0010 0.9976 -0.0692
vn 0.0008 0.9975 -0.0710
vn 0.0011 0.9976 -0.0692
vn 0.0007 0.9975 -0.0712
vn 0.0018 0.9933 -0.1151
vn 0.0017 0.9930 -0.1184
vn 0.0018 0.9933 -0.1152
vn 0.0013 0.9929 -0.1187
vn 0.0022 0.9934 -0.1149
vn 0.0020 0.9929 -0.1188
vn -0.0010 0.9932 -0.1162
vn 0.0003 0.9933 -0.1156
vn 0.0022 0.9934 -0.1150
vn 0.0015 0.9929 -0.1191
vn -0.0007 0.9932 -0.1163
vn 0.0004 0.9933 -0.1159
vn -0.0020 0.9972 0.0754
vn -0.0006 0.9969 0.0787
vn -0.0022 0.9971 0.0757
vn -0.0005 0.9969 0.0788
vn -0.0028 0.9972 0.0752
vn -0.0008 0.9968 0.0795
vn -0.0363 0.9901 0.1355
vn 0.0586 0.9918 0.1137
vn -0.0029 0.9971 0.0756
vn -0.0006 0.9968 0.0795
vn -0.0267 0.9897 0.1404
vn 0.0609 0.9921 0.1099
vt 0.592718 0.412254
vt 0.033263 0.752342
vt 0.034430 0.753496
vt 0.974550 0.389985
vt 0.597819 0.412239
vt 0.979934 0.389978
vt 0.033849 0.753344
vt 0.595269 0.412247
vt 0.033422 0.752921
vt 0.584589 0.425615
vt 0.587254 0.425262
vt 0.971293 0.375913
vt 0.589690 0.425599
vt 0.965909 0.375920
vt 0.052517 0.008915
vt 0.156656 0.751651
vt 0.407664 0.390735
vt 0.047045 0.008882
vt 0.156504 0.752232
vt 0.410356 0.390732
vt 0.156081 0.752660
vt 0.413048 0.390728
vt 0.155502 0.752818
vt 0.421652 0.376641
vt 0.418839 0.377008
vt 0.055720 0.023243
vt 0.416268 0.376648
vt 0.061193 0.023276
vt 0.058196 0.413857
vt 0.032738 0.630689
vt 0.402486 0.765300
vt 0.055645 0.413865
vt 0.033160 0.630262
vt 0.033740 0.630103
vt 0.407494 0.765332
vt 0.060746 0.413849
vt 0.032586 0.631270
vt 0.415597 0.752288
vt 0.410589 0.752257
vt 0.063854 0.427176
vt 0.066290 0.426811
vt 0.068955 0.427161
vt 0.628695 0.012475
vt 0.934821 0.768663
vt 0.155393 0.629578
vt 0.625959 0.012458
vt 0.155820 0.630000
vt 0.623223 0.012441
vt 0.155979 0.630580
vt 0.929812 0.768631
vt 0.154811 0.629425
vt 0.614371 0.026694
vt 0.617233 0.026342
vt 0.926883 0.755518
vt 0.619843 0.026728
vt 0.921874 0.755487
vt 0.071811 0.430003
vt 0.069049 0.429662
vt 0.413402 0.749475
vt 0.066710 0.430019
vt 0.418411 0.749507
vt 0.581750 0.428475
vt 0.584502 0.428117
vt 0.968284 0.372907
vt 0.586851 0.428459
vt 0.962900 0.372915
vt 0.573621 0.441835
vt 0.576292 0.441471
vt 0.959643 0.358843
vt 0.578722 0.441820
vt 0.954259 0.358850
vt 0.426514 0.736463
vt 0.421506 0.736432
vt 0.074919 0.443330
vt 0.077355 0.442966
vt 0.080020 0.443315
vt 0.424653 0.373627
vt 0.421748 0.374000
vt 0.058756 0.026320
vt 0.419269 0.373634
vt 0.064228 0.026354
vt 0.433256 0.359539
vt 0.430436 0.359919
vt 0.067431 0.040681
vt 0.427873 0.359547
vt 0.072903 0.040715
vt 0.611297 0.029734
vt 0.614253 0.029377
vt 0.924105 0.752701
vt 0.616770 0.029768
vt 0.919097 0.752670
vt 0.602445 0.043987
vt 0.605314 0.043623
vt 0.916167 0.739557
vt 0.607918 0.044021
vt 0.911159 0.739525
vt 0.082881 0.446158
vt 0.080116 0.445816
vt 0.424319 0.733650
vt 0.077775 0.446173
vt 0.429327 0.733681
vt 0.570783 0.444695
vt 0.573535 0.444336
vt 0.956634 0.355837
vt 0.575884 0.444679
vt 0.951250 0.355844
vt 0.562654 0.458055
vt 0.565325 0.457691
vt 0.947993 0.341772
vt 0.567755 0.458040
vt 0.942609 0.341779
vt 0.437431 0.720638
vt 0.432422 0.720606
vt 0.085983 0.459484
vt 0.088419 0.459120
vt 0.091084 0.459469
vt 0.436258 0.356526
vt 0.433352 0.356900
vt 0.070467 0.043759
vt 0.430874 0.356533
vt 0.075945 0.043793
vt 0.444861 0.342438
vt 0.442041 0.342818
vt 0.079142 0.058120
vt 0.439477 0.342445
vt 0.084614 0.058154
vt 0.599372 0.047027
vt 0.602328 0.046669
vt 0.913390 0.736740
vt 0.604844 0.047061
vt 0.908381 0.736708
vt 0.590520 0.061280
vt 0.593389 0.060915
vt 0.905452 0.723595
vt 0.595992 0.061313
vt 0.900443 0.723564
vt 0.093946 0.462312
vt 0.000000 0.000000
vt 0.091181 0.461970
vt 0.000000 0.000000
vt 0.435235 0.717825
vt 0.088839 0.462327
vt 0.000000 0.000000
vt 0.440244 0.717856
vt 0.000000 0.000000
vt 0.559816 0.460915
vt 0.000000 0.000000
vt 0.562568 0.460556
vt 0.000000 0.000000
vt 0.944984 0.338767
vt 0.564917 0.460900
vt 0.000000 0.000000
vt 0.939600 0.338774
vt 0.000000 0.000000
vt 0.551687 0.474275
vt 0.554358 0.473911
vt 0.936342 0.324702
vt 0.556787 0.474260
vt 0.930958 0.324709
vt 0.448347 0.704813
vt 0.443339 0.704781
vt 0.097048 0.475639
vt 0.099484 0.475275
vt 0.102149 0.475623
vt 0.447863 0.339425
vt 0.000000 0.000000
vt 0.444957 0.339799
vt 0.000000 0.000000
vt 0.082177 0.061198
vt 0.442479 0.339432
vt 0.000000 0.000000
vt 0.087656 0.061232
vt 0.000000 0.000000
vt 0.456466 0.325337
vt 0.453646 0.325717
vt 0.090853 0.075559
vt 0.451082 0.325344
vt 0.096325 0.075593
vt 0.587447 0.064319
vt 0.000000 0.000000
vt 0.590403 0.063962
vt 0.000000 0.000000
vt 0.902674 0.720778
vt 0.592919 0.064353
vt 0.000000 0.000000
vt 0.897666 0.720746
vt 0.000000 0.000000
vt 0.578595 0.078572
vt 0.581464 0.078208
vt 0.894736 0.707633
vt 0.584067 0.078606
vt 0.889728 0.707602
vt 0.105004 0.478466
vt 0.102242 0.478124
vt 0.446152 0.702000
vt 0.099904 0.478481
vt 0.451160 0.702031
vt 0.548848 0.477135
vt 0.551600 0.476776
vt 0.933333 0.321696
vt 0.553949 0.477120
vt 0.927949 0.321704
vt 0.540719 0.490495
vt 0.543390 0.490131
vt 0.924692 0.307632
vt 0.545820 0.490480
vt 0.919309 0.307639
vt 0.459263 0.688988
vt 0.454255 0.688956
vt 0.108113 0.491793
vt 0.110548 0.491429
vt 0.113214 0.491777
vt 0.459468 0.322324
vt 0.456562 0.322698
vt 0.093888 0.078637
vt 0.454084 0.322331
vt 0.099367 0.078670
vt 0.468071 0.308236
vt 0.465251 0.308616
vt 0.102564 0.092998
vt 0.462687 0.308243
vt 0.108036 0.093031
vt 0.575521 0.081612
vt 0.578477 0.081254
vt 0.891958 0.704816
vt 0.580993 0.081646
vt 0.886950 0.704785
vt 0.566669 0.095865
vt 0.569538 0.095501
vt 0.884020 0.691671
vt 0.572141 0.095899
vt 0.879012 0.691640
vt 0.116075 0.494620
vt 0.113310 0.494278
vt 0.457069 0.686175
vt 0.110968 0.494635
vt 0.462077 0.686206
vt 0.537881 0.493355
vt 0.540633 0.492996
vt 0.921683 0.304626
vt 0.542982 0.493340
vt 0.916299 0.304633
vt 0.529752 0.506716
vt 0.532423 0.506352
vt 0.913042 0.290561
vt 0.534853 0.506701
vt 0.907658 0.290568
vt 0.470180 0.673163
vt 0.465172 0.673131
vt 0.119177 0.507947
vt 0.121613 0.507583
vt 0.124278 0.507931
vt 0.471072 0.305223
vt 0.468167 0.305597
vt 0.105599 0.096075
vt 0.465688 0.305230
vt 0.111078 0.096109
vt 0.479676 0.291135
vt 0.476856 0.291515
vt 0.114274 0.110436
vt 0.474292 0.291142
vt 0.119747 0.110470
vt 0.563596 0.098905
vt 0.566552 0.098547
vt 0.881242 0.688854
vt 0.569068 0.098939
vt 0.876228 0.688823
vt 0.554744 0.113158
vt 0.557613 0.112793
vt 0.873304 0.675710
vt 0.560216 0.113192
vt 0.868296 0.675678
vt 0.127134 0.510774
vt 0.124372 0.510432
vt 0.467985 0.670349
vt 0.122033 0.510789
vt 0.472993 0.670381
vt 0.526913 0.509575
vt 0.529665 0.509217
vt 0.910033 0.287556
vt 0.532014 0.509560
vt 0.904649 0.287563
vt 0.518784 0.522936
vt 0.521456 0.522573
vt 0.901392 0.273491
vt 0.523885 0.522921
vt 0.896008 0.273498
vt 0.481097 0.657338
vt 0.476088 0.657306
vt 0.130242 0.524101
vt 0.132677 0.523738
vt 0.135343 0.524086
vt 0.482677 0.288121
vt 0.479772 0.288495
vt 0.117310 0.113514
vt 0.477293 0.288129
vt 0.122782 0.113548
vt 0.491281 0.274034
vt 0.488461 0.274412
vt 0.125985 0.127875
vt 0.485897 0.274041
vt 0.131457 0.127909
vt 0.551670 0.116198
vt 0.554626 0.115840
vt 0.870527 0.672893
vt 0.557142 0.116232
vt 0.865518 0.672861
vt 0.542818 0.130450
vt 0.545688 0.130087
vt 0.862589 0.659748
vt 0.548290 0.130484
vt 0.857580 0.659716
vt 0.138198 0.526978
vt 0.135440 0.526638
vt 0.478902 0.654475
vt 0.133098 0.526994
vt 0.483910 0.654507
vt 0.515946 0.525846
vt 0.518695 0.525488
vt 0.898383 0.270432
vt 0.521046 0.525831
vt 0.892999 0.270439
vt 0.507817 0.539206
vt 0.510488 0.538842
vt 0.889742 0.256368
vt 0.512918 0.539191
vt 0.884358 0.256375
vt 0.492013 0.641463
vt 0.487005 0.641432
vt 0.141306 0.540305
vt 0.143742 0.539941
vt 0.146407 0.540290
vt 0.494282 0.270967
vt 0.491380 0.271340
vt 0.129020 0.131007
vt 0.488898 0.270975
vt 0.134492 0.131040
vt 0.502886 0.256880
vt 0.500066 0.257260
vt 0.137696 0.145368
vt 0.497502 0.256887
vt 0.143168 0.145402
vt 0.539745 0.133544
vt 0.542697 0.133187
vt 0.859811 0.656882
vt 0.545217 0.133578
vt 0.854803 0.656850
vt 0.530893 0.147797
vt 0.533762 0.147433
vt 0.851873 0.643737
vt 0.536365 0.147831
vt 0.846865 0.643705
vt 0.149263 0.543133
vt 0.146501 0.542791
vt 0.489818 0.638650
vt 0.144162 0.543148
vt 0.494827 0.638682
vt 0.504979 0.542066
vt 0.507731 0.541707
vt 0.886733 0.253362
vt 0.510079 0.542051
vt 0.881349 0.253369
vt 0.496849 0.555426
vt 0.499521 0.555062
vt 0.878092 0.239297
vt 0.501950 0.555411
vt 0.872708 0.239304
vt 0.502930 0.625638
vt 0.497922 0.625607
vt 0.152371 0.556459
vt 0.154806 0.556095
vt 0.157472 0.556444
vt 0.505887 0.253866
vt 0.502981 0.254240
vt 0.140731 0.148446
vt 0.500503 0.253874
vt 0.146203 0.148479
vt 0.514490 0.239779
vt 0.511671 0.240158
vt 0.149407 0.162807
vt 0.509107 0.239786
vt 0.154879 0.162840
vt 0.527819 0.150837
vt 0.530775 0.150479
vt 0.849096 0.640920
vt 0.533291 0.150871
vt 0.844087 0.640888
vt 0.518967 0.165090
vt 0.521836 0.164725
vt 0.841158 0.627775
vt 0.524440 0.165124
vt 0.836150 0.627744
vt 0.160327 0.559287
vt 0.157565 0.558945
vt 0.500735 0.622825
vt 0.155226 0.559302
vt 0.505743 0.622857
vt 0.494011 0.558286
vt 0.496763 0.557927
vt 0.875083 0.236292
vt 0.499112 0.558271
vt 0.869699 0.236299
vt 0.485882 0.571647
vt 0.488554 0.571284
vt 0.866442 0.222227
vt 0.490983 0.571631
vt 0.861058 0.222234
vt 0.513846 0.609813
vt 0.508838 0.609782
vt 0.163435 0.572613
vt 0.165870 0.572250
vt 0.168536 0.572598
vt 0.517492 0.236765
vt 0.514586 0.237139
vt 0.152442 0.165884
vt 0.512108 0.236772
vt 0.157914 0.165918
vt 0.526095 0.222678
vt 0.523275 0.223056
vt 0.161117 0.180245
vt 0.520712 0.222685
vt 0.166589 0.180279
vt 0.515894 0.168130
vt 0.518850 0.167772
vt 0.838380 0.624958
vt 0.521366 0.168163
vt 0.833368 0.624927
vt 0.507042 0.182382
vt 0.509911 0.182019
vt 0.830442 0.611814
vt 0.512514 0.182416
vt 0.825434 0.611782
vt 0.171394 0.575491
vt 0.168635 0.575150
vt 0.511652 0.606951
vt 0.166291 0.575506
vt 0.516660 0.606982
vt 0.483044 0.574556
vt 0.485793 0.574199
vt 0.863432 0.219169
vt 0.488144 0.574541
vt 0.858049 0.219176
vt 0.474914 0.587917
vt 0.477585 0.587553
vt 0.854791 0.205103
vt 0.480015 0.587902
vt 0.849407 0.205110
vt 0.524764 0.593939
vt 0.519755 0.593907
vt 0.174500 0.588818
vt 0.176936 0.588454
vt 0.179601 0.588803
vt 0.529096 0.219611
vt 0.526194 0.219984
vt 0.164152 0.183377
vt 0.523713 0.219618
vt 0.169624 0.183411
vt 0.537701 0.205523
vt 0.534881 0.205903
vt 0.172828 0.197739
vt 0.532317 0.205530
vt 0.178301 0.197772
vt 0.503968 0.185476
vt 0.506921 0.185119
vt 0.827665 0.608947
vt 0.509440 0.185510
vt 0.822654 0.608916
vt 0.495116 0.199730
vt 0.497985 0.199365
vt 0.819727 0.595802
vt 0.500588 0.199763
vt 0.814718 0.595771
vt 0.182457 0.591645
vt 0.179695 0.591303
vt 0.522568 0.591125
vt 0.177356 0.591661
vt 0.527576 0.591157
vt 0.472076 0.590777
vt 0.474828 0.590418
vt 0.851782 0.202097
vt 0.477177 0.590762
vt 0.846398 0.202105
vt 0.463948 0.604137
vt 0.466619 0.603773
vt 0.843141 0.188033
vt 0.469048 0.604122
vt 0.837757 0.188040
vt 0.535680 0.578114
vt 0.530672 0.578082
vt 0.185564 0.604972
vt 0.188000 0.604608
vt 0.190665 0.604957
vt 0.540702 0.202510
vt 0.537796 0.202883
vt 0.175864 0.200816
vt 0.535318 0.202517
vt 0.181336 0.200850
vt 0.549305 0.188422
vt 0.546485 0.188802
vt 0.184538 0.215177
vt 0.543921 0.188429
vt 0.190010 0.215211
vt 0.492043 0.202769
vt 0.494999 0.202412
vt 0.816949 0.592985
vt 0.497515 0.202803
vt 0.811938 0.592954
vt 0.483191 0.217022
vt 0.486060 0.216658
vt 0.809011 0.579841
vt 0.488663 0.217056
vt 0.804003 0.579809
vt 0.193521 0.607799
vt 0.190759 0.607457
vt 0.533484 0.575300
vt 0.188420 0.607815
vt 0.538493 0.575332
vt 0.461109 0.606997
vt 0.463861 0.606638
vt 0.840132 0.185028
vt 0.466210 0.606982
vt 0.834748 0.185035
vt 0.452980 0.620358
vt 0.455651 0.619993
vt 0.831491 0.170963
vt 0.458080 0.620342
vt 0.826107 0.170970
vt 0.546596 0.562289
vt 0.541588 0.562257
vt 0.196629 0.621126
vt 0.199064 0.620762
vt 0.201730 0.621111
vt 0.552306 0.185409
vt 0.549401 0.185783
vt 0.187574 0.218255
vt 0.546923 0.185416
vt 0.193046 0.218288
vt 0.560910 0.171321
vt 0.558090 0.171701
vt 0.196249 0.232616
vt 0.555526 0.171328
vt 0.201722 0.232650
vt 0.480118 0.220062
vt 0.483074 0.219704
vt 0.806233 0.577024
vt 0.485590 0.220096
vt 0.801225 0.576992
vt 0.471266 0.234315
vt 0.474135 0.233950
vt 0.798295 0.563879
vt 0.476738 0.234348
vt 0.793287 0.563847
vt 0.204587 0.623953
vt 0.201824 0.623611
vt 0.544401 0.559475
vt 0.199484 0.623968
vt 0.549410 0.559507
vt 0.450141 0.623217
vt 0.452893 0.622858
vt 0.828482 0.167957
vt 0.455242 0.623202
vt 0.823098 0.167964
vt 0.442012 0.636578
vt 0.444683 0.636214
vt 0.819841 0.153892
vt 0.447113 0.636562
vt 0.814457 0.153899
vt 0.557513 0.546463
vt 0.552505 0.546432
vt 0.207694 0.637280
vt 0.210129 0.636916
vt 0.212795 0.637265
vt 0.563911 0.168308
vt 0.561006 0.168682
vt 0.199285 0.235693
vt 0.558527 0.168315
vt 0.204757 0.235727
vt 0.572515 0.154220
vt 0.569695 0.154600
vt 0.207960 0.250055
vt 0.567131 0.154227
vt 0.213432 0.250088
vt 0.468192 0.237355
vt 0.471148 0.236997
vt 0.795518 0.561062
vt 0.473665 0.237388
vt 0.790510 0.561030
vt 0.459340 0.251608
vt 0.462209 0.251243
vt 0.787580 0.547917
vt 0.464812 0.251641
vt 0.782571 0.547885
vt 0.215650 0.640108
vt 0.212888 0.639766
vt 0.555318 0.543650
vt 0.210549 0.640123
vt 0.560326 0.543682
vt 0.439173 0.639437
vt 0.441925 0.639078
vt 0.816832 0.150887
vt 0.444274 0.639422
vt 0.811448 0.150894
vt 0.431045 0.652798
vt 0.433716 0.652433
vt 0.808191 0.136822
vt 0.436146 0.652782
vt 0.802807 0.136829
vt 0.568429 0.530639
vt 0.563421 0.530607
vt 0.218758 0.653434
vt 0.221193 0.653070
vt 0.223859 0.653419
vt 0.575516 0.151206
vt 0.572611 0.151580
vt 0.210996 0.253132
vt 0.570132 0.151213
vt 0.216470 0.253166
vt 0.584120 0.137119
vt 0.581300 0.137499
vt 0.219671 0.267493
vt 0.578736 0.137126
vt 0.225143 0.267527
vt 0.456267 0.254647
vt 0.459223 0.254290
vt 0.784802 0.545100
vt 0.461739 0.254681
vt 0.779794 0.545068
vt 0.447415 0.268900
vt 0.450284 0.268536
vt 0.776864 0.531955
vt 0.452887 0.268934
vt 0.771856 0.531924
vt 0.226716 0.656262
vt 0.223953 0.655920
vt 0.566234 0.527825
vt 0.221614 0.656277
vt 0.571242 0.527857
vt 0.428206 0.655657
vt 0.430958 0.655298
vt 0.805182 0.133817
vt 0.433307 0.655642
vt 0.799798 0.133824
vt 0.420077 0.669018
vt 0.422748 0.668654
vt 0.796540 0.119751
vt 0.425178 0.669003
vt 0.791156 0.119759
vt 0.579346 0.514813
vt 0.574338 0.514782
vt 0.229823 0.669588
vt 0.232259 0.669224
vt 0.234924 0.669573
vt 0.587121 0.134106
vt 0.584216 0.134480
vt 0.222706 0.270571
vt 0.581737 0.134113
vt 0.228179 0.270605
vt 0.595725 0.120017
vt 0.592905 0.120397
vt 0.231382 0.284933
vt 0.590342 0.120024
vt 0.236854 0.284966
vt 0.444341 0.271940
vt 0.447297 0.271582
vt 0.774086 0.529138
vt 0.449813 0.271974
vt 0.769078 0.529107
vt 0.435489 0.286194
vt 0.438358 0.285829
vt 0.766147 0.515993
vt 0.440961 0.286228
vt 0.761139 0.515961
vt 0.237781 0.672416
vt 0.235018 0.672074
vt 0.577151 0.512000
vt 0.232679 0.672431
vt 0.582159 0.512031
vt 0.417238 0.671878
vt 0.419990 0.671519
vt 0.793531 0.116746
vt 0.422339 0.671863
vt 0.788147 0.116753
vt 0.409110 0.685238
vt 0.411781 0.684874
vt 0.784891 0.102682
vt 0.414211 0.685223
vt 0.779507 0.102689
vt 0.590262 0.498988
vt 0.585254 0.498957
vt 0.240887 0.685743
vt 0.243323 0.685379
vt 0.245988 0.685727
vt 0.598727 0.117004
vt 0.595821 0.117378
vt 0.234418 0.288010
vt 0.593343 0.117011
vt 0.239890 0.288044
vt 0.607330 0.102917
vt 0.604510 0.103297
vt 0.243092 0.302371
vt 0.601946 0.102924
vt 0.248565 0.302404
vt 0.432415 0.289234
vt 0.435371 0.288876
vt 0.763370 0.513176
vt 0.437887 0.289267
vt 0.758362 0.513144
vt 0.423564 0.303486
vt 0.426433 0.303121
vt 0.755433 0.500032
vt 0.429036 0.303519
vt 0.750425 0.500001
vt 0.248844 0.688570
vt 0.246082 0.688228
vt 0.588068 0.496175
vt 0.243743 0.688585
vt 0.593076 0.496207
vt 0.406271 0.688098
vt 0.409024 0.687739
vt 0.781882 0.099676
vt 0.411372 0.688082
vt 0.776498 0.099683
vt 0.398142 0.701458
vt 0.400813 0.701094
vt 0.773240 0.085611
vt 0.403243 0.701443
vt 0.767856 0.085618
vt 0.601179 0.483163
vt 0.596171 0.483131
vt 0.251952 0.701897
vt 0.254388 0.701533
vt 0.257053 0.701882
vt 0.610331 0.099903
vt 0.607425 0.100277
vt 0.246128 0.305448
vt 0.604947 0.099910
vt 0.251600 0.305482
vt 0.618935 0.085815
vt 0.616115 0.086195
vt 0.254804 0.319810
vt 0.613551 0.085822
vt 0.260276 0.319844
vt 0.420491 0.306525
vt 0.423447 0.306167
vt 0.752655 0.497215
vt 0.425963 0.306559
vt 0.747646 0.497183
vt 0.411638 0.320779
vt 0.414507 0.320415
vt 0.744716 0.484070
vt 0.417110 0.320813
vt 0.739708 0.484038
vt 0.259908 0.704724
vt 0.257147 0.704382
vt 0.598984 0.480350
vt 0.254808 0.704739
vt 0.603992 0.480381
vt 0.395304 0.704318
vt 0.398056 0.703959
vt 0.770231 0.082606
vt 0.400404 0.704303
vt 0.764847 0.082613
vt 0.387175 0.717678
vt 0.389846 0.717314
vt 0.761590 0.068541
vt 0.392276 0.717663
vt 0.756206 0.068548
vt 0.612095 0.467339
vt 0.607087 0.467307
vt 0.263016 0.718050
vt 0.265451 0.717687
vt 0.268117 0.718035
vt 0.621936 0.082801
vt 0.619031 0.083175
vt 0.257840 0.322888
vt 0.616553 0.082809
vt 0.263312 0.322922
vt 0.630539 0.068715
vt 0.627719 0.069095
vt 0.266514 0.337247
vt 0.625155 0.068722
vt 0.271986 0.337281
vt 0.408565 0.323819
vt 0.411521 0.323461
vt 0.741939 0.481253
vt 0.414037 0.323853
vt 0.736930 0.481221
vt 0.399714 0.338071
vt 0.402583 0.337706
vt 0.734002 0.468109
vt 0.405186 0.338104
vt 0.728994 0.468078
vt 0.270972 0.720885
vt 0.268211 0.720543
vt 0.609900 0.464518
vt 0.265871 0.720900
vt 0.614908 0.464550
vt 0.384337 0.720545
vt 0.387088 0.720186
vt 0.758581 0.065528
vt 0.389437 0.720530
vt 0.753196 0.065535
vt 0.376207 0.733906
vt 0.378878 0.733542
vt 0.749940 0.051463
vt 0.381308 0.733891
vt 0.744556 0.051470
vt 0.623012 0.451506
vt 0.618004 0.451474
vt 0.274081 0.734212
vt 0.276517 0.733848
vt 0.279182 0.734197
vt 0.633540 0.065694
vt 0.630635 0.066068
vt 0.269549 0.340333
vt 0.628156 0.065701
vt 0.275021 0.340367
vt 0.642144 0.051606
vt 0.639324 0.051985
vt 0.278225 0.354695
vt 0.636760 0.051613
vt 0.283697 0.354729
vt 0.396640 0.341118
vt 0.399596 0.340760
vt 0.731224 0.465285
vt 0.402113 0.341152
vt 0.726215 0.465253
vt 0.387788 0.355372
vt 0.390657 0.355007
vt 0.723286 0.452140
vt 0.393260 0.355405
vt 0.718278 0.452108
vt 0.282038 0.737047
vt 0.279276 0.736705
vt 0.620817 0.448686
vt 0.276937 0.737062
vt 0.625825 0.448717
vt 0.373369 0.736773
vt 0.376120 0.736414
vt 0.746931 0.048450
vt 0.378469 0.736758
vt 0.741547 0.048457
vt 0.365241 0.750133
vt 0.367911 0.749770
vt 0.738290 0.034386
vt 0.370341 0.750118
vt 0.732906 0.034393
vt 0.633929 0.435673
vt 0.628921 0.435642
vt 0.285146 0.750374
vt 0.287582 0.750010
vt 0.290247 0.750359
vt 0.645145 0.048585
vt 0.642240 0.048958
vt 0.281261 0.357780
vt 0.639762 0.048592
vt 0.286733 0.357814
vt 0.653750 0.034497
vt 0.650930 0.034876
vt 0.289935 0.372142
vt 0.648366 0.034504
vt 0.295408 0.372175
vt 0.384714 0.358419
vt 0.387670 0.358062
vt 0.720508 0.449316
vt 0.390186 0.358453
vt 0.715500 0.449284
vt 0.375861 0.372673
vt 0.378730 0.372310
vt 0.712569 0.436170
vt 0.381334 0.372707
vt 0.707561 0.436139
vt 0.293103 0.753202
vt 0.290341 0.752860
vt 0.631734 0.432859
vt 0.288002 0.753217
vt 0.636742 0.432891
vt 0.362402 0.752993
vt 0.365151 0.752646
vt 0.735281 0.031380
vt 0.367503 0.752978
vt 0.729897 0.031387
vt 0.354270 0.766356
vt 0.942565 0.538321
vt 0.356821 0.766348
vt 0.942565 0.541512
vt 0.726639 0.017312
vt 0.359371 0.766340
vt 0.942565 0.544703
vt 0.936183 0.544703
vt 0.721255 0.017319
vt 0.936183 0.465676
vt 0.644845 0.419849
vt 0.639837 0.419817
vt 0.296210 0.766528
vt 0.942565 0.465676
vt 0.298760 0.766520
vt 0.942565 0.468867
vt 0.301310 0.766513
vt 0.942565 0.472058
vt 0.656751 0.031483
vt 0.653849 0.031845
vt 0.292971 0.375220
vt 0.651367 0.031490
vt 0.298443 0.375254
vt 0.665354 0.017393
vt 0.869918 0.544703
vt 0.662663 0.017397
vt 0.866728 0.544703
vt 0.301649 0.389582
vt 0.659971 0.017400
vt 0.863537 0.544703
vt 0.307121 0.389616
vt 0.863537 0.538321
vt 0.372788 0.375714
vt 0.375740 0.375368
vt 0.709791 0.433352
vt 0.378260 0.375748
vt 0.704783 0.433320
vt 0.363937 0.389966
vt 0.863537 0.472058
vt 0.366673 0.389982
vt 0.863537 0.468867
vt 0.701854 0.420209
vt 0.369409 0.389999
vt 0.863537 0.465676
vt 0.696846 0.420177
vt 0.869918 0.465676
vt 0.932625 0.469233
vt 0.936163 0.470012
vt 0.938334 0.472396
vt 0.939008 0.475616
vt 0.939008 0.534762
vt 0.938294 0.537958
vt 0.936005 0.540316
vt 0.932625 0.541145
vt 0.873477 0.541145
vt 0.870281 0.540431
vt 0.867923 0.538142
vt 0.867094 0.534762
vt 0.867094 0.475616
vt 0.867808 0.472421
vt 0.870097 0.470062
vt 0.873477 0.469233
vt 0.914095 0.465676
vt 0.662179 0.419958
vt 0.679512 0.420068
vt 0.892006 0.465676
vt 0.625121 0.578679
vt 0.714562 0.579244
vt 0.617709 0.610469
vt 0.721571 0.611126
vt 0.632532 0.546937
vt 0.707552 0.547411
vt 0.636238 0.531067
vt 0.704047 0.531496
vt 0.654767 0.451707
vt 0.686523 0.451907
vt 0.639944 0.515196
vt 0.700541 0.515578
vt 0.651061 0.467585
vt 0.690028 0.467832
vt 0.628826 0.562808
vt 0.711057 0.563328
vt 0.658473 0.435828
vt 0.683017 0.435984
vt 0.647355 0.483455
vt 0.693532 0.483746
vt 0.621415 0.594550
vt 0.718067 0.595160
vt 0.584356 0.753354
vt 0.753115 0.754421
vt 0.588062 0.737484
vt 0.749611 0.738504
vt 0.591768 0.721613
vt 0.746106 0.722589
vt 0.595474 0.705743
vt 0.742601 0.706672
vt 0.599179 0.689872
vt 0.739096 0.690756
vt 0.602885 0.674001
vt 0.735591 0.674840
vt 0.606591 0.658131
vt 0.732086 0.658923
vt 0.610297 0.642210
vt 0.728581 0.642958
vt 0.643650 0.499326
vt 0.697037 0.499663
vt 0.614003 0.626340
vt 0.725077 0.627042
vt 0.912909 0.469233
vt 0.893193 0.469233
vt 0.074097 0.629877
vt 0.581600 0.766432
vt 0.114454 0.629651
vt 0.755706 0.767531
vt 0.585306 0.750561
vt 0.752202 0.751616
vt 0.589012 0.734690
vt 0.748696 0.735699
vt 0.592718 0.718819
vt 0.000000 0.000000
vt 0.745192 0.719783
vt 0.000000 0.000000
vt 0.596423 0.702949
vt 0.741687 0.703867
vt 0.618658 0.607627
vt 0.720656 0.608271
vt 0.600127 0.687078
vt 0.738178 0.687951
vt 0.603835 0.671208
vt 0.734676 0.672034
vt 0.607541 0.655288
vt 0.731172 0.656069
vt 0.611247 0.639417
vt 0.727667 0.640153
vt 0.629777 0.560015
vt 0.710143 0.560522
vt 0.644599 0.496532
vt 0.696123 0.496858
vt 0.648305 0.480661
vt 0.692617 0.480941
vt 0.652010 0.464784
vt 0.689113 0.465019
vt 0.655717 0.448906
vt 0.685608 0.449095
vt 0.659422 0.433034
vt 0.682103 0.433177
vt 0.633482 0.544144
vt 0.706638 0.544606
vt 0.614951 0.623547
vt 0.724160 0.624237
vt 0.622363 0.591756
vt 0.717151 0.592355
vt 0.626070 0.575885
vt 0.713648 0.576439
vt 0.637187 0.528274
vt 0.703133 0.528690
vt 0.640893 0.512402
vt 0.699628 0.512773
vt 0.783484 0.373152
vt 0.604069 0.373390
vt 0.779586 0.356071
vt 0.607922 0.356299
vt 0.775688 0.338991
vt 0.000000 0.000000
vt 0.611775 0.339208
vt 0.000000 0.000000
vt 0.771789 0.321911
vt 0.615628 0.322117
vt 0.767890 0.304830
vt 0.619481 0.305026
vt 0.763992 0.287749
vt 0.623334 0.287935
vt 0.760093 0.270615
vt 0.627188 0.270791
vt 0.756195 0.253535
vt 0.631041 0.253700
vt 0.784490 0.376160
vt 0.603071 0.376401
vt 0.721109 0.099756
vt 0.665720 0.099830
vt 0.717210 0.082676
vt 0.669573 0.082738
vt 0.713311 0.065588
vt 0.673425 0.065641
vt 0.709413 0.048500
vt 0.677279 0.048542
vt 0.705515 0.031419
vt 0.681133 0.031451
vt 0.912909 0.541145
vt 0.893193 0.541145
vt 0.752297 0.236454
vt 0.634894 0.236610
vt 0.748398 0.219321
vt 0.638747 0.219466
vt 0.744499 0.202240
vt 0.642601 0.202375
vt 0.740601 0.185160
vt 0.646453 0.185284
vt 0.736702 0.168079
vt 0.650307 0.168193
vt 0.732804 0.150998
vt 0.654160 0.151102
vt 0.728906 0.133918
vt 0.658013 0.134012
vt 0.725007 0.116837
vt 0.661867 0.116920
vt 0.074787 0.753270
vt 0.787383 0.390233
vt 0.115145 0.753044
vt 0.600215 0.390480
vt 0.780591 0.359080
vt 0.606924 0.359309
vt 0.776693 0.341999
vt 0.610777 0.342218
vt 0.772794 0.324918
vt 0.614630 0.325128
vt 0.768896 0.307838
vt 0.618484 0.308037
vt 0.764997 0.290757
vt 0.622337 0.290946
vt 0.761099 0.273677
vt 0.626190 0.273855
vt 0.757201 0.256543
vt 0.630043 0.256712
vt 0.753302 0.239462
vt 0.633896 0.239621
vt 0.718216 0.085684
vt 0.668575 0.085749
vt 0.714317 0.068604
vt 0.672428 0.068659
vt 0.710419 0.051515
vt 0.676281 0.051561
vt 0.706521 0.034428
vt 0.680135 0.034462
vt 0.702621 0.017344
vt 0.914095 0.544703
vt 0.892006 0.544703
vt 0.683988 0.017368
vt 0.749404 0.222382
vt 0.637749 0.222530
vt 0.745505 0.205248
vt 0.641603 0.205385
vt 0.741606 0.188167
vt 0.645456 0.188295
vt 0.737708 0.171087
vt 0.649309 0.171204
vt 0.733810 0.154006
vt 0.653162 0.154113
vt 0.729911 0.136926
vt 0.657016 0.137022
vt 0.726012 0.119845
vt 0.660869 0.119931
vt 0.722115 0.102765
vt 0.664722 0.102841
vt 0.667956 0.419995
vt 0.906732 0.465676
vt 0.673734 0.420031
vt 0.899369 0.465676
vt 0.654935 0.578867
vt 0.684748 0.579056
vt 0.652330 0.610688
vt 0.686950 0.610907
vt 0.657539 0.547095
vt 0.682545 0.547253
vt 0.658841 0.531210
vt 0.681444 0.531353
vt 0.665352 0.451774
vt 0.675938 0.451840
vt 0.660143 0.515323
vt 0.680342 0.515451
vt 0.664050 0.467667
vt 0.677039 0.467750
vt 0.656236 0.562981
vt 0.683647 0.563155
vt 0.666654 0.435880
vt 0.674836 0.435932
vt 0.662747 0.483552
vt 0.678140 0.483649
vt 0.653632 0.594753
vt 0.685850 0.594957
vt 0.640609 0.753710
vt 0.696862 0.754065
vt 0.641912 0.737824
vt 0.695761 0.738164
vt 0.643214 0.721938
vt 0.694660 0.722264
vt 0.644516 0.706053
vt 0.693559 0.706362
vt 0.645818 0.690167
vt 0.692457 0.690461
vt 0.647120 0.674281
vt 0.691356 0.674560
vt 0.648423 0.658395
vt 0.690254 0.658659
vt 0.649725 0.642459
vt 0.689153 0.642709
vt 0.661446 0.499438
vt 0.679241 0.499551
vt 0.651028 0.626574
vt 0.688052 0.626808
vt 0.906337 0.469233
vt 0.899765 0.469233
vt 0.087549 0.629802
vt 0.639635 0.766798
vt 0.101002 0.629726
vt 0.697671 0.767165
vt 0.640938 0.750913
vt 0.696570 0.751264
vt 0.642240 0.735026
vt 0.695468 0.735363
vt 0.643543 0.719140
vt 0.000000 0.000000
vt 0.694367 0.719462
vt 0.000000 0.000000
vt 0.644844 0.703255
vt 0.693266 0.703561
vt 0.652657 0.607842
vt 0.686657 0.608056
vt 0.646144 0.687369
vt 0.692161 0.687660
vt 0.647448 0.671483
vt 0.691062 0.671759
vt 0.648751 0.655548
vt 0.689962 0.655809
vt 0.650054 0.639662
vt 0.688860 0.639907
vt 0.656566 0.560184
vt 0.683354 0.560353
vt 0.661774 0.496641
vt 0.678948 0.496749
vt 0.663076 0.480754
vt 0.677846 0.480848
vt 0.664378 0.464862
vt 0.676745 0.464941
vt 0.665681 0.448969
vt 0.675644 0.449032
vt 0.666982 0.433082
vt 0.674543 0.433129
vt 0.657867 0.544298
vt 0.682253 0.544452
vt 0.651354 0.623777
vt 0.687757 0.624007
vt 0.653959 0.591956
vt 0.685555 0.592155
vt 0.655263 0.576070
vt 0.684455 0.576254
vt 0.659169 0.528413
vt 0.681151 0.528551
vt 0.660471 0.512526
vt 0.680050 0.512649
vt 0.723679 0.373231
vt 0.663874 0.373311
vt 0.722365 0.356147
vt 0.665143 0.356223
vt 0.721050 0.339063
vt 0.000000 0.000000
vt 0.666413 0.339136
vt 0.000000 0.000000
vt 0.719735 0.321980
vt 0.667682 0.322048
vt 0.718420 0.304895
vt 0.668951 0.304961
vt 0.717106 0.287811
vt 0.670220 0.287873
vt 0.715791 0.270674
vt 0.671490 0.270732
vt 0.714477 0.253590
vt 0.672759 0.253645
vt 0.724017 0.376240
vt 0.663544 0.376321
vt 0.702646 0.099781
vt 0.684183 0.099805
vt 0.701331 0.082697
vt 0.685452 0.082717
vt 0.700015 0.065606
vt 0.686720 0.065623
vt 0.698702 0.048514
vt 0.687990 0.048528
vt 0.697388 0.031430
vt 0.689260 0.031440
vt 0.906337 0.541145
vt 0.899765 0.541145
vt 0.713163 0.236506
vt 0.674028 0.236558
vt 0.711848 0.219369
vt 0.675297 0.219418
vt 0.710533 0.202285
vt 0.676567 0.202330
vt 0.709218 0.185201
vt 0.677836 0.185243
vt 0.707904 0.168117
vt 0.679105 0.168155
vt 0.706589 0.151033
vt 0.680375 0.151067
vt 0.705275 0.133949
vt 0.681644 0.133981
vt 0.703960 0.116865
vt 0.682914 0.116892
vt 0.088240 0.753195
vt 0.724993 0.390315
vt 0.101692 0.753119
vt 0.662604 0.390398
vt 0.722702 0.359156
vt 0.664813 0.359233
vt 0.721388 0.342072
vt 0.666082 0.342145
vt 0.720073 0.324988
vt 0.667351 0.325058
vt 0.718759 0.307904
vt 0.668621 0.307971
vt 0.717444 0.290820
vt 0.669890 0.290883
vt 0.716129 0.273736
vt 0.671160 0.273796
vt 0.714815 0.256599
vt 0.672429 0.256656
vt 0.713500 0.239515
vt 0.673698 0.239568
vt 0.701669 0.085706
vt 0.685122 0.085727
vt 0.700354 0.068622
vt 0.686391 0.068641
vt 0.699040 0.051530
vt 0.687660 0.051546
vt 0.697726 0.034439
vt 0.688930 0.034451
vt 0.696410 0.017352
vt 0.906732 0.544703
vt 0.690199 0.017360
vt 0.899369 0.544703
vt 0.712186 0.222431
vt 0.674967 0.222481
vt 0.710871 0.205294
vt 0.676237 0.205339
vt 0.709556 0.188210
vt 0.677506 0.188252
vt 0.708242 0.171126
vt 0.678775 0.171165
vt 0.706927 0.154042
vt 0.680045 0.154077
vt 0.705613 0.136958
vt 0.681314 0.136990
vt 0.704298 0.119874
vt 0.682583 0.119902
vt 0.702984 0.102790
vt 0.683853 0.102816
s 0
usemtl lambert4SG.002
f 101/147/517 97/138/517 98/140/517 99/143/517 100/145/517 773/1002/517 953/1194/517 954/1196/517 774/1004/517 124/187/517 123/185/517 122/182/517 121/180/517 116/173/517 115/171/517 114/168/517 113/166/517 816/1048/517 996/1240/517 995/1238/517 815/1046/517 104/154/517 103/152/517 102/149/517
usemtl lambert3SG.002
f 1/1/1 4/8/2 6/11/3 5/10/4
f 4/8/5 3/5/6 7/13/7 6/11/8
f 3/6/9 2/4/10 8/14/11 7/12/12
f 12/22/13 11/20/14 14/25/15 13/24/16
f 11/20/17 10/17/18 15/27/19 14/25/20
f 10/18/21 9/15/22 16/28/23 15/26/24
f 19/35/25 18/31/26 22/39/27 21/38/28
f 18/32/29 17/29/30 23/41/31 22/40/32
f 17/29/33 20/36/34 24/42/35 23/41/31
f 27/48/36 26/46/37 30/53/38 29/52/39
f 26/46/40 25/43/41 31/55/42 30/53/38
f 25/44/43 28/50/44 32/56/45 31/54/46
f 36/61/47 35/59/48 46/73/49 45/72/28
f 35/60/29 34/58/30 47/75/50 46/74/32
f 34/58/51 33/57/52 48/76/35 47/75/31
f 68/101/53 67/99/26 78/113/27 77/112/28
f 67/100/29 66/98/30 79/115/50 78/114/32
f 66/98/51 65/97/54 80/116/35 79/115/31
f 100/144/55 99/141/29 110/161/27 109/160/56
f 99/142/29 98/139/30 111/163/50 110/162/27
f 98/139/51 97/137/57 112/164/58 111/163/31
f 132/197/59 131/195/29 142/209/27 141/208/56
f 131/196/29 130/194/30 143/211/50 142/210/32
f 130/194/51 129/193/60 144/212/61 143/211/31
f 164/237/62 163/235/29 174/249/32 173/248/63
f 163/236/64 162/234/30 175/251/31 174/250/27
f 162/234/30 161/233/65 176/252/61 175/251/50
f 196/277/66 195/275/48 206/289/27 205/288/63
f 195/276/67 194/274/30 207/291/31 206/290/32
f 194/274/51 193/273/68 208/292/69 207/291/31
f 228/317/70 227/315/48 238/329/71 237/328/63
f 227/316/29 226/314/30 239/331/50 238/330/32
f 226/314/33 225/313/72 240/332/73 239/331/74
f 260/357/75 259/355/48 270/369/49 269/368/76
f 259/356/29 258/354/30 271/371/50 270/370/32
f 258/354/33 257/353/77 272/372/78 271/371/31
f 292/397/79 291/395/29 302/409/27 301/408/80
f 291/396/29 290/394/30 303/411/31 302/410/32
f 290/394/33 289/393/81 304/412/82 303/411/74
f 324/437/83 323/435/48 334/449/49 333/448/84
f 323/436/29 322/434/30 335/451/50 334/450/32
f 322/434/33 321/433/85 336/452/86 335/451/31
f 356/477/87 355/475/48 366/489/32 365/488/88
f 355/476/29 354/474/30 367/491/50 366/490/32
f 354/474/33 353/473/89 368/492/90 367/491/31
f 388/517/91 387/515/48 398/529/27 397/528/92
f 387/516/29 386/514/30 399/531/50 398/530/32
f 386/514/33 385/513/93 400/532/94 399/531/74
f 420/557/95 419/555/29 430/569/27 429/568/96
f 419/556/29 418/554/30 431/571/50 430/570/27
f 418/554/30 417/553/97 432/572/98 431/571/31
f 452/597/99 451/595/48 462/609/27 461/608/100
f 451/596/64 450/594/30 463/611/50 462/610/32
f 450/594/33 449/593/101 464/612/102 463/611/50
f 484/637/103 483/635/48 494/649/27 493/648/104
f 483/636/29 482/634/30 495/651/50 494/650/27
f 482/634/30 481/633/105 496/652/106 495/651/107
f 516/677/108 515/675/29 526/689/27 525/688/53
f 515/676/29 514/674/51 527/691/74 526/690/109
f 514/674/30 513/673/110 528/692/54 527/691/31
f 548/717/111 547/715/29 558/729/32 557/728/62
f 547/716/29 546/714/30 559/731/50 558/730/32
f 546/714/33 545/713/112 560/732/113 559/731/50
f 580/757/114 579/755/48 590/769/49 589/768/115
f 579/756/29 578/754/30 591/771/50 590/770/32
f 578/754/33 577/753/116 592/772/117 591/771/74
f 612/797/118 611/795/119 622/809/27 621/808/120
f 611/796/26 610/794/30 623/811/31 622/810/27
f 610/794/30 609/793/121 624/812/122 623/811/31
f 644/837/123 643/835/119 654/849/27 653/848/95
f 643/836/26 642/834/30 655/851/124 654/850/27
f 642/834/51 641/833/125 656/852/97 655/851/31
f 676/877/126 675/875/48 686/894/32 685/893/127
f 675/876/29 674/874/33 687/897/74 686/895/109
f 674/874/33 673/873/128 688/899/129 687/897/74
f 24/42/130 20/36/131 1/1/132 5/10/130
f 828/1060/133 858/1092/134 12/22/135 13/24/133
f 16/28/136 9/15/137 27/48/138 29/52/136
f 746/972/139 32/56/140 28/50/141 768/996/142
f 33/57/82 37/62/132 41/67/130 48/76/130
f 812/1042/143 49/77/144 53/82/133 860/1094/133
f 52/81/22 57/87/145 61/92/146 56/86/136
f 748/974/147 64/96/148 60/91/149 770/998/150
f 65/97/52 69/102/151 73/107/130 80/116/130
f 814/1044/152 81/117/153 85/122/154 862/1096/155
f 84/121/156 89/127/157 93/132/146 88/126/158
f 750/976/139 96/136/140 92/131/159 772/1000/160
f 97/137/60 101/146/161 105/155/162 112/164/90
f 816/1047/163 113/165/153 117/174/133 864/1098/133
f 116/172/164 121/179/165 125/188/136 120/178/136
f 752/978/166 128/192/167 124/186/168 774/1003/169
f 129/193/54 133/198/151 137/203/130 144/212/130
f 818/1050/170 145/213/171 149/218/16 866/1100/172
f 148/217/173 153/223/174 157/228/175 152/222/176
f 754/980/147 160/232/167 156/227/177 776/1006/178
f 161/233/65 165/238/179 169/243/162 176/252/35
f 820/1052/180 177/253/181 181/258/182 868/1102/183
f 180/257/184 185/263/185 189/268/175 184/262/186
f 756/982/187 192/272/167 188/267/188 780/1010/189
f 193/273/190 197/278/191 201/283/192 208/292/69
f 822/1054/193 209/293/194 213/298/195 870/1104/133
f 212/297/196 217/303/197 221/308/146 216/302/186
f 758/984/198 224/312/199 220/307/200 782/1012/201
f 225/313/72 229/318/202 233/323/162 240/332/73
f 824/1056/203 241/333/204 245/338/133 872/1106/133
f 244/337/205 249/343/206 253/348/207 248/342/208
f 760/986/209 256/352/210 252/347/211 784/1014/212
f 257/353/213 261/358/214 265/363/215 272/372/82
f 826/1058/216 273/373/217 277/378/218 874/1108/219
f 276/377/220 281/383/221 285/388/222 280/382/208
f 764/990/187 288/392/223 284/387/224 786/1016/225
f 289/393/77 293/398/226 297/403/227 304/412/228
f 842/1074/229 305/413/230 309/418/231 886/1122/232
f 308/417/233 313/423/234 317/428/207 312/422/235
f 726/952/209 320/432/236 316/427/237 802/1032/238
f 321/433/85 325/438/239 329/443/162 336/452/69
f 844/1076/240 337/453/241 341/458/242 888/1124/243
f 340/457/244 345/463/245 349/468/175 344/462/136
f 744/970/140 352/472/140 348/467/246 778/1008/247
f 353/473/248 357/478/249 361/483/250 368/492/82
f 846/1078/251 369/493/252 373/498/242 890/1126/219
f 372/497/253 377/503/254 381/508/165 376/502/255
f 724/950/256 384/512/210 380/507/257 804/1034/258
f 385/513/93 389/518/259 393/523/250 400/532/86
f 848/1080/260 401/533/261 405/538/262 892/1128/243
f 404/537/263 409/543/264 413/548/265 408/542/266
f 738/964/267 416/552/268 412/547/269 806/1036/270
f 417/553/271 421/558/272 425/563/273 432/572/90
f 850/1082/274 433/573/275 437/578/242 894/1130/243
f 436/577/276 441/583/277 445/588/278 440/582/279
f 728/954/267 448/592/268 444/587/280 788/1018/281
f 449/593/282 453/598/283 457/603/284 464/612/98
f 852/1084/285 465/613/286 469/618/153 896/1132/287
f 468/617/288 473/623/289 477/628/290 472/622/156
f 730/956/291 480/632/292 476/627/293 800/1030/294
f 481/633/105 485/638/295 489/643/296 496/652/106
f 854/1086/297 497/653/298 501/658/299 898/1134/300
f 500/657/301 505/663/302 509/668/145 504/662/303
f 734/960/304 512/672/305 508/667/306 808/1038/307
f 513/673/129 517/678/308 521/683/132 528/692/52
f 856/1088/309 529/693/310 533/698/135 900/1136/311
f 532/697/312 537/703/313 541/708/314 536/702/315
f 762/988/316 544/712/149 540/707/317 810/1040/318
f 545/713/319 549/718/320 553/723/321 560/732/113
f 830/1062/322 561/733/323 565/738/324 876/1110/325
f 564/737/326 569/743/327 573/748/328 568/742/329
f 742/968/330 576/752/188 572/747/331 790/1020/332
f 577/753/116 581/758/333 585/763/202 592/772/72
f 832/1064/334 593/773/335 597/778/204 878/1112/336
f 596/777/337 601/783/338 605/788/206 600/782/205
f 736/962/339 608/792/200 604/787/340 792/1022/341
f 609/793/121 613/798/342 617/803/343 624/812/344
f 834/1066/345 625/813/346 629/818/347 880/1114/348
f 628/817/349 633/823/350 637/828/351 632/822/352
f 732/958/353 640/832/354 636/827/355 794/1024/356
f 641/833/357 645/838/358 649/843/359 656/852/271
f 836/1068/360 657/853/361 661/858/362 882/1116/363
f 660/857/364 665/863/365 669/868/366 664/862/367
f 740/966/368 672/872/369 668/867/370 796/1026/371
f 673/873/128 677/878/372 681/883/308 688/899/129
f 838/1070/373 689/901/374 693/906/375 884/1120/376
f 692/905/377 697/915/378 701/920/379 696/913/380
f 722/947/381 704/927/382 700/919/383 798/1028/384
f 24/42/385 5/10/386 37/62/387 33/57/387
f 828/1060/388 13/24/388 49/77/388 812/1042/388
f 16/28/389 29/52/390 57/87/391 52/81/391
f 745/971/392 21/38/392 36/61/392 769/997/392
f 48/76/393 41/67/393 69/102/393 65/97/393
f 860/1094/388 53/82/388 81/117/388 814/1044/388
f 56/86/391 61/92/391 89/127/391 84/121/391
f 747/973/394 45/72/394 68/101/394 771/999/394
f 80/116/393 73/107/393 101/146/393 97/137/393
f 862/1096/395 85/122/396 113/165/395 816/1047/395
f 88/126/397 93/132/398 121/179/399 116/172/399
f 749/975/394 77/112/400 100/144/394 773/1001/394
f 112/164/401 105/155/386 133/198/393 129/193/393
f 864/1098/388 117/174/388 145/213/388 818/1050/388
f 120/178/391 125/188/391 153/223/391 148/217/391
f 751/977/394 109/160/394 132/197/394 775/1005/394
f 144/212/393 137/203/393 165/238/393 161/233/393
f 866/1100/395 149/218/395 177/253/395 820/1052/395
f 152/222/397 157/228/402 185/263/391 180/257/391
f 753/979/392 141/208/392 164/237/392 779/1009/392
f 176/252/385 169/243/386 197/278/387 193/273/387
f 868/1102/403 181/258/404 209/293/388 822/1054/388
f 184/262/397 189/268/402 217/303/391 212/297/391
f 755/981/394 173/248/394 196/277/394 781/1011/394
f 208/292/405 201/283/406 229/318/407 225/313/408
f 870/1104/409 213/298/410 241/333/411 824/1056/412
f 216/302/413 221/308/414 249/343/415 244/337/415
f 757/983/416 205/288/417 228/317/418 783/1013/418
f 240/332/385 233/323/386 261/358/393 257/353/393
f 872/1106/395 245/338/419 273/373/395 826/1058/395
f 248/342/420 253/348/399 281/383/399 276/377/399
f 759/985/421 237/328/400 260/357/394 785/1015/394
f 272/372/401 265/363/422 293/398/393 289/393/393
f 874/1108/395 277/378/423 305/413/395 842/1074/395
f 280/382/397 285/388/398 313/423/399 308/417/399
f 763/989/392 269/368/392 292/397/392 801/1031/392
f 304/412/424 297/403/425 325/438/426 321/433/407
f 886/1122/427 309/418/428 337/453/429 844/1076/429
f 312/422/430 317/428/431 345/463/415 340/457/415
f 725/951/432 301/408/433 324/437/418 777/1007/418
f 336/452/385 329/443/386 357/478/387 353/473/387
f 888/1124/434 341/458/388 369/493/388 846/1078/388
f 344/462/391 349/468/391 377/503/391 372/497/391
f 743/969/392 333/448/392 356/477/392 803/1033/392
f 368/492/385 361/483/393 389/518/393 385/513/393
f 890/1126/435 373/498/396 401/533/395 848/1080/395
f 376/502/389 381/508/390 409/543/399 404/537/399
f 723/949/421 365/488/394 388/517/394 805/1035/394
f 400/532/401 393/523/393 421/558/393 417/553/393
f 892/1128/395 405/538/395 433/573/395 850/1082/395
f 408/542/436 413/548/437 441/583/399 436/577/399
f 737/963/394 397/528/394 420/557/394 787/1017/394
f 432/572/438 425/563/439 453/598/387 449/593/387
f 894/1130/440 437/578/441 465/613/388 852/1084/388
f 440/582/442 445/588/443 473/623/391 468/617/391
f 727/953/444 429/568/445 452/597/392 799/1029/392
f 464/612/393 457/603/393 485/638/393 481/633/393
f 896/1132/435 469/618/446 497/653/395 854/1086/395
f 472/622/447 477/628/448 505/663/399 500/657/399
f 729/955/394 461/608/394 484/637/394 807/1037/394
f 496/652/449 489/643/450 517/678/387 513/673/387
f 898/1134/440 501/658/441 529/693/388 856/1088/388
f 504/662/391 509/668/391 537/703/391 532/697/391
f 733/959/451 493/648/452 516/677/392 809/1039/392
f 528/692/453 521/683/454 549/718/386 545/713/393
f 900/1136/395 533/698/395 561/733/395 830/1062/395
f 536/702/442 541/708/455 569/743/390 564/737/391
f 761/987/456 525/688/445 548/717/394 789/1019/394
f 560/732/457 553/723/458 581/758/393 577/753/393
f 876/1110/459 565/738/460 593/773/388 832/1064/388
f 568/742/391 573/748/461 601/783/391 596/777/391
f 741/967/451 557/728/394 580/757/394 791/1021/394
f 592/772/462 585/763/463 613/798/464 609/793/464
f 878/1112/465 597/778/466 625/813/467 834/1066/467
f 600/782/468 605/788/469 633/823/470 628/817/471
f 735/961/472 589/768/473 612/797/474 793/1023/475
f 624/812/476 617/803/477 645/838/464 641/833/464
f 880/1114/478 629/818/479 657/853/480 836/1068/481
f 632/822/482 637/828/483 665/863/484 660/857/484
f 731/957/485 621/808/486 644/837/487 795/1025/487
f 656/852/488 649/843/489 677/878/490 673/873/490
f 882/1116/491 661/858/492 689/901/493 838/1070/493
f 664/862/494 669/868/495 697/915/496 692/905/497
f 739/965/498 653/848/499 676/877/500 797/1027/500
f 688/900/501 681/884/502 709/933/503 708/932/504
f 884/1119/505 693/907/506 713/937/507 840/1072/508
f 696/914/509 701/921/510 717/941/511 716/940/512
f 721/945/513 685/892/514 705/929/515 765/991/516
f 25/45/517 26/47/517 27/49/517 9/16/517 10/19/517 11/21/517 12/23/517 858/1091/517 1038/1283/517 1037/1281/517 857/1089/517 2/3/517 3/7/517 4/9/517 1/2/517 20/37/517 17/30/517 18/33/517 19/34/517 767/993/517 947/1185/517 948/1187/517 768/995/517 28/51/517
f 7/12/518 8/14/519 40/66/388 39/64/520
f 5/10/386 6/11/521 38/63/522 37/62/387
f 6/11/521 7/13/518 39/65/523 38/63/524
f 15/26/525 16/28/389 52/81/391 51/79/526
f 13/24/396 14/25/527 50/78/528 49/77/388
f 14/25/527 15/27/525 51/80/529 50/78/530
f 31/54/531 32/56/532 60/91/392 59/89/533
f 29/52/390 30/53/534 58/88/535 57/87/391
f 30/53/534 31/55/531 59/90/536 58/88/537
f 21/38/400 22/39/538 35/59/539 36/61/392
f 22/40/538 23/41/540 34/58/541 35/60/542
f 23/41/540 24/42/385 33/57/387 34/58/543
f 39/64/6 40/66/544 44/71/11 43/69/12
f 37/62/545 38/63/2 42/68/546 41/67/4
f 38/63/547 39/65/6 43/70/7 42/68/548
f 43/69/518 44/71/519 72/106/388 71/104/520
f 41/67/549 42/68/521 70/103/522 69/102/550
f 42/68/521 43/70/518 71/105/523 70/103/524
f 51/79/21 52/81/551 56/86/23 55/84/24
f 49/77/144 50/78/17 54/83/20 53/82/16
f 50/78/17 51/80/18 55/85/552 54/83/20
f 55/84/525 56/86/389 84/121/391 83/119/526
f 53/82/396 54/83/527 82/118/528 81/117/388
f 54/83/527 55/85/525 83/120/529 82/118/530
f 59/89/553 60/91/149 64/96/45 63/94/46
f 57/87/157 58/88/37 62/93/554 61/92/39
f 58/88/555 59/90/41 63/95/42 62/93/38
f 63/94/531 64/96/556 92/131/557 91/129/533
f 61/92/390 62/93/534 90/128/535 89/127/391
f 62/93/534 63/95/531 91/130/536 90/128/537
f 45/72/400 46/73/558 67/99/539 68/101/392
f 46/74/538 47/75/559 66/98/541 67/100/542
f 47/75/559 48/76/385 65/97/387 66/98/560
f 71/104/561 72/106/562 76/111/11 75/109/12
f 69/102/151 70/103/563 74/108/546 73/107/4
f 70/103/547 71/105/6 75/110/564 74/108/8
f 75/109/565 76/111/434 104/153/388 103/150/520
f 73/107/549 74/108/566 102/148/524 101/146/387
f 74/108/521 75/110/518 103/151/520 102/148/524
f 83/119/21 84/121/567 88/126/23 87/124/24
f 81/117/153 82/118/568 86/123/15 85/122/16
f 82/118/17 83/120/18 87/125/569 86/123/20
f 87/124/570 88/126/571 116/172/391 115/169/529
f 85/122/572 86/123/573 114/167/530 113/165/388
f 86/123/527 87/125/525 115/170/529 114/167/530
f 91/129/41 92/131/159 96/136/45 95/134/46
f 89/127/314 90/128/40 94/133/38 93/132/39
f 90/128/40 91/130/41 95/135/574 94/133/38
f 95/134/575 96/136/556 124/186/392 123/183/536
f 93/132/576 94/133/577 122/181/535 121/179/391
f 94/133/534 95/135/531 123/184/533 122/181/537
f 77/112/578 78/113/558 99/141/542 100/144/392
f 78/114/538 79/115/540 98/139/541 99/142/542
f 79/115/559 80/116/579 97/137/387 98/139/541
f 103/150/561 104/153/580 108/159/581 107/157/12
f 101/146/161 102/148/2 106/156/8 105/155/162
f 102/148/5 103/151/6 107/158/7 106/156/8
f 107/157/518 108/159/434 136/202/582 135/200/523
f 105/155/549 106/156/521 134/199/524 133/198/387
f 106/156/521 107/158/518 135/201/520 134/199/524
f 115/169/18 116/172/583 120/178/186 119/176/19
f 113/165/584 114/167/14 118/175/15 117/174/585
f 114/167/17 115/170/18 119/177/24 118/175/15
f 119/176/525 120/178/571 148/217/391 147/215/526
f 117/174/572 118/175/527 146/214/528 145/213/388
f 118/175/527 119/177/525 147/216/586 146/214/587
f 123/183/41 124/186/588 128/192/167 127/190/46
f 121/179/589 122/181/40 126/189/554 125/188/175
f 122/181/40 123/184/41 127/191/46 126/189/554
f 127/190/575 128/192/556 156/227/392 155/225/536
f 125/188/576 126/189/577 154/224/537 153/223/590
f 126/189/534 127/191/575 155/226/533 154/224/535
f 109/160/578 110/161/538 131/195/542 132/197/392
f 110/162/538 111/163/540 130/194/541 131/196/542
f 111/163/540 112/164/579 129/193/387 130/194/541
f 135/200/561 136/202/591 140/207/592 139/205/12
f 133/198/593 134/199/5 138/204/8 137/203/594
f 134/199/5 135/201/6 139/206/7 138/204/8
f 139/205/565 140/207/434 168/242/388 167/240/523
f 137/203/549 138/204/566 166/239/524 165/238/387
f 138/204/521 139/206/565 167/241/523 166/239/524
f 147/215/18 148/217/173 152/222/186 151/220/24
f 145/213/181 146/214/14 150/219/15 149/218/585
f 146/214/17 147/216/18 151/221/569 150/219/20
f 151/220/525 152/222/397 180/257/391 179/255/529
f 149/218/572 150/219/527 178/254/530 177/253/388
f 150/219/527 151/221/525 179/256/529 178/254/530
f 155/225/553 156/227/177 160/232/595 159/230/46
f 153/223/174 154/224/40 158/229/38 157/228/596
f 154/224/40 155/226/41 159/231/42 158/229/38
f 159/230/531 160/232/597 188/267/392 187/265/533
f 157/228/398 158/229/534 186/264/535 185/263/391
f 158/229/534 159/231/531 187/266/536 186/264/537
f 141/208/598 142/209/538 163/235/539 164/237/392
f 142/210/538 143/211/540 162/234/560 163/236/542
f 143/211/540 144/212/579 161/233/387 162/234/560
f 167/240/9 168/242/599 172/247/592 171/245/12
f 165/238/179 166/239/5 170/244/546 169/243/192
f 166/239/5 167/241/6 171/246/12 170/244/8
f 171/245/518 172/247/600 200/282/582 199/280/601
f 169/243/602 170/244/521 198/279/522 197/278/387
f 170/244/521 171/246/518 199/281/523 198/279/603
f 179/255/18 180/257/329 184/262/235 183/260/24
f 177/253/604 178/254/17 182/259/15 181/258/605
f 178/254/17 179/256/18 183/261/19 182/259/20
f 183/260/525 184/262/397 212/297/606 211/295/526
f 181/258/607 182/259/527 210/294/528 209/293/608
f 182/259/527 183/261/525 211/296/529 210/294/609
f 187/265/41 188/267/610 192/272/305 191/270/46
f 185/263/328 186/264/40 190/269/554 189/268/611
f 186/264/40 187/266/41 191/271/46 190/269/554
f 191/270/531 192/272/597 220/307/392 219/305/536
f 189/268/398 190/269/534 218/304/537 217/303/590
f 190/269/534 191/271/531 219/306/536 218/304/537
f 173/248/578 174/249/558 195/275/542 196/277/392
f 174/250/538 175/251/540 194/274/560 195/276/539
f 175/251/559 176/252/401 193/273/612 194/274/541
f 199/280/561 200/282/613 204/287/614 203/285/615
f 197/278/616 198/279/2 202/284/8 201/283/192
f 198/279/5 199/281/6 203/286/7 202/284/8
f 203/285/617 204/287/618 232/322/619 231/320/620
f 201/283/621 202/284/622 230/319/623 229/318/624
f 202/284/625 203/286/626 231/321/627 230/319/628
f 211/295/21 212/297/629 216/302/208 215/300/24
f 209/293/630 210/294/568 214/299/631 213/298/605
f 210/294/17 211/296/18 215/301/19 214/299/20
f 215/300/632 216/302/633 244/337/634 243/335/635
f 213/298/636 214/299/637 242/334/638 241/333/411
f 214/299/639 215/301/640 243/336/635 242/334/638
f 219/305/41 220/307/641 224/312/305 223/310/46
f 217/303/642 218/304/643 222/309/554 221/308/611
f 218/304/40 219/306/41 223/311/42 222/309/38
f 223/310/644 224/312/645 252/347/646 251/345/647
f 221/308/414 222/309/648 250/344/649 249/343/650
f 222/309/648 223/311/644 251/346/647 250/344/649
f 205/288/651 206/289/652 227/315/653 228/317/654
f 206/290/652 207/291/655 226/314/656 227/316/653
f 207/291/655 208/292/405 225/313/408 226/314/656
f 231/320/9 232/322/657 236/327/614 235/325/12
f 229/318/202 230/319/2 234/324/546 233/323/215
f 230/319/5 231/321/6 235/326/7 234/324/8
f 235/325/565 236/327/658 264/362/659 263/360/523
f 233/323/602 234/324/566 262/359/524 261/358/550
f 234/324/566 235/326/565 263/361/523 262/359/524
f 243/335/660 244/337/205 248/342/176 247/340/24
f 241/333/204 242/334/14 246/339/15 245/338/661
f 242/334/17 243/336/18 247/341/19 246/339/662
f 247/340/570 248/342/397 276/377/606 275/375/529
f 245/338/607 246/339/573 274/374/530 273/373/608
f 246/339/573 247/341/570 275/376/529 274/374/530
f 251/345/41 252/347/211 256/352/223 255/350/46
f 249/343/206 250/344/643 254/349/554 253/348/207
f 250/344/40 251/346/41 255/351/42 254/349/38
f 255/350/531 256/352/597 284/387/557 283/385/536
f 253/348/663 254/349/534 282/384/537 281/383/590
f 254/349/534 255/351/531 283/386/536 282/384/537
f 237/328/598 238/329/538 259/355/542 260/357/664
f 238/330/538 239/331/540 258/354/541 259/356/542
f 239/331/540 240/332/401 257/353/387 258/354/541
f 263/360/6 264/362/665 268/367/666 267/365/12
f 261/358/667 262/359/563 266/364/546 265/363/668
f 262/359/5 263/361/6 267/366/7 266/364/8
f 267/365/565 268/367/658 296/402/582 295/400/523
f 265/363/422 266/364/566 294/399/524 293/398/550
f 266/364/566 267/366/565 295/401/523 294/399/524
f 275/375/660 276/377/220 280/382/176 279/380/24
f 273/373/669 274/374/17 278/379/20 277/378/661
f 274/374/14 275/376/670 279/381/552 278/379/631
f 279/380/570 280/382/671 308/417/606 307/415/529
f 277/378/423 278/379/573 306/414/530 305/413/608
f 278/379/573 279/381/570 307/416/529 306/414/530
f 283/385/553 284/387/672 288/392/673 287/390/46
f 281/383/221 282/384/37 286/389/554 285/388/207
f 282/384/40 283/386/41 287/391/46 286/389/554
f 287/390/531 288/392/674 316/427/557 315/425/533
f 285/388/663 286/389/534 314/424/535 313/423/590
f 286/389/534 287/391/531 315/426/536 314/424/537
f 269/368/675 270/369/538 291/395/539 292/397/664
f 270/370/538 271/371/540 290/394/541 291/396/542
f 271/371/540 272/372/676 289/393/612 290/394/560
f 295/400/6 296/402/677 300/407/678 299/405/12
f 293/398/679 294/399/2 298/404/546 297/403/680
f 294/399/5 295/401/6 299/406/7 298/404/8
f 299/405/617 300/407/681 328/442/682 327/440/627
f 297/403/683 298/404/684 326/439/628 325/438/685
f 298/404/625 299/406/617 327/441/627 326/439/628
f 307/415/21 308/417/686 312/422/687 311/420/688
f 305/413/689 306/414/14 310/419/15 309/418/231
f 306/414/17 307/416/18 311/421/19 310/419/20
f 311/420/690 312/422/691 340/457/692 339/455/693
f 309/418/694 310/419/695 338/454/696 337/453/697
f 310/419/639 311/421/690 339/456/693 338/454/696
f 315/425/553 316/427/237 320/432/236 319/430/42
f 313/423/698 314/424/37 318/429/554 317/428/222
f 314/424/40 315/426/41 319/431/42 318/429/38
f 319/430/644 320/432/699 348/467/646 347/465/700
f 317/428/701 318/429/648 346/464/649 345/463/702
f 318/429/648 319/431/703 347/466/647 346/464/649
f 301/408/704 302/409/652 323/435/653 324/437/705
f 302/410/706 303/411/655 322/434/656 323/436/653
f 303/411/655 304/412/707 321/433/708 322/434/656
f 327/440/6 328/442/709 332/447/678 331/445/12
f 325/438/239 326/439/563 330/444/546 329/443/250
f 326/439/5 327/441/6 331/446/7 330/444/8
f 331/445/518 332/447/710 360/482/582 359/480/520
f 329/443/711 330/444/521 358/479/603 357/478/550
f 330/444/521 331/446/518 359/481/523 358/479/524
f 339/455/21 340/457/244 344/462/255 343/460/19
f 337/453/712 338/454/568 342/459/15 341/458/242
f 338/454/17 339/456/18 343/461/19 342/459/15
f 343/460/525 344/462/713 372/497/606 371/495/526
f 341/458/714 342/459/527 370/494/528 369/493/608
f 342/459/527 343/461/525 371/496/529 370/494/530
f 347/465/41 348/467/246 352/472/236 351/470/46
f 345/463/245 346/464/37 350/469/554 349/468/165
f 346/464/40 347/466/41 351/471/42 350/469/38
f 351/470/531 352/472/715 380/507/557 379/505/533
f 349/468/402 350/469/534 378/504/537 377/503/590
f 350/469/534 351/471/531 379/506/536 378/504/535
f 333/448/716 334/449/538 355/475/539 356/477/664
f 334/450/538 335/451/540 354/474/541 355/476/542
f 335/451/540 336/452/717 353/473/612 354/474/560
f 359/480/6 360/482/718 364/487/719 363/485/7
f 357/478/720 358/479/2 362/484/721 361/483/273
f 358/479/5 359/481/6 363/486/722 362/484/8
f 363/485/565 364/487/710 392/522/582 391/520/523
f 361/483/711 362/484/566 390/519/524 389/518/550
f 362/484/521 363/486/518 391/521/523 390/519/522
f 371/495/21 372/497/723 376/502/266 375/500/19
f 369/493/724 370/494/568 374/499/15 373/498/262
f 370/494/17 371/496/18 375/501/19 374/499/662
f 375/500/570 376/502/713 404/537/606 403/535/529
f 373/498/725 374/499/573 402/534/530 401/533/608
f 374/499/527 375/501/525 403/536/529 402/534/530
f 379/505/41 380/507/726 384/512/268 383/510/42
f 377/503/254 378/504/40 382/509/38 381/508/265
f 378/504/40 379/506/41 383/511/42 382/509/38
f 383/510/531 384/512/715 412/547/557 411/545/533
f 381/508/727 382/509/534 410/544/535 409/543/590
f 382/509/534 383/511/531 411/546/536 410/544/537
f 365/488/716 366/489/538 387/515/539 388/517/664
f 366/490/538 367/491/540 386/514/560 387/516/542
f 367/491/540 368/492/728 385/513/612 386/514/560
f 391/520/9 392/522/729 396/527/730 395/525/12
f 389/518/731 390/519/563 394/524/546 393/523/732
f 390/519/5 391/521/6 395/526/12 394/524/546
f 395/525/518 396/527/733 424/562/582 423/560/523
f 393/523/734 394/524/521 422/559/522 421/558/550
f 394/524/521 395/526/518 423/561/523 422/559/524
f 403/535/18 404/537/263 408/542/735 407/540/24
f 401/533/261 402/534/568 406/539/15 405/538/736
f 402/534/17 403/536/18 407/541/19 406/539/15
f 407/540/525 408/542/737 436/577/606 435/575/529
f 405/538/725 406/539/573 434/574/528 433/573/608
f 406/539/573 407/541/525 435/576/526 434/574/530
f 411/545/553 412/547/738 416/552/739 415/550/46
f 409/543/264 410/544/37 414/549/554 413/548/740
f 410/544/40 411/546/41 415/551/42 414/549/38
f 415/550/575 416/552/741 444/587/557 443/585/536
f 413/548/727 414/549/577 442/584/537 441/583/590
f 414/549/577 415/551/531 443/586/533 442/584/535
f 397/528/742 398/529/558 419/555/542 420/557/664
f 398/530/538 399/531/559 418/554/541 419/556/542
f 399/531/559 400/532/728 417/553/612 418/554/560
f 423/560/561 424/562/743 428/567/744 427/565/12
f 421/558/359 422/559/5 426/564/546 425/563/745
f 422/559/5 423/561/6 427/566/7 426/564/8
f 427/565/518 428/567/746 456/602/747 455/600/523
f 425/563/450 426/564/521 454/599/524 453/598/748
f 426/564/521 427/566/518 455/601/523 454/599/524
f 435/575/18 436/577/749 440/582/279 439/580/24
f 433/573/750 434/574/14 438/579/15 437/578/751
f 434/574/17 435/576/18 439/581/19 438/579/20
f 439/580/525 440/582/442 468/617/752 467/615/526
f 437/578/441 438/579/527 466/614/528 465/613/753
f 438/579/527 439/581/525 467/616/529 466/614/530
f 443/585/41 444/587/369 448/592/754 447/590/46
f 441/583/277 442/584/40 446/589/554 445/588/755
f 442/584/40 443/586/41 447/591/46 446/589/554
f 447/590/531 448/592/756 476/627/757 475/625/533
f 445/588/443 446/589/534 474/624/535 473/623/758
f 446/589/534 447/591/531 475/626/536 474/624/537
f 429/568/759 430/569/538 451/595/539 452/597/760
f 430/570/538 431/571/540 450/594/541 451/596/542
f 431/571/540 432/572/438 449/593/761 450/594/541
f 455/600/6 456/602/762 460/607/763 459/605/7
f 453/598/283 454/599/2 458/604/8 457/603/764
f 454/599/5 455/601/6 459/606/7 458/604/8
f 459/605/565 460/607/765 488/642/582 487/640/520
f 457/603/766 458/604/566 486/639/524 485/638/550
f 458/604/566 459/606/565 487/641/523 486/639/524
f 467/615/21 468/617/288 472/622/767 471/620/24
f 465/613/286 466/614/17 470/619/15 469/618/768
f 466/614/17 467/616/18 471/621/19 470/619/20
f 471/620/570 472/622/769 500/657/606 499/655/529
f 469/618/446 470/619/573 498/654/530 497/653/608
f 470/619/573 471/621/570 499/656/529 498/654/530
f 475/625/553 476/627/293 480/632/770 479/630/46
f 473/623/289 474/624/37 478/629/38 477/628/771
f 474/624/40 475/626/41 479/631/42 478/629/38
f 479/630/575 480/632/756 508/667/557 507/665/536
f 477/628/772 478/629/577 506/664/537 505/663/590
f 478/629/534 479/631/531 507/666/533 506/664/537
f 461/608/759 462/609/538 483/635/539 484/637/664
f 462/610/538 463/611/540 482/634/560 483/636/539
f 463/611/540 464/612/773 481/633/612 482/634/560
f 487/640/6 488/642/774 492/647/775 491/645/12
f 485/638/295 486/639/563 490/644/546 489/643/1
f 486/639/5 487/641/9 491/646/12 490/644/546
f 491/645/518 492/647/776 520/682/747 519/680/601
f 489/643/777 490/644/521 518/679/522 517/678/748
f 490/644/521 491/646/518 519/681/601 518/679/524
f 499/655/18 500/657/301 504/662/303 503/660/24
f 497/653/778 498/654/14 502/659/15 501/658/779
f 498/654/17 499/656/660 503/661/24 502/659/15
f 503/660/525 504/662/780 532/697/752 531/695/526
f 501/658/404 502/659/527 530/694/528 529/693/753
f 502/659/527 503/661/525 531/696/586 530/694/609
f 507/665/41 508/667/781 512/672/782 511/670/46
f 505/663/783 506/664/37 510/669/554 509/668/145
f 506/664/555 507/666/41 511/671/46 510/669/554
f 511/670/531 512/672/784 540/707/757 539/705/533
f 509/668/461 510/669/534 538/704/535 537/703/758
f 510/669/534 511/671/531 539/706/785 538/704/786
f 493/648/445 494/649/538 515/675/539 516/677/760
f 494/650/538 495/651/540 514/674/560 515/676/542
f 495/651/540 496/652/787 513/673/761 514/674/541
f 519/680/561 520/682/788 524/687/562 523/685/789
f 517/678/790 518/679/2 522/684/8 521/683/151
f 518/679/5 519/681/6 523/686/564 522/684/8
f 523/685/518 524/687/791 552/722/747 551/720/520
f 521/683/454 522/684/521 550/719/522 549/718/748
f 522/684/521 523/686/518 551/721/523 550/719/524
f 531/695/21 532/697/312 536/702/567 535/700/569
f 529/693/792 530/694/568 534/699/631 533/698/153
f 530/694/17 531/696/18 535/701/552 534/699/20
f 535/700/525 536/702/780 564/737/752 563/735/526
f 533/698/793 534/699/527 562/734/528 561/733/753
f 534/699/527 535/701/525 563/736/529 562/734/530
f 539/705/41 540/707/794 544/712/159 543/710/42
f 537/703/795 538/704/37 542/709/38 541/708/314
f 538/704/643 539/706/41 543/711/796 542/709/797
f 543/710/531 544/712/798 572/747/757 571/745/533
f 541/708/799 542/709/534 570/744/535 569/743/758
f 542/709/534 543/711/531 571/746/536 570/744/537
f 525/688/800 526/689/538 547/715/542 548/717/760
f 526/690/558 527/691/540 546/714/560 547/716/542
f 527/691/540 528/692/801 545/713/761 546/714/541
f 551/720/802 552/722/803 556/727/599 555/725/12
f 549/718/320 550/719/563 554/724/546 553/723/321
f 550/719/5 551/721/6 555/726/12 554/724/8
f 555/725/518 556/727/804 584/762/805 583/760/520
f 553/723/806 554/724/521 582/759/522 581/758/748
f 554/724/521 555/726/518 583/761/523 582/759/522
f 563/735/660 564/737/326 568/742/184 567/740/24
f 561/733/323 562/734/17 566/739/15 565/738/604
f 562/734/14 563/736/18 567/741/807 566/739/15
f 567/740/525 568/742/808 596/777/809 595/775/526
f 565/738/810 566/739/527 594/774/528 593/773/753
f 566/739/527 567/741/525 595/776/811 594/774/609
f 571/745/41 572/747/331 576/752/610 575/750/46
f 569/743/327 570/744/812 574/749/554 573/748/328
f 570/744/555 571/746/41 575/751/813 574/749/554
f 575/750/575 576/752/814 604/787/757 603/785/536
f 573/748/815 574/749/577 602/784/537 601/783/816
f 574/749/577 575/751/575 603/786/536 602/784/535
f 557/728/817 558/729/538 579/755/542 580/757/760
f 558/730/538 559/731/540 578/754/560 579/756/539
f 559/731/540 560/732/818 577/753/761 578/754/560
f 583/760/6 584/762/819 588/767/820 587/765/7
f 581/758/333 582/759/2 586/764/721 585/763/821
f 582/759/5 583/761/6 587/766/7 586/764/8
f 587/765/822 588/767/823 616/802/824 615/800/825
f 585/763/826 586/764/827 614/799/828 613/798/829
f 586/764/827 587/766/822 615/801/825 614/799/830
f 595/775/21 596/777/337 600/782/831 599/780/19
f 593/773/335 594/774/568 598/779/662 597/778/217
f 594/774/568 595/776/18 599/781/552 598/779/631
f 599/780/832 600/782/468 628/817/471 627/815/833
f 597/778/834 598/779/835 626/814/836 625/813/837
f 598/779/835 599/781/838 627/816/839 626/814/840
f 603/785/553 604/787/340 608/792/841 607/790/42
f 601/783/338 602/784/37 606/789/38 605/788/842
f 602/784/40 603/786/41 607/791/574 606/789/797
f 607/790/843 608/792/844 636/827/475 635/825/845
f 605/788/846 606/789/847 634/824/848 633/823/849
f 606/789/850 607/791/843 635/826/845 634/824/851
f 589/768/852 590/769/853 611/795/854 612/797/855
f 590/770/853 591/771/856 610/794/857 611/796/854
f 591/771/856 592/772/462 609/793/858 610/794/857
f 615/800/9 616/802/859 620/807/860 619/805/12
f 613/798/342 614/799/563 618/804/546 617/803/861
f 614/799/5 615/801/9 619/806/564 618/804/546
f 619/805/822 620/807/862 648/842/863 647/840/864
f 617/803/477 618/804/865 646/839/828 645/838/866
f 618/804/827 619/806/822 647/841/825 646/839/830
f 627/815/18 628/817/349 632/822/352 631/820/24
f 625/813/346 626/814/14 630/819/15 629/818/347
f 626/814/17 627/816/660 631/821/24 630/819/15
f 631/820/832 632/822/867 660/857/868 659/855/839
f 629/818/869 630/819/835 658/854/836 657/853/870
f 630/819/835 631/821/838 659/856/833 658/854/840
f 635/825/43 636/827/355 640/832/257 639/830/46
f 633/823/350 634/824/643 638/829/554 637/828/351
f 634/824/643 635/826/43 639/831/46 638/829/554
f 639/830/871 640/832/872 668/867/873 667/865/874
f 637/828/875 638/829/850 666/864/851 665/863/876
f 638/829/850 639/831/871 667/866/874 666/864/877
f 621/808/878 622/809/879 643/835/854 644/837/474
f 622/810/879 623/811/880 642/834/881 643/836/882
f 623/811/883 624/812/884 641/833/885 642/834/857
f 647/840/561 648/842/886 652/847/743 651/845/7
f 645/838/887 646/839/2 650/844/721 649/843/359
f 646/839/563 647/841/6 651/846/564 650/844/548
f 651/845/888 652/847/889 680/882/890 679/880/891
f 649/843/892 650/844/893 678/879/894 677/878/895
f 650/844/893 651/846/896 679/881/891 678/879/894
f 659/855/670 660/857/364 664/862/367 663/860/24
f 657/853/897 658/854/17 662/859/15 661/858/898
f 658/854/14 659/856/660 663/861/899 662/859/662
f 663/860/900 664/862/494 692/905/901 691/903/902
f 661/858/903 662/859/904 690/902/905 689/901/906
f 662/859/904 663/861/900 691/904/902 690/902/905
f 667/865/43 668/867/907 672/872/369 671/870/46
f 665/863/908 666/864/812 670/869/554 669/868/366
f 666/864/555 667/866/41 671/871/46 670/869/554
f 671/870/909 672/872/910 700/919/911 699/917/912
f 669/868/495 670/869/913 698/916/914 697/915/915
f 670/869/913 671/871/909 699/918/916 698/916/917
f 653/848/918 654/849/919 675/875/920 676/877/921
f 654/850/919 655/851/922 674/874/923 675/876/920
f 655/851/922 656/852/924 673/873/925 674/874/923
f 679/880/926 680/882/927 684/891/928 683/887/12
f 677/878/372 678/879/547 682/885/546 681/883/308
f 678/879/547 679/881/926 683/888/12 682/885/546
f 683/889/929 684/890/930 712/936/931 711/935/932
f 681/884/933 682/886/934 710/934/935 709/933/503
f 682/886/934 683/889/929 711/935/932 710/934/935
f 687/898/936 688/900/501 708/932/937 707/931/938
f 685/892/939 686/896/940 706/930/941 705/929/515
f 686/896/940 687/898/936 707/931/938 706/930/942
f 691/903/18 692/905/377 696/913/943 695/910/944
f 689/901/374 690/902/14 694/908/945 693/906/375
f 690/902/14 691/904/660 695/911/24 694/908/15
f 695/912/946 696/914/947 716/940/512 715/939/948
f 693/907/949 694/909/950 714/938/951 713/937/952
f 694/909/950 695/912/946 715/939/948 714/938/951
f 699/917/553 700/919/383 704/927/317 703/924/796
f 697/915/378 698/916/37 702/922/38 701/920/795
f 698/916/37 699/918/41 703/925/574 702/922/953
f 703/926/954 704/928/955 720/944/956 719/943/957
f 701/921/510 702/923/958 718/942/959 717/941/511
f 702/923/958 703/926/954 719/943/957 718/942/959
f 717/941/960 718/942/961 719/943/962 720/944/963 766/992/964 946/1184/964 945/1183/964 765/991/964 705/929/965 706/930/966 707/931/967 708/932/968 709/933/969 710/934/970 711/935/971 712/936/972 839/1071/973 1019/1263/973 1020/1264/973 840/1072/973 713/937/974 714/938/975 715/939/976 716/940/977
f 704/928/978 722/948/979 766/992/980 720/944/956
f 901/1138/981 721/945/982 765/991/983 945/1183/984
f 672/872/910 740/966/985 798/1028/500 700/919/986
f 919/1157/987 739/965/988 797/1027/500 977/1219/500
f 640/832/989 732/958/990 796/1026/487 668/867/487
f 911/1149/991 731/957/992 795/1025/487 975/1217/487
f 608/792/844 736/962/993 794/1024/994 636/827/995
f 915/1153/996 735/961/997 793/1023/998 973/1215/998
f 576/752/814 742/968/999 792/1022/394 604/787/394
f 921/1159/456 741/967/1000 791/1021/394 971/1213/394
f 544/712/784 762/988/1001 790/1020/1002 572/747/392
f 941/1179/1003 761/987/1000 789/1019/394 969/1211/394
f 512/672/1004 734/960/1001 810/1040/392 540/707/392
f 913/1151/451 733/959/1005 809/1039/392 989/1231/392
f 480/632/394 730/956/394 808/1038/394 508/667/394
f 909/1147/1006 729/955/394 807/1037/394 987/1229/394
f 448/592/1007 728/954/1008 800/1030/394 476/627/394
f 907/1145/444 727/953/1009 799/1029/394 979/1221/394
f 416/552/394 738/964/394 788/1018/394 444/587/394
f 917/1155/394 737/963/394 787/1017/394 967/1209/394
f 384/512/394 724/950/394 806/1036/394 412/547/394
f 903/1141/1006 723/949/1010 805/1035/394 985/1227/394
f 352/472/392 744/970/392 804/1034/392 380/507/392
f 923/1161/392 743/969/392 803/1033/392 983/1225/392
f 320/432/699 726/952/1011 778/1008/418 348/467/646
f 905/1143/1012 725/951/1013 777/1007/418 957/1199/418
f 288/392/392 764/990/392 802/1032/392 316/427/392
f 943/1181/392 763/989/392 801/1031/392 981/1223/392
f 256/352/532 760/986/1014 786/1016/394 284/387/394
f 939/1177/674 759/985/1010 785/1015/394 965/1207/394
f 224/312/1015 758/984/1016 784/1014/418 252/347/418
f 937/1175/1017 757/983/1018 783/1013/418 963/1205/418
f 192/272/394 756/982/394 782/1012/394 220/307/394
f 935/1173/394 755/981/394 781/1011/394 961/1203/394
f 160/232/392 754/980/392 780/1010/392 188/267/392
f 933/1171/392 753/979/392 779/1009/392 959/1201/392
f 128/192/394 752/978/394 776/1006/394 156/227/394
f 931/1169/394 751/977/394 775/1005/394 955/1197/394
f 96/136/532 750/976/1014 774/1003/394 124/186/394
f 929/1167/394 749/975/394 773/1001/394 953/1193/394
f 64/96/392 748/974/392 772/1000/392 92/131/392
f 927/1165/394 747/973/394 771/999/394 951/1191/394
f 32/56/392 746/972/392 770/998/392 60/91/392
f 925/1163/392 745/971/392 769/997/392 949/1189/392
f 685/893/1019 721/946/1020 797/1027/1021 676/877/126
f 902/1139/1022 722/947/1023 798/1028/1024 978/1220/1025
f 653/848/1026 739/965/1027 795/1025/1028 644/837/1029
f 920/1158/1030 740/966/1031 796/1026/1032 976/1218/1033
f 621/808/1034 731/957/1035 793/1023/1036 612/797/118
f 912/1150/1037 732/958/1038 794/1024/1039 974/1216/1040
f 589/768/70 735/961/1041 791/1021/1042 580/757/114
f 916/1154/1043 736/962/1044 792/1022/1045 972/1214/1046
f 557/728/62 741/967/1047 789/1019/1048 548/717/111
f 922/1160/1049 742/968/1050 790/1020/1051 970/1212/1052
f 525/688/1053 761/987/1054 809/1039/1055 516/677/108
f 942/1180/1056 762/988/1057 810/1040/1058 990/1232/1059
f 493/648/1060 733/959/1061 807/1037/1062 484/637/103
f 914/1152/1056 734/960/1057 808/1038/1063 988/1230/1064
f 461/608/1065 729/955/1066 799/1029/1067 452/597/99
f 910/1148/1068 730/956/1069 800/1030/1070 980/1222/1071
f 429/568/84 727/953/1072 787/1017/1073 420/557/1074
f 908/1146/1075 728/954/1076 788/1018/1077 968/1210/1078
f 397/528/1079 737/963/1080 805/1035/1081 388/517/1082
f 918/1156/1075 738/964/1076 806/1036/1083 986/1228/1084
f 365/488/84 723/949/1085 803/1033/1086 356/477/87
f 904/1142/1087 724/950/1088 804/1034/1089 984/1226/1090
f 333/448/140 743/969/140 777/1007/1091 324/437/83
f 924/1162/140 744/970/140 778/1008/1092 958/1200/1093
f 301/408/84 725/951/1085 801/1031/1094 292/397/1095
f 906/1144/1096 726/952/1097 802/1032/1098 982/1224/1099
f 269/368/28 763/989/1100 785/1015/1101 260/357/75
f 944/1182/1102 764/990/1103 786/1016/1104 966/1208/1105
f 237/328/1106 759/985/1107 783/1013/1108 228/317/70
f 940/1178/166 760/986/1097 784/1014/1109 964/1206/1110
f 205/288/63 757/983/1111 781/1011/1112 196/277/1113
f 938/1176/166 758/984/1114 782/1012/1115 962/1204/1116
f 173/248/1117 755/981/1118 779/1009/1119 164/237/1120
f 936/1174/1121 756/982/140 780/1010/1122 960/1202/1123
f 141/208/1124 753/979/140 775/1005/1125 132/197/53
f 934/1172/166 754/980/1126 776/1006/1127 956/1198/1128
f 109/160/1129 751/977/140 773/1001/1130 100/144/1131
f 932/1170/166 752/978/1126 774/1003/1132 954/1195/1133
f 77/112/1129 749/975/1107 771/999/1134 68/101/53
f 930/1168/140 750/976/140 772/1000/1135 952/1192/1136
f 45/72/1124 747/973/1111 769/997/1134 36/61/47
f 928/1166/166 748/974/1126 770/998/1137 950/1190/150
f 21/38/140 745/971/140 767/994/1138 19/35/1053
f 926/1164/1139 746/972/1140 768/996/1141 948/1188/1142
f 684/890/1143 883/1118/1144 839/1071/1145 712/936/931
f 1064/1312/1146 884/1119/1147 840/1072/1148 1020/1264/1149
f 652/847/889 881/1115/1150 837/1069/493 680/882/1151
f 1062/1308/1152 882/1116/1153 838/1070/493 1018/1262/493
f 620/807/1154 879/1113/1155 835/1067/1156 648/842/467
f 1060/1306/1157 880/1114/1158 836/1068/1159 1016/1260/1160
f 588/767/1161 877/1111/1162 833/1065/467 616/802/467
f 1058/1304/465 878/1112/1163 834/1066/467 1014/1258/467
f 556/727/1164 875/1109/1165 831/1063/395 584/762/395
f 1056/1302/1166 876/1110/1167 832/1064/388 1012/1256/388
f 524/687/388 899/1135/388 829/1061/388 552/722/388
f 1080/1328/388 900/1136/388 830/1062/388 1010/1254/388
f 492/647/746 897/1133/1168 855/1087/388 520/682/388
f 1078/1326/388 898/1134/388 856/1088/388 1036/1280/388
f 460/607/765 895/1131/1169 853/1085/395 488/642/395
f 1076/1324/395 896/1132/1170 854/1086/395 1034/1278/395
f 428/567/733 893/1129/1171 851/1083/388 456/602/388
f 1074/1322/1172 894/1130/1173 852/1084/388 1032/1276/388
f 396/527/395 891/1127/395 849/1081/395 424/562/395
f 1072/1320/395 892/1128/395 850/1082/395 1030/1274/395
f 364/487/600 889/1125/1174 847/1079/395 392/522/395
f 1070/1318/395 890/1126/395 848/1080/395 1028/1272/395
f 332/447/519 887/1123/1171 845/1077/388 360/482/388
f 1068/1316/434 888/1124/388 846/1078/388 1026/1270/388
f 300/407/1175 885/1121/1176 843/1075/429 328/442/429
f 1066/1314/1177 886/1122/1178 844/1076/429 1024/1268/429
f 268/367/805 873/1107/395 841/1073/395 296/402/395
f 1054/1300/395 874/1108/395 842/1074/395 1022/1266/395
f 236/327/805 871/1105/395 825/1057/395 264/362/395
f 1052/1298/395 872/1106/1179 826/1058/395 1006/1250/395
f 204/287/1180 869/1103/1181 823/1055/429 232/322/1182
f 1050/1296/1177 870/1104/1178 824/1056/1183 1004/1248/429
f 172/247/776 867/1101/1169 821/1053/388 200/282/388
f 1048/1294/1166 868/1102/1184 822/1054/388 1002/1246/388
f 140/207/395 865/1099/395 819/1051/395 168/242/395
f 1046/1292/395 866/1100/395 820/1052/395 1000/1244/395
f 108/159/395 863/1097/395 817/1049/395 136/202/395
f 1044/1290/388 864/1098/388 818/1050/388 998/1242/388
f 76/111/600 861/1095/1174 815/1045/395 104/153/395
f 1042/1288/395 862/1096/1185 816/1047/395 996/1239/395
f 44/71/388 859/1093/388 813/1043/388 72/106/388
f 1040/1286/388 860/1094/388 814/1044/388 994/1236/388
f 8/14/388 827/1059/388 811/1041/388 40/66/388
f 1008/1252/388 828/1060/388 812/1042/388 992/1234/388
f 680/882/1186 837/1069/1187 883/1117/1188 684/891/928
f 1018/1262/1189 838/1070/1190 884/1120/1191 1064/1311/1192
f 648/842/1193 835/1067/1194 881/1115/1195 652/847/743
f 1016/1260/1196 836/1068/1197 882/1116/1198 1062/1308/1199
f 616/802/859 833/1065/1200 879/1113/1201 620/807/860
f 1014/1258/1202 834/1066/1203 880/1114/1204 1060/1306/1205
f 584/762/819 831/1063/1206 877/1111/1207 588/767/657
f 1012/1256/1208 832/1064/1209 878/1112/1210 1058/1304/1211
f 552/722/803 829/1061/1212 875/1109/1213 556/727/591
f 1010/1254/1214 830/1062/1215 876/1110/1216 1056/1302/1217
f 520/682/1218 855/1087/1219 899/1135/1220 524/687/1221
f 1036/1280/1222 856/1088/1223 900/1136/1224 1080/1328/1225
f 488/642/774 853/1085/1226 897/1133/1227 492/647/775
f 1034/1278/1228 854/1086/1229 898/1134/1230 1078/1326/1231
f 456/602/762 851/1083/1232 895/1131/1233 460/607/763
f 1032/1276/1234 852/1084/1235 896/1132/1236 1076/1324/1237
f 424/562/743 849/1081/1238 893/1129/1239 428/567/744
f 1030/1274/1240 850/1082/1241 894/1130/1242 1074/1322/1243
f 392/522/1244 847/1079/1245 891/1127/1246 396/527/1247
f 1028/1272/1248 848/1080/1249 892/1128/1250 1072/1320/1251
f 360/482/1252 845/1077/1253 889/1125/1246 364/487/1254
f 1026/1270/1255 846/1078/1256 890/1126/1257 1070/1318/1258
f 328/442/1259 843/1075/1260 887/1123/1261 332/447/1254
f 1024/1268/1262 844/1076/1263 888/1124/1264 1068/1316/243
f 296/402/1265 841/1073/1266 885/1121/1267 300/407/678
f 1022/1266/1268 842/1074/1269 886/1122/1270 1066/1314/1271
f 264/362/657 825/1057/1272 873/1107/1273 268/367/1274
f 1006/1250/1275 826/1058/1276 874/1108/1277 1054/1300/1258
f 232/322/657 823/1055/1278 871/1105/133 236/327/133
f 1004/1248/1279 824/1056/1280 872/1106/133 1052/1298/133
f 200/282/599 821/1053/1281 869/1103/1282 204/287/581
f 1002/1246/1279 822/1054/1283 870/1104/1284 1050/1296/155
f 168/242/599 819/1051/1285 867/1101/1286 172/247/614
f 1000/1244/1279 820/1052/1283 868/1102/1287 1048/1294/1288
f 136/202/591 817/1049/1289 865/1099/1286 140/207/581
f 998/1242/1290 818/1050/1291 866/1100/1287 1046/1292/1288
f 104/153/562 815/1045/1292 863/1097/133 108/159/133
f 996/1239/1293 816/1047/1294 864/1098/133 1044/1290/133
f 72/106/562 813/1043/1295 861/1095/1286 76/111/581
f 994/1236/1296 814/1044/1297 862/1096/1270 1042/1288/155
f 40/66/544 811/1041/1298 859/1093/133 44/71/133
f 992/1234/1299 812/1042/1300 860/1094/133 1040/1286/133
f 8/14/133 2/4/1221 857/1090/1301 827/1059/1302
f 1008/1252/1303 1038/1284/1304 858/1092/1305 828/1060/1306
f 745/971/1307 925/1163/1140 947/1186/1308 767/994/1309
f 925/1163/140 926/1164/140 948/1188/1310 947/1186/1142
f 747/973/1311 927/1165/1100 949/1189/1312 769/997/1313
f 927/1165/1121 928/1166/1126 950/1190/1314 949/1189/1315
f 749/975/140 929/1167/1140 951/1191/1312 771/999/1313
f 929/1167/1316 930/1168/1140 952/1192/1317 951/1191/1318
f 751/977/1311 931/1169/1111 953/1193/1319 773/1001/1320
f 753/979/1321 933/1171/1100 955/1197/1319 775/1005/1320
f 755/981/1321 935/1173/1322 959/1201/1323 779/1009/1324
f 757/983/1321 937/1175/1111 961/1203/1325 781/1011/1326
f 759/985/1327 939/1177/1328 963/1205/1329 783/1013/1330
f 939/1177/1331 940/1178/1328 964/1206/1332 963/1205/1333
f 763/989/1311 943/1181/1140 965/1207/1329 785/1015/1330
f 943/1181/1334 944/1182/1328 966/1208/1335 965/1207/1336
f 725/951/1337 905/1143/1338 981/1223/1339 801/1031/1340
f 905/1143/1341 906/1144/1342 982/1224/1343 981/1223/1344
f 743/969/140 923/1161/140 957/1199/1345 777/1007/1346
f 923/1161/140 924/1162/140 958/1200/1347 957/1199/1348
f 723/949/1321 903/1141/1111 983/1225/1349 803/1033/1350
f 903/1141/1351 904/1142/1338 984/1226/1352 983/1225/1353
f 737/963/1354 917/1155/1072 985/1227/1355 805/1035/1356
f 917/1155/1357 918/1156/1076 986/1228/1358 985/1227/1359
f 727/953/1360 907/1145/1072 967/1209/1361 787/1017/1362
f 907/1145/1357 908/1146/1076 968/1210/1363 967/1209/1364
f 729/955/1365 909/1147/1366 979/1221/1367 799/1029/1368
f 909/1147/1369 910/1148/1366 980/1222/1370 979/1221/1371
f 733/959/1365 913/1151/1366 987/1229/1372 807/1037/1373
f 913/1151/1374 914/1152/1375 988/1230/1376 987/1229/1377
f 761/987/1378 941/1179/1379 989/1231/1380 809/1039/1381
f 941/1179/1382 942/1180/1383 990/1232/1384 989/1231/1385
f 741/967/1386 921/1159/1387 969/1211/1388 789/1019/1389
f 921/1159/1390 922/1160/1391 970/1212/1392 969/1211/1393
f 735/961/1394 915/1153/1395 971/1213/1396 791/1021/1397
f 915/1153/1398 916/1154/1399 972/1214/1400 971/1213/1401
f 731/957/1402 911/1149/1403 973/1215/1404 793/1023/1405
f 911/1149/1406 912/1150/1407 974/1216/1408 973/1215/1409
f 739/965/1410 919/1157/1411 975/1217/1412 795/1025/1413
f 919/1157/1414 920/1158/1415 976/1218/1416 975/1217/1417
f 721/946/1418 901/1137/1419 977/1219/1420 797/1027/1421
f 901/1137/1422 902/1139/1423 978/1220/1424 977/1219/1425
f 746/972/392 926/1164/392 950/1190/392 770/998/392
f 926/1164/392 925/1163/392 949/1189/392 950/1190/392
f 748/974/392 928/1166/392 952/1192/392 772/1000/392
f 928/1166/394 927/1165/394 951/1191/394 952/1192/394
f 750/976/556 930/1168/394 954/1195/394 774/1003/394
f 930/1168/1006 929/1167/394 953/1193/394 954/1195/394
f 752/978/394 932/1170/394 956/1198/394 776/1006/394
f 932/1170/394 931/1169/394 955/1197/394 956/1198/394
f 754/980/392 934/1172/392 960/1202/392 780/1010/392
f 934/1172/392 933/1171/392 959/1201/392 960/1202/392
f 756/982/394 936/1174/394 962/1204/394 782/1012/394
f 936/1174/394 935/1173/394 961/1203/394 962/1204/394
f 758/984/1426 938/1176/1427 964/1206/418 784/1014/418
f 938/1176/1428 937/1175/1429 963/1205/418 964/1206/418
f 760/986/741 940/1178/1430 966/1208/394 786/1016/394
f 940/1178/1431 939/1177/1430 965/1207/394 966/1208/394
f 764/990/392 944/1182/392 982/1224/392 802/1032/392
f 944/1182/392 943/1181/392 981/1223/392 982/1224/392
f 726/952/1432 906/1144/1433 958/1200/418 778/1008/418
f 906/1144/1434 905/1143/1435 957/1199/418 958/1200/418
f 744/970/394 924/1162/394 984/1226/394 804/1034/394
f 924/1162/394 923/1161/394 983/1225/394 984/1226/394
f 724/950/392 904/1142/392 986/1228/392 806/1036/392
f 904/1142/392 903/1141/392 985/1227/392 986/1228/392
f 738/964/394 918/1156/394 968/1210/394 788/1018/394
f 918/1156/394 917/1155/394 967/1209/394 968/1210/394
f 728/954/1436 908/1146/1437 980/1222/394 800/1030/394
f 908/1146/1436 907/1145/1438 979/1221/392 980/1222/392
f 730/956/1006 910/1148/394 988/1230/394 808/1038/394
f 910/1148/674 909/1147/1439 987/1229/394 988/1230/394
f 734/960/756 914/1152/1440 990/1232/392 810/1040/392
f 914/1152/756 913/1151/392 989/1231/392 990/1232/392
f 762/988/798 942/1180/1441 970/1212/1002 790/1020/394
f 942/1180/798 941/1179/1442 969/1211/1002 970/1212/392
f 742/968/798 922/1160/1443 972/1214/394 792/1022/394
f 922/1160/1444 921/1159/1445 971/1213/394 972/1214/394
f 736/962/1446 916/1154/1447 974/1216/994 794/1024/1448
f 916/1154/1449 915/1153/1450 973/1215/998 974/1216/998
f 732/958/1451 912/1150/1452 976/1218/487 796/1026/487
f 912/1150/1453 911/1149/1454 975/1217/487 976/1218/487
f 740/966/1455 920/1158/1456 978/1220/500 798/1028/500
f 920/1158/1457 919/1157/1458 977/1219/1459 978/1220/1459
f 722/948/1460 902/1140/1461 946/1184/1462 766/992/1463
f 902/1140/1464 901/1138/1465 945/1183/1466 946/1184/1467
f 827/1059/1303 857/1090/1468 1037/1282/1469 1007/1251/1470
f 1007/1251/133 1037/1282/1471 1038/1284/1469 1008/1252/133
f 811/1041/1472 991/1233/1298 1039/1285/133 859/1093/133
f 991/1233/1473 992/1234/1474 1040/1286/133 1039/1285/133
f 813/1043/1475 993/1235/1298 1041/1287/1476 861/1095/1477
f 993/1235/1478 994/1236/1479 1042/1288/1284 1041/1287/1303
f 815/1045/1475 995/1237/1480 1043/1289/133 863/1097/133
f 995/1237/1478 996/1239/1481 1044/1290/133 1043/1289/133
f 817/1049/1482 997/1241/1483 1045/1291/1484 865/1099/1485
f 997/1241/1486 998/1242/1487 1046/1292/1287 1045/1291/1477
f 819/1051/1488 999/1243/1489 1047/1293/1490 867/1101/1477
f 999/1243/1491 1000/1244/1492 1048/1294/1287 1047/1293/1493
f 821/1053/1494 1001/1245/1495 1049/1295/1496 869/1103/1497
f 1001/1245/1498 1002/1246/1492 1050/1296/133 1049/1295/133
f 823/1055/1499 1003/1247/1500 1051/1297/133 871/1105/133
f 1003/1247/1501 1004/1248/1502 1052/1298/133 1051/1297/133
f 825/1057/1503 1005/1249/1500 1053/1299/1484 873/1107/1303
f 1005/1249/1501 1006/1250/1504 1054/1300/1270 1053/1299/1493
f 841/1073/1505 1021/1265/1506 1065/1313/1507 885/1121/1508
f 1021/1265/1509 1022/1266/1510 1066/1314/1511 1065/1313/1271
f 843/1075/1512 1023/1267/1513 1067/1315/1514 887/1123/1515
f 1023/1267/1516 1024/1268/1517 1068/1316/1518 1067/1315/1519
f 845/1077/1520 1025/1269/1521 1069/1317/1522 889/1125/1515
f 1025/1269/1523 1026/1270/1524 1070/1318/1525 1069/1317/1515
f 847/1079/1526 1027/1271/1527 1071/1319/1528 891/1127/1529
f 1027/1271/1530 1028/1272/1531 1072/1320/1518 1071/1319/1529
f 849/1081/1532 1029/1273/1533 1073/1321/1514 893/1129/1534
f 1029/1273/1535 1030/1274/1536 1074/1322/1537 1073/1321/1243
f 851/1083/1538 1031/1275/1539 1075/1323/1540 895/1131/1541
f 1031/1275/1542 1032/1276/1543 1076/1324/1544 1075/1323/1545
f 853/1085/1546 1033/1277/1547 1077/1325/1548 897/1133/1549
f 1033/1277/1550 1034/1278/1551 1078/1326/1552 1077/1325/1553
f 855/1087/1554 1035/1279/1555 1079/1327/1556 899/1135/1557
f 1035/1279/1558 1036/1280/1559 1080/1328/1560 1079/1327/1561
f 829/1061/1562 1009/1253/1563 1055/1301/1564 875/1109/1565
f 1009/1253/1566 1010/1254/1567 1056/1302/1568 1055/1301/1569
f 831/1063/1570 1011/1255/1571 1057/1303/1572 877/1111/1573
f 1011/1255/1574 1012/1256/1575 1058/1304/1576 1057/1303/1577
f 833/1065/1578 1013/1257/1579 1059/1305/1580 879/1113/1581
f 1013/1257/1582 1014/1258/1583 1060/1306/1584 1059/1305/1585
f 835/1067/1586 1015/1259/1587 1061/1307/1588 881/1115/1589
f 1015/1259/1590 1016/1260/1591 1062/1308/1592 1061/1307/1593
f 837/1069/1594 1017/1261/1595 1063/1309/1596 883/1117/1597
f 1017/1261/1598 1018/1262/1599 1064/1311/1600 1063/1309/1601
f 827/1059/388 1007/1251/388 991/1233/388 811/1041/388
f 1007/1251/388 1008/1252/388 992/1234/388 991/1233/388
f 859/1093/388 1039/1285/388 993/1235/388 813/1043/388
f 1039/1285/388 1040/1286/388 994/1236/388 993/1235/388
f 861/1095/434 1041/1287/1602 995/1237/395 815/1045/395
f 1041/1287/1172 1042/1288/1603 996/1239/395 995/1237/395
f 863/1097/388 1043/1289/388 997/1241/388 817/1049/388
f 1043/1289/388 1044/1290/388 998/1242/388 997/1241/388
f 865/1099/395 1045/1291/395 999/1243/395 819/1051/395
f 1045/1291/395 1046/1292/395 1000/1244/395 999/1243/395
f 867/1101/776 1047/1293/1604 1001/1245/388 821/1053/388
f 1047/1293/403 1048/1294/1605 1002/1246/388 1001/1245/388
f 869/1103/1606 1049/1295/1607 1003/1247/429 823/1055/412
f 1049/1295/1608 1050/1296/1609 1004/1248/1610 1003/1247/412
f 871/1105/395 1051/1297/1611 1005/1249/395 825/1057/395
f 1051/1297/1612 1052/1298/395 1006/1250/395 1005/1249/395
f 873/1107/805 1053/1299/1613 1021/1265/395 841/1073/395
f 1053/1299/1612 1054/1300/1614 1022/1266/395 1021/1265/395
f 885/1121/1606 1065/1313/1615 1023/1267/429 843/1075/429
f 1065/1313/1616 1066/1314/1609 1024/1268/429 1023/1267/429
f 887/1123/388 1067/1315/388 1025/1269/388 845/1077/388
f 1067/1315/388 1068/1316/388 1026/1270/388 1025/1269/388
f 889/1125/658 1069/1317/1602 1027/1271/395 847/1079/395
f 1069/1317/395 1070/1318/395 1028/1272/395 1027/1271/395
f 891/1127/395 1071/1319/395 1029/1273/395 849/1081/395
f 1071/1319/395 1072/1320/395 1030/1274/395 1029/1273/395
f 893/1129/388 1073/1321/1617 1031/1275/388 851/1083/388
f 1073/1321/1172 1074/1322/1614 1032/1276/388 1031/1275/388
f 895/1131/403 1075/1323/395 1033/1277/395 853/1085/395
f 1075/1323/403 1076/1324/395 1034/1278/395 1033/1277/395
f 897/1133/403 1077/1325/1617 1035/1279/388 855/1087/388
f 1077/1325/765 1078/1326/388 1036/1280/388 1035/1279/388
f 899/1135/395 1079/1327/395 1009/1253/395 829/1061/395
f 1079/1327/388 1080/1328/388 1010/1254/388 1009/1253/388
f 875/1109/1618 1055/1301/1619 1011/1255/395 831/1063/395
f 1055/1301/1620 1056/1302/1621 1012/1256/388 1011/1255/388
f 877/1111/1622 1057/1303/1623 1013/1257/467 833/1065/467
f 1057/1303/1624 1058/1304/1625 1014/1258/467 1013/1257/467
f 879/1113/1626 1059/1305/1627 1015/1259/1628 835/1067/1629
f 1059/1305/1630 1060/1306/1631 1016/1260/1632 1015/1259/1633
f 881/1115/1634 1061/1307/1635 1017/1261/493 837/1069/493
f 1061/1307/1636 1062/1308/1637 1018/1262/493 1017/1261/493
f 883/1118/1638 1063/1310/1639 1019/1263/1640 839/1071/1641
f 1063/1310/1642 1064/1312/1643 1020/1264/1644 1019/1263/1645
l 765 839
l 766 840
l 708 717
l 707 718
l 706 719
l 709 716
l 710 715
l 711 714
l 946 1020
l 945 1019
